day_id,user_id,profile,routine
D001,U-0001,flexible,full_body
D001,U-0002,standard,pull
D001,U-0003,standard,pull
D001,U-0004,intense,legs
D001,U-0005,intense,legs
D001,U-0006,express,pull
D001,U-0007,standard,push
D001,U-0008,standard,legs
D001,U-0009,intense,upper
D001,U-0010,intense,legs
D001,U-0011,intense,legs
D001,U-0012,express,legs
D001,U-0013,intense,upper
D001,U-0014,intense,legs
D001,U-0015,intense,legs
D001,U-0016,flexible,full_body
D001,U-0017,intense,pull
D001,U-0018,intense,pull
D001,U-0019,express,push
D001,U-0020,intense,full_body
D001,U-0021,flexible,full_body
D001,U-0022,intense,upper
D001,U-0023,intense,pull
D001,U-0024,intense,upper
D001,U-0025,intense,upper
D001,U-0026,standard,full_body
D001,U-0027,standard,push
D001,U-0028,intense,legs
D001,U-0029,standard,pull
D001,U-0030,flexible,upper
D001,U-0031,standard,upper
D001,U-0032,flexible,push
D001,U-0033,express,push
D001,U-0034,intense,push
D001,U-0035,intense,upper
D001,U-0036,intense,push
D001,U-0037,flexible,push
D001,U-0038,flexible,legs
D001,U-0039,express,push
D001,U-0040,standard,legs
D001,U-0041,intense,full_body
D001,U-0042,standard,legs
D001,U-0043,intense,push
D001,U-0044,flexible,pull
D001,U-0045,intense,pull
D001,U-0046,flexible,upper
D001,U-0047,flexible,pull
D001,U-0048,flexible,push
D001,U-0049,intense,pull
D001,U-0050,flexible,legs
D001,U-0051,standard,upper
D001,U-0052,standard,upper
D001,U-0053,flexible,upper
D001,U-0054,express,legs
D001,U-0055,standard,upper
D001,U-0056,express,pull
D001,U-0057,flexible,legs
D001,U-0058,intense,push
D001,U-0059,standard,pull
D001,U-0060,express,pull
D001,U-0061,intense,push
D001,U-0062,intense,push
D001,U-0063,standard,push
D001,U-0064,flexible,push
D001,U-0065,intense,full_body
D001,U-0066,flexible,legs
D001,U-0067,standard,upper
D001,U-0068,express,upper
D001,U-0069,intense,pull
D001,U-0070,express,legs
D001,U-0071,flexible,full_body
D001,U-0072,express,push
D001,U-0073,intense,upper
D001,U-0074,standard,legs
D001,U-0075,flexible,pull
D001,U-0076,flexible,push
D001,U-0077,flexible,legs
D001,U-0078,express,push
D001,U-0079,intense,upper
D001,U-0080,standard,pull
D001,U-0081,intense,pull
D001,U-0082,express,push
D001,U-0083,standard,full_body
D001,U-0084,flexible,full_body
D001,U-0085,flexible,push
D001,U-0086,flexible,upper
D001,U-0087,standard,full_body
D001,U-0088,flexible,legs
D001,U-0089,flexible,legs
D001,U-0090,flexible,pull
D001,U-0091,standard,upper
D001,U-0092,intense,pull
D001,U-0093,flexible,full_body
D001,U-0094,standard,upper
D001,U-0095,flexible,upper
D001,U-0096,intense,push
D001,U-0097,flexible,legs
D001,U-0098,flexible,full_body
D001,U-0099,standard,legs
D001,U-0100,flexible,upper
D001,U-0101,flexible,full_body
D001,U-0102,standard,legs
D001,U-0103,flexible,upper
D001,U-0104,flexible,upper
D001,U-0105,flexible,upper
D001,U-0106,standard,legs
D001,U-0107,flexible,upper
D001,U-0108,intense,legs
D001,U-0109,standard,pull
D001,U-0110,standard,legs
D001,U-0111,express,legs
D001,U-0112,flexible,push
D001,U-0113,standard,upper
D001,U-0114,flexible,upper
D001,U-0115,standard,upper
D001,U-0116,standard,pull
D001,U-0117,standard,pull
D001,U-0118,flexible,pull
D001,U-0119,standard,upper
D001,U-0120,standard,push
D001,U-0121,intense,upper
D001,U-0122,standard,pull
D001,U-0123,standard,legs
D001,U-0124,standard,legs
D001,U-0125,flexible,upper
D001,U-0126,intense,push
D001,U-0127,express,legs
D001,U-0128,flexible,upper
D001,U-0129,express,push
D001,U-0130,standard,pull
D001,U-0131,intense,legs
D001,U-0132,express,full_body
D001,U-0133,standard,full_body
D001,U-0134,flexible,upper
D001,U-0135,express,upper
D001,U-0136,standard,push
D001,U-0137,express,upper
D001,U-0138,express,push
D001,U-0139,standard,upper
D001,U-0140,express,push
D001,U-0141,flexible,full_body
D001,U-0142,flexible,upper
D001,U-0143,intense,pull
D001,U-0144,flexible,push
D001,U-0145,standard,upper
D001,U-0146,intense,pull
D001,U-0147,express,full_body
D001,U-0148,intense,legs
D001,U-0149,standard,push
D001,U-0150,standard,legs
D001,U-0151,standard,pull
D001,U-0152,express,upper
D001,U-0153,standard,pull
D001,U-0154,standard,upper
D001,U-0155,express,full_body
D001,U-0156,standard,legs
D001,U-0157,express,upper
D001,U-0158,standard,pull
D001,U-0159,standard,upper
D001,U-0160,express,upper
D001,U-0161,flexible,full_body
D001,U-0162,intense,pull
D001,U-0163,intense,upper
D001,U-0164,flexible,upper
D001,U-0165,express,upper
D001,U-0166,flexible,upper
D001,U-0167,standard,legs
D001,U-0168,standard,upper
D001,U-0169,standard,full_body
D001,U-0170,standard,upper
D001,U-0171,flexible,upper
D001,U-0172,standard,full_body
D001,U-0173,flexible,pull
D001,U-0174,intense,push
D001,U-0175,flexible,push
D001,U-0176,standard,upper
D001,U-0177,express,push
D001,U-0178,intense,push
D001,U-0179,flexible,upper
D001,U-0180,express,full_body
D001,U-0181,standard,legs
D001,U-0182,standard,upper
D001,U-0183,flexible,legs
D001,U-0184,flexible,push
D001,U-0185,standard,upper
D001,U-0186,standard,full_body
D001,U-0187,express,legs
D001,U-0188,standard,upper
D001,U-0189,flexible,pull
D001,U-0190,flexible,pull
D001,U-0191,flexible,pull
D001,U-0192,standard,full_body
D001,U-0193,flexible,pull
D001,U-0194,intense,pull
D001,U-0195,standard,pull
D001,U-0196,intense,legs
D001,U-0197,flexible,push
D001,U-0198,standard,push
D001,U-0199,standard,upper
D001,U-0200,flexible,upper
D001,U-0201,intense,upper
D001,U-0202,flexible,upper
D001,U-0203,intense,push
D001,U-0204,flexible,legs
D001,U-0205,flexible,full_body
D001,U-0206,flexible,legs
D001,U-0207,flexible,upper
D001,U-0208,express,pull
D001,U-0209,intense,upper
D001,U-0210,standard,upper
D001,U-0211,express,full_body
D001,U-0212,flexible,upper
D001,U-0213,express,push
D001,U-0214,standard,upper
D001,U-0215,flexible,full_body
D001,U-0216,intense,full_body
D001,U-0217,flexible,full_body
D001,U-0218,flexible,legs
D001,U-0219,intense,push
D001,U-0220,intense,legs
D001,U-0221,flexible,legs
D001,U-0222,flexible,full_body
D001,U-0223,intense,legs
D001,U-0224,express,legs
D001,U-0225,standard,legs
D001,U-0226,standard,push
D001,U-0227,flexible,legs
D001,U-0228,standard,pull
D001,U-0229,express,pull
D001,U-0230,standard,pull
D001,U-0231,intense,push
D001,U-0232,express,pull
D001,U-0233,express,legs
D001,U-0234,intense,upper
D001,U-0235,intense,legs
D001,U-0236,standard,legs
D001,U-0237,express,push
D001,U-0238,flexible,upper
D001,U-0239,standard,push
D001,U-0240,standard,pull
D001,U-0241,express,pull
D001,U-0242,intense,push
D001,U-0243,flexible,full_body
D001,U-0244,express,pull
D001,U-0245,flexible,full_body
D001,U-0246,express,upper
D001,U-0247,flexible,full_body
D001,U-0248,standard,upper
D001,U-0249,intense,legs
D001,U-0250,standard,upper
D001,U-0251,intense,legs
D001,U-0252,intense,legs
D001,U-0253,express,push
D001,U-0254,intense,push
D001,U-0255,flexible,full_body
D001,U-0256,standard,pull
D001,U-0257,flexible,legs
D001,U-0258,flexible,legs
D001,U-0259,standard,upper
D001,U-0260,intense,legs
D001,U-0261,express,upper
D001,U-0262,flexible,upper
D001,U-0263,intense,legs
D001,U-0264,flexible,push
D001,U-0265,standard,legs
D001,U-0266,flexible,legs
D001,U-0267,standard,legs
D001,U-0268,flexible,push
D001,U-0269,flexible,full_body
D001,U-0270,standard,legs
D001,U-0271,standard,legs
D001,U-0272,flexible,push
D001,U-0273,flexible,pull
D001,U-0274,express,full_body
D001,U-0275,flexible,full_body
D001,U-0276,flexible,full_body
D001,U-0277,flexible,legs
D001,U-0278,intense,pull
D001,U-0279,intense,push
D001,U-0280,flexible,full_body
D001,U-0281,intense,pull
D001,U-0282,flexible,legs
D001,U-0283,flexible,push
D001,U-0284,express,pull
D001,U-0285,flexible,push
D001,U-0286,flexible,upper
D001,U-0287,express,pull
D001,U-0288,intense,pull
D001,U-0289,intense,pull
D001,U-0290,express,pull
D001,U-0291,standard,push
D001,U-0292,intense,upper
D001,U-0293,standard,upper
D001,U-0294,intense,pull
D001,U-0295,intense,pull
D001,U-0296,flexible,legs
D001,U-0297,express,legs
D001,U-0298,intense,push
D001,U-0299,express,push
D001,U-0300,standard,pull
D001,U-0301,flexible,upper
D001,U-0302,express,pull
D001,U-0303,standard,legs
D001,U-0304,standard,push
D001,U-0305,flexible,legs
D001,U-0306,standard,push
D001,U-0307,flexible,pull
D001,U-0308,flexible,legs
D001,U-0309,standard,pull
D001,U-0310,standard,push
D001,U-0311,intense,legs
D001,U-0312,standard,push
D001,U-0313,standard,push
D001,U-0314,express,legs
D001,U-0315,flexible,full_body
D001,U-0316,intense,pull
D001,U-0317,express,pull
D001,U-0318,express,upper
D001,U-0319,express,full_body
D001,U-0320,intense,pull
D001,U-0321,intense,upper
D001,U-0322,flexible,legs
D001,U-0323,intense,upper
D001,U-0324,intense,push
D001,U-0325,intense,push
D001,U-0326,express,upper
D001,U-0327,intense,pull
D001,U-0328,standard,push
D001,U-0329,flexible,pull
D001,U-0330,flexible,legs
D001,U-0331,express,upper
D001,U-0332,standard,legs
D001,U-0333,standard,full_body
D001,U-0334,standard,push
D001,U-0335,standard,pull
D001,U-0336,standard,upper
D001,U-0337,flexible,upper
D001,U-0338,flexible,upper
D001,U-0339,standard,legs
D001,U-0340,express,upper
D001,U-0341,flexible,pull
D001,U-0342,intense,legs
D001,U-0343,standard,legs
D001,U-0344,intense,pull
D001,U-0345,intense,push
D001,U-0346,flexible,upper
D001,U-0347,flexible,push
D001,U-0348,intense,legs
D001,U-0349,flexible,full_body
D001,U-0350,flexible,upper
D001,U-0351,intense,legs
D001,U-0352,standard,legs
D001,U-0353,flexible,push
D001,U-0354,flexible,full_body
D001,U-0355,express,full_body
D001,U-0356,standard,pull
D001,U-0357,standard,push
D001,U-0358,intense,legs
D001,U-0359,intense,pull
D001,U-0360,express,pull
D001,U-0361,flexible,upper
D001,U-0362,express,full_body
D001,U-0363,standard,legs
D001,U-0364,flexible,push
D001,U-0365,flexible,upper
D001,U-0366,flexible,upper
D001,U-0367,intense,pull
D001,U-0368,express,legs
D001,U-0369,flexible,upper
D001,U-0370,intense,legs
D001,U-0371,express,full_body
D001,U-0372,standard,full_body
D001,U-0373,standard,full_body
D001,U-0374,standard,pull
D001,U-0375,standard,pull
D001,U-0376,standard,legs
D001,U-0377,flexible,upper
D001,U-0378,intense,legs
D001,U-0379,flexible,push
D001,U-0380,standard,upper
D001,U-0381,flexible,full_body
D001,U-0382,express,legs
D001,U-0383,intense,legs
D001,U-0384,standard,push
D001,U-0385,standard,full_body
D001,U-0386,intense,pull
D001,U-0387,express,upper
D001,U-0388,intense,full_body
D001,U-0389,intense,legs
D001,U-0390,intense,legs
D001,U-0391,intense,legs
D001,U-0392,standard,push
D001,U-0393,intense,pull
D001,U-0394,standard,push
D001,U-0395,standard,push
D001,U-0396,standard,push
D001,U-0397,express,full_body
D001,U-0398,flexible,upper
D001,U-0399,standard,pull
D001,U-0400,intense,push
D001,U-0401,flexible,full_body
D001,U-0402,intense,legs
D001,U-0403,flexible,push
D001,U-0404,express,upper
D001,U-0405,standard,legs
D001,U-0406,intense,upper
D001,U-0407,intense,legs
D001,U-0408,flexible,upper
D001,U-0409,flexible,push
D001,U-0410,intense,full_body
D001,U-0411,standard,full_body
D001,U-0412,express,pull
D001,U-0413,standard,pull
D001,U-0414,standard,push
D001,U-0415,express,upper
D001,U-0416,standard,legs
D001,U-0417,intense,push
D001,U-0418,standard,full_body
D001,U-0419,flexible,full_body
D001,U-0420,express,upper
D002,U-0001,intense,pull
D002,U-0002,standard,pull
D002,U-0003,standard,upper
D002,U-0004,express,upper
D002,U-0005,flexible,upper
D002,U-0006,standard,push
D002,U-0007,express,push
D002,U-0008,standard,full_body
D002,U-0009,flexible,full_body
D002,U-0010,standard,push
D002,U-0011,intense,push
D002,U-0012,flexible,upper
D002,U-0013,standard,upper
D002,U-0014,standard,pull
D002,U-0015,intense,push
D002,U-0016,intense,legs
D002,U-0017,intense,legs
D002,U-0018,express,legs
D002,U-0019,flexible,legs
D002,U-0020,express,upper
D002,U-0021,standard,upper
D002,U-0022,express,full_body
D002,U-0023,standard,pull
D002,U-0024,flexible,upper
D002,U-0025,intense,upper
D002,U-0026,intense,upper
D002,U-0027,flexible,upper
D002,U-0028,flexible,push
D002,U-0029,intense,pull
D002,U-0030,standard,upper
D002,U-0031,intense,pull
D002,U-0032,flexible,full_body
D002,U-0033,standard,push
D002,U-0034,intense,legs
D002,U-0035,flexible,legs
D002,U-0036,flexible,full_body
D002,U-0037,flexible,full_body
D002,U-0038,standard,legs
D002,U-0039,flexible,full_body
D002,U-0040,standard,upper
D002,U-0041,intense,pull
D002,U-0042,flexible,full_body
D002,U-0043,intense,pull
D002,U-0044,standard,pull
D002,U-0045,express,upper
D002,U-0046,flexible,legs
D002,U-0047,flexible,pull
D002,U-0048,standard,upper
D002,U-0049,intense,pull
D002,U-0050,express,legs
D002,U-0051,express,legs
D002,U-0052,intense,push
D002,U-0053,standard,pull
D002,U-0054,flexible,upper
D002,U-0055,intense,pull
D002,U-0056,standard,full_body
D002,U-0057,intense,legs
D002,U-0058,standard,push
D002,U-0059,flexible,upper
D002,U-0060,flexible,push
D002,U-0061,flexible,legs
D002,U-0062,express,full_body
D002,U-0063,express,legs
D002,U-0064,express,upper
D002,U-0065,standard,upper
D002,U-0066,intense,pull
D002,U-0067,standard,pull
D002,U-0068,intense,legs
D002,U-0069,flexible,full_body
D002,U-0070,express,upper
D002,U-0071,flexible,full_body
D002,U-0072,express,pull
D002,U-0073,standard,full_body
D002,U-0074,flexible,upper
D002,U-0075,intense,pull
D002,U-0076,intense,pull
D002,U-0077,standard,legs
D002,U-0078,intense,legs
D002,U-0079,express,pull
D002,U-0080,express,legs
D002,U-0081,standard,pull
D002,U-0082,standard,legs
D002,U-0083,standard,legs
D002,U-0084,express,upper
D002,U-0085,standard,upper
D002,U-0086,standard,legs
D002,U-0087,intense,push
D002,U-0088,express,pull
D002,U-0089,standard,push
D002,U-0090,standard,push
D002,U-0091,intense,legs
D002,U-0092,express,pull
D002,U-0093,flexible,upper
D002,U-0094,flexible,pull
D002,U-0095,intense,push
D002,U-0096,express,upper
D002,U-0097,express,legs
D002,U-0098,standard,legs
D002,U-0099,standard,full_body
D002,U-0100,intense,push
D002,U-0101,flexible,upper
D002,U-0102,standard,upper
D002,U-0103,standard,full_body
D002,U-0104,intense,pull
D002,U-0105,express,upper
D002,U-0106,flexible,full_body
D002,U-0107,flexible,full_body
D002,U-0108,flexible,upper
D002,U-0109,intense,legs
D002,U-0110,intense,push
D002,U-0111,intense,push
D002,U-0112,standard,legs
D002,U-0113,flexible,push
D002,U-0114,standard,push
D002,U-0115,intense,push
D002,U-0116,express,upper
D002,U-0117,flexible,push
D002,U-0118,express,push
D002,U-0119,flexible,full_body
D002,U-0120,flexible,pull
D002,U-0121,intense,upper
D002,U-0122,intense,push
D002,U-0123,express,upper
D002,U-0124,express,full_body
D002,U-0125,standard,legs
D002,U-0126,intense,legs
D002,U-0127,flexible,full_body
D002,U-0128,flexible,push
D002,U-0129,flexible,full_body
D002,U-0130,flexible,pull
D002,U-0131,flexible,push
D002,U-0132,flexible,push
D002,U-0133,flexible,full_body
D002,U-0134,intense,push
D002,U-0135,standard,pull
D002,U-0136,standard,upper
D002,U-0137,intense,upper
D002,U-0138,express,legs
D002,U-0139,flexible,full_body
D002,U-0140,intense,push
D002,U-0141,standard,legs
D002,U-0142,intense,legs
D002,U-0143,intense,full_body
D002,U-0144,express,pull
D002,U-0145,intense,upper
D002,U-0146,express,pull
D002,U-0147,standard,pull
D002,U-0148,intense,push
D002,U-0149,intense,pull
D002,U-0150,standard,pull
D002,U-0151,intense,legs
D002,U-0152,intense,pull
D002,U-0153,flexible,full_body
D002,U-0154,express,full_body
D002,U-0155,standard,legs
D002,U-0156,flexible,upper
D002,U-0157,standard,pull
D002,U-0158,flexible,full_body
D002,U-0159,intense,full_body
D002,U-0160,express,pull
D002,U-0161,standard,pull
D002,U-0162,standard,upper
D002,U-0163,standard,full_body
D002,U-0164,flexible,push
D002,U-0165,intense,push
D002,U-0166,standard,push
D002,U-0167,intense,pull
D002,U-0168,flexible,upper
D002,U-0169,intense,legs
D002,U-0170,intense,push
D002,U-0171,flexible,upper
D002,U-0172,intense,push
D002,U-0173,intense,legs
D002,U-0174,intense,upper
D002,U-0175,standard,full_body
D002,U-0176,intense,legs
D002,U-0177,intense,upper
D002,U-0178,flexible,upper
D002,U-0179,flexible,full_body
D002,U-0180,standard,push
D002,U-0181,express,upper
D002,U-0182,flexible,push
D002,U-0183,intense,pull
D002,U-0184,flexible,upper
D002,U-0185,intense,legs
D002,U-0186,standard,upper
D002,U-0187,flexible,legs
D002,U-0188,flexible,upper
D002,U-0189,flexible,full_body
D002,U-0190,flexible,push
D002,U-0191,standard,push
D002,U-0192,express,full_body
D002,U-0193,flexible,pull
D002,U-0194,standard,pull
D002,U-0195,intense,full_body
D002,U-0196,intense,upper
D002,U-0197,express,upper
D002,U-0198,express,push
D002,U-0199,standard,upper
D002,U-0200,express,pull
D002,U-0201,standard,push
D002,U-0202,flexible,full_body
D002,U-0203,express,pull
D002,U-0204,intense,push
D002,U-0205,express,full_body
D002,U-0206,standard,legs
D002,U-0207,standard,full_body
D002,U-0208,flexible,push
D002,U-0209,flexible,full_body
D002,U-0210,standard,pull
D002,U-0211,intense,push
D002,U-0212,standard,full_body
D002,U-0213,intense,legs
D002,U-0214,standard,upper
D002,U-0215,flexible,pull
D002,U-0216,flexible,push
D002,U-0217,intense,push
D002,U-0218,flexible,pull
D002,U-0219,standard,legs
D002,U-0220,standard,legs
D002,U-0221,intense,full_body
D002,U-0222,intense,push
D002,U-0223,standard,upper
D002,U-0224,flexible,push
D002,U-0225,intense,upper
D002,U-0226,flexible,full_body
D002,U-0227,standard,push
D002,U-0228,intense,pull
D002,U-0229,flexible,upper
D002,U-0230,standard,upper
D002,U-0231,intense,full_body
D002,U-0232,flexible,upper
D002,U-0233,standard,legs
D002,U-0234,intense,legs
D002,U-0235,standard,legs
D002,U-0236,express,legs
D002,U-0237,flexible,push
D002,U-0238,intense,legs
D002,U-0239,intense,pull
D002,U-0240,standard,upper
D002,U-0241,flexible,upper
D002,U-0242,flexible,upper
D002,U-0243,flexible,upper
D002,U-0244,standard,pull
D002,U-0245,flexible,upper
D002,U-0246,flexible,upper
D002,U-0247,flexible,full_body
D002,U-0248,flexible,upper
D002,U-0249,standard,push
D002,U-0250,flexible,pull
D002,U-0251,intense,pull
D002,U-0252,intense,legs
D002,U-0253,express,push
D002,U-0254,intense,upper
D002,U-0255,express,push
D002,U-0256,intense,legs
D002,U-0257,express,upper
D002,U-0258,flexible,full_body
D002,U-0259,flexible,legs
D002,U-0260,intense,pull
D002,U-0261,standard,upper
D002,U-0262,intense,push
D002,U-0263,standard,full_body
D002,U-0264,intense,legs
D002,U-0265,standard,legs
D002,U-0266,express,legs
D002,U-0267,flexible,upper
D002,U-0268,standard,pull
D002,U-0269,flexible,full_body
D002,U-0270,express,legs
D002,U-0271,intense,upper
D002,U-0272,flexible,legs
D002,U-0273,intense,upper
D002,U-0274,flexible,pull
D002,U-0275,intense,legs
D002,U-0276,standard,full_body
D002,U-0277,flexible,pull
D002,U-0278,flexible,pull
D002,U-0279,flexible,full_body
D002,U-0280,standard,full_body
D002,U-0281,flexible,full_body
D002,U-0282,standard,full_body
D002,U-0283,flexible,pull
D002,U-0284,standard,legs
D002,U-0285,intense,legs
D002,U-0286,express,upper
D002,U-0287,intense,upper
D002,U-0288,flexible,pull
D002,U-0289,flexible,full_body
D002,U-0290,flexible,legs
D002,U-0291,standard,push
D002,U-0292,express,push
D002,U-0293,express,legs
D002,U-0294,express,upper
D002,U-0295,express,full_body
D002,U-0296,flexible,upper
D002,U-0297,intense,legs
D002,U-0298,flexible,upper
D002,U-0299,flexible,legs
D002,U-0300,flexible,upper
D002,U-0301,intense,legs
D002,U-0302,express,pull
D002,U-0303,flexible,pull
D002,U-0304,intense,push
D002,U-0305,standard,legs
D002,U-0306,flexible,upper
D002,U-0307,standard,pull
D002,U-0308,flexible,upper
D002,U-0309,flexible,upper
D002,U-0310,flexible,pull
D002,U-0311,standard,legs
D002,U-0312,flexible,upper
D002,U-0313,standard,push
D002,U-0314,flexible,full_body
D002,U-0315,intense,push
D002,U-0316,standard,pull
D002,U-0317,intense,upper
D002,U-0318,standard,full_body
D002,U-0319,standard,pull
D002,U-0320,flexible,upper
D002,U-0321,flexible,legs
D002,U-0322,intense,legs
D002,U-0323,standard,full_body
D002,U-0324,standard,push
D003,U-0001,express,full_body
D003,U-0002,flexible,push
D003,U-0003,standard,push
D003,U-0004,standard,full_body
D003,U-0005,flexible,pull
D003,U-0006,express,upper
D003,U-0007,standard,pull
D003,U-0008,flexible,legs
D003,U-0009,flexible,push
D003,U-0010,intense,pull
D003,U-0011,intense,full_body
D003,U-0012,express,pull
D003,U-0013,flexible,legs
D003,U-0014,standard,legs
D003,U-0015,intense,legs
D003,U-0016,flexible,upper
D003,U-0017,flexible,legs
D003,U-0018,standard,upper
D003,U-0019,standard,legs
D003,U-0020,standard,pull
D003,U-0021,intense,pull
D003,U-0022,flexible,legs
D003,U-0023,standard,legs
D003,U-0024,standard,upper
D003,U-0025,express,pull
D003,U-0026,intense,legs
D003,U-0027,flexible,legs
D003,U-0028,flexible,full_body
D003,U-0029,flexible,upper
D003,U-0030,intense,pull
D003,U-0031,intense,pull
D003,U-0032,express,upper
D003,U-0033,express,pull
D003,U-0034,standard,push
D003,U-0035,express,legs
D003,U-0036,standard,push
D003,U-0037,flexible,upper
D003,U-0038,express,legs
D003,U-0039,standard,pull
D003,U-0040,express,push
D003,U-0041,standard,legs
D003,U-0042,flexible,full_body
D003,U-0043,standard,upper
D003,U-0044,flexible,upper
D003,U-0045,express,upper
D003,U-0046,flexible,legs
D003,U-0047,standard,upper
D003,U-0048,standard,legs
D003,U-0049,intense,push
D003,U-0050,flexible,upper
D003,U-0051,intense,pull
D003,U-0052,express,full_body
D003,U-0053,flexible,push
D003,U-0054,flexible,full_body
D003,U-0055,flexible,full_body
D003,U-0056,flexible,legs
D003,U-0057,express,upper
D003,U-0058,flexible,push
D003,U-0059,flexible,upper
D003,U-0060,flexible,upper
D003,U-0061,flexible,full_body
D003,U-0062,standard,upper
D003,U-0063,standard,legs
D003,U-0064,standard,push
D003,U-0065,express,full_body
D003,U-0066,intense,legs
D003,U-0067,flexible,full_body
D003,U-0068,intense,upper
D003,U-0069,intense,legs
D003,U-0070,intense,pull
D003,U-0071,intense,legs
D003,U-0072,express,push
D003,U-0073,intense,pull
D003,U-0074,express,pull
D003,U-0075,flexible,legs
D003,U-0076,intense,pull
D003,U-0077,standard,legs
D003,U-0078,flexible,pull
D003,U-0079,express,upper
D003,U-0080,flexible,full_body
D003,U-0081,flexible,full_body
D003,U-0082,flexible,full_body
D003,U-0083,standard,legs
D003,U-0084,express,pull
D003,U-0085,standard,upper
D003,U-0086,flexible,upper
D003,U-0087,flexible,full_body
D003,U-0088,intense,upper
D003,U-0089,standard,upper
D003,U-0090,intense,legs
D003,U-0091,standard,pull
D003,U-0092,intense,legs
D003,U-0093,intense,push
D003,U-0094,intense,full_body
D003,U-0095,standard,legs
D003,U-0096,flexible,upper
D003,U-0097,intense,push
D003,U-0098,intense,push
D003,U-0099,flexible,push
D003,U-0100,standard,upper
D003,U-0101,flexible,upper
D003,U-0102,flexible,legs
D003,U-0103,flexible,legs
D003,U-0104,standard,upper
D003,U-0105,standard,push
D003,U-0106,intense,legs
D003,U-0107,standard,push
D003,U-0108,intense,push
D003,U-0109,standard,upper
D003,U-0110,intense,upper
D003,U-0111,flexible,pull
D003,U-0112,flexible,full_body
D003,U-0113,flexible,upper
D003,U-0114,express,push
D003,U-0115,standard,full_body
D003,U-0116,intense,pull
D003,U-0117,flexible,full_body
D003,U-0118,standard,upper
D003,U-0119,flexible,push
D003,U-0120,standard,pull
D003,U-0121,intense,push
D003,U-0122,intense,push
D003,U-0123,intense,legs
D003,U-0124,flexible,upper
D003,U-0125,intense,upper
D003,U-0126,standard,pull
D003,U-0127,flexible,full_body
D003,U-0128,intense,legs
D003,U-0129,express,upper
D003,U-0130,intense,pull
D003,U-0131,standard,pull
D003,U-0132,flexible,push
D003,U-0133,flexible,upper
D003,U-0134,express,full_body
D003,U-0135,standard,push
D003,U-0136,intense,upper
D003,U-0137,intense,upper
D003,U-0138,flexible,push
D003,U-0139,intense,full_body
D003,U-0140,intense,full_body
D003,U-0141,flexible,pull
D003,U-0142,standard,legs
D003,U-0143,intense,full_body
D003,U-0144,intense,pull
D003,U-0145,standard,pull
D003,U-0146,intense,push
D003,U-0147,flexible,pull
D003,U-0148,express,pull
D003,U-0149,intense,full_body
D003,U-0150,flexible,full_body
D003,U-0151,express,push
D003,U-0152,standard,legs
D003,U-0153,intense,push
D003,U-0154,flexible,legs
D003,U-0155,express,upper
D003,U-0156,flexible,legs
D003,U-0157,intense,legs
D003,U-0158,flexible,full_body
D003,U-0159,flexible,upper
D003,U-0160,intense,push
D003,U-0161,flexible,pull
D003,U-0162,standard,legs
D003,U-0163,intense,full_body
D003,U-0164,intense,upper
D003,U-0165,standard,legs
D003,U-0166,intense,upper
D003,U-0167,intense,push
D003,U-0168,intense,upper
D003,U-0169,intense,pull
D003,U-0170,flexible,legs
D003,U-0171,express,upper
D003,U-0172,flexible,push
D003,U-0173,standard,legs
D003,U-0174,intense,push
D003,U-0175,flexible,full_body
D003,U-0176,standard,full_body
D003,U-0177,flexible,upper
D003,U-0178,standard,pull
D003,U-0179,standard,legs
D003,U-0180,standard,upper
D003,U-0181,flexible,upper
D003,U-0182,intense,pull
D003,U-0183,intense,push
D003,U-0184,intense,legs
D003,U-0185,intense,pull
D003,U-0186,standard,upper
D003,U-0187,intense,legs
D003,U-0188,intense,full_body
D003,U-0189,flexible,upper
D003,U-0190,intense,push
D003,U-0191,standard,pull
D003,U-0192,express,pull
D003,U-0193,express,upper
D003,U-0194,standard,full_body
D003,U-0195,express,full_body
D003,U-0196,standard,full_body
D003,U-0197,flexible,legs
D003,U-0198,standard,legs
D003,U-0199,intense,full_body
D003,U-0200,express,push
D003,U-0201,intense,push
D003,U-0202,standard,upper
D003,U-0203,flexible,upper
D003,U-0204,flexible,push
D003,U-0205,flexible,legs
D003,U-0206,express,upper
D003,U-0207,express,pull
D003,U-0208,standard,pull
D003,U-0209,standard,push
D003,U-0210,flexible,full_body
D003,U-0211,intense,upper
D003,U-0212,intense,legs
D003,U-0213,standard,legs
D003,U-0214,express,full_body
D003,U-0215,express,full_body
D003,U-0216,express,push
D003,U-0217,flexible,push
D003,U-0218,flexible,upper
D003,U-0219,flexible,upper
D003,U-0220,intense,pull
D003,U-0221,flexible,pull
D003,U-0222,intense,push
D003,U-0223,intense,pull
D003,U-0224,standard,pull
D003,U-0225,express,push
D003,U-0226,flexible,upper
D003,U-0227,intense,pull
D003,U-0228,standard,pull
D003,U-0229,intense,pull
D003,U-0230,flexible,pull
D003,U-0231,standard,pull
D003,U-0232,express,full_body
D003,U-0233,standard,pull
D003,U-0234,intense,legs
D003,U-0235,standard,full_body
D003,U-0236,flexible,upper
D003,U-0237,express,legs
D003,U-0238,flexible,push
D003,U-0239,standard,push
D003,U-0240,intense,pull
D003,U-0241,flexible,full_body
D003,U-0242,flexible,upper
D003,U-0243,standard,legs
D003,U-0244,standard,push
D003,U-0245,standard,legs
D003,U-0246,flexible,upper
D003,U-0247,intense,push
D003,U-0248,express,full_body
D003,U-0249,flexible,upper
D003,U-0250,standard,pull
D003,U-0251,flexible,full_body
D003,U-0252,intense,full_body
D003,U-0253,flexible,push
D003,U-0254,intense,push
D003,U-0255,flexible,upper
D003,U-0256,flexible,upper
D003,U-0257,express,pull
D003,U-0258,standard,push
D003,U-0259,express,upper
D003,U-0260,flexible,push
D003,U-0261,standard,pull
D003,U-0262,flexible,upper
D003,U-0263,standard,legs
D003,U-0264,intense,pull
D003,U-0265,flexible,full_body
D003,U-0266,express,pull
D003,U-0267,express,upper
D003,U-0268,intense,pull
D003,U-0269,intense,legs
D003,U-0270,flexible,full_body
D003,U-0271,standard,pull
D003,U-0272,intense,pull
D003,U-0273,express,upper
D003,U-0274,intense,upper
D003,U-0275,flexible,pull
D003,U-0276,intense,full_body
D003,U-0277,flexible,full_body
D003,U-0278,standard,push
D003,U-0279,intense,legs
D003,U-0280,flexible,full_body
D003,U-0281,intense,upper
D003,U-0282,intense,pull
D003,U-0283,flexible,pull
D003,U-0284,flexible,push
D003,U-0285,standard,pull
D003,U-0286,intense,legs
D003,U-0287,flexible,push
D003,U-0288,intense,legs
D003,U-0289,flexible,legs
D003,U-0290,standard,full_body
D003,U-0291,intense,pull
D003,U-0292,flexible,full_body
D003,U-0293,intense,legs
D003,U-0294,flexible,pull
D003,U-0295,standard,upper
D003,U-0296,flexible,upper
D003,U-0297,intense,upper
D003,U-0298,standard,pull
D003,U-0299,intense,legs
D003,U-0300,intense,push
D003,U-0301,flexible,full_body
D003,U-0302,intense,legs
D003,U-0303,flexible,legs
D003,U-0304,intense,pull
D003,U-0305,express,pull
D003,U-0306,standard,push
D003,U-0307,intense,full_body
D003,U-0308,intense,legs
D003,U-0309,intense,legs
D003,U-0310,flexible,pull
D003,U-0311,standard,upper
D003,U-0312,standard,upper
D003,U-0313,flexible,upper
D003,U-0314,intense,pull
D003,U-0315,intense,pull
D003,U-0316,flexible,legs
D003,U-0317,intense,pull
D003,U-0318,express,pull
D003,U-0319,express,full_body
D003,U-0320,standard,upper
D003,U-0321,flexible,push
D003,U-0322,flexible,full_body
D003,U-0323,flexible,upper
D003,U-0324,express,upper
D003,U-0325,intense,pull
D003,U-0326,intense,push
D003,U-0327,intense,pull
D003,U-0328,express,pull
D003,U-0329,standard,full_body
D003,U-0330,intense,legs
D003,U-0331,express,legs
D003,U-0332,flexible,upper
D003,U-0333,standard,legs
D003,U-0334,express,upper
D003,U-0335,standard,upper
D003,U-0336,standard,full_body
D003,U-0337,standard,push
D003,U-0338,flexible,push
D003,U-0339,express,upper
D003,U-0340,intense,push
D003,U-0341,standard,upper
D003,U-0342,intense,push
D003,U-0343,intense,legs
D003,U-0344,flexible,upper
D003,U-0345,standard,full_body
D003,U-0346,intense,legs
D003,U-0347,flexible,pull
D003,U-0348,standard,push
D003,U-0349,express,pull
D003,U-0350,standard,full_body
D003,U-0351,flexible,push
D003,U-0352,intense,legs
D003,U-0353,standard,push
D003,U-0354,standard,push
D003,U-0355,flexible,legs
D003,U-0356,standard,push
D003,U-0357,standard,push
D003,U-0358,flexible,full_body
D003,U-0359,intense,push
D003,U-0360,flexible,legs
D003,U-0361,flexible,upper
D003,U-0362,intense,upper
D003,U-0363,flexible,upper
D003,U-0364,intense,legs
D003,U-0365,standard,push
D003,U-0366,intense,upper
D004,U-0001,express,legs
D004,U-0002,intense,pull
D004,U-0003,intense,upper
D004,U-0004,standard,full_body
D004,U-0005,express,pull
D004,U-0006,flexible,full_body
D004,U-0007,intense,legs
D004,U-0008,standard,legs
D004,U-0009,intense,push
D004,U-0010,standard,upper
D004,U-0011,intense,legs
D004,U-0012,flexible,full_body
D004,U-0013,standard,legs
D004,U-0014,flexible,full_body
D004,U-0015,standard,push
D004,U-0016,flexible,full_body
D004,U-0017,intense,push
D004,U-0018,standard,upper
D004,U-0019,intense,upper
D004,U-0020,flexible,upper
D004,U-0021,standard,upper
D004,U-0022,express,push
D004,U-0023,intense,pull
D004,U-0024,express,full_body
D004,U-0025,express,full_body
D004,U-0026,standard,legs
D004,U-0027,flexible,full_body
D004,U-0028,intense,legs
D004,U-0029,standard,push
D004,U-0030,standard,upper
D004,U-0031,express,pull
D004,U-0032,flexible,push
D004,U-0033,standard,full_body
D004,U-0034,express,pull
D004,U-0035,express,upper
D004,U-0036,flexible,upper
D004,U-0037,standard,full_body
D004,U-0038,intense,upper
D004,U-0039,flexible,full_body
D004,U-0040,express,pull
D004,U-0041,standard,push
D004,U-0042,flexible,pull
D004,U-0043,flexible,upper
D004,U-0044,standard,legs
D004,U-0045,standard,push
D004,U-0046,standard,upper
D004,U-0047,standard,upper
D004,U-0048,express,full_body
D004,U-0049,intense,legs
D004,U-0050,intense,legs
D004,U-0051,flexible,full_body
D004,U-0052,standard,upper
D004,U-0053,express,upper
D004,U-0054,express,legs
D004,U-0055,standard,push
D004,U-0056,intense,pull
D004,U-0057,standard,upper
D004,U-0058,intense,upper
D004,U-0059,intense,push
D004,U-0060,standard,full_body
D004,U-0061,flexible,upper
D004,U-0062,express,upper
D004,U-0063,flexible,full_body
D004,U-0064,standard,pull
D004,U-0065,flexible,full_body
D004,U-0066,standard,legs
D004,U-0067,standard,push
D004,U-0068,intense,pull
D004,U-0069,flexible,full_body
D004,U-0070,intense,push
D004,U-0071,express,upper
D004,U-0072,flexible,pull
D004,U-0073,standard,pull
D004,U-0074,flexible,full_body
D004,U-0075,intense,push
D004,U-0076,intense,legs
D004,U-0077,intense,legs
D004,U-0078,standard,legs
D004,U-0079,flexible,full_body
D004,U-0080,flexible,upper
D004,U-0081,intense,full_body
D004,U-0082,flexible,full_body
D004,U-0083,flexible,push
D004,U-0084,intense,upper
D004,U-0085,standard,full_body
D004,U-0086,standard,push
D004,U-0087,flexible,full_body
D004,U-0088,flexible,legs
D004,U-0089,flexible,full_body
D004,U-0090,express,full_body
D004,U-0091,flexible,upper
D004,U-0092,express,upper
D004,U-0093,standard,upper
D004,U-0094,express,upper
D004,U-0095,intense,legs
D004,U-0096,express,upper
D004,U-0097,express,upper
D004,U-0098,flexible,pull
D004,U-0099,intense,legs
D004,U-0100,standard,upper
D004,U-0101,intense,push
D004,U-0102,intense,legs
D004,U-0103,flexible,push
D004,U-0104,express,legs
D004,U-0105,standard,full_body
D004,U-0106,flexible,pull
D004,U-0107,standard,pull
D004,U-0108,intense,legs
D004,U-0109,express,legs
D004,U-0110,express,push
D004,U-0111,flexible,full_body
D004,U-0112,intense,legs
D004,U-0113,standard,push
D004,U-0114,express,push
D004,U-0115,express,pull
D004,U-0116,express,pull
D004,U-0117,intense,pull
D004,U-0118,express,push
D004,U-0119,flexible,full_body
D004,U-0120,express,push
D004,U-0121,flexible,pull
D004,U-0122,standard,upper
D004,U-0123,intense,pull
D004,U-0124,flexible,full_body
D004,U-0125,intense,full_body
D004,U-0126,flexible,push
D004,U-0127,flexible,upper
D004,U-0128,flexible,legs
D004,U-0129,standard,upper
D004,U-0130,flexible,pull
D004,U-0131,express,push
D004,U-0132,intense,pull
D004,U-0133,intense,upper
D004,U-0134,flexible,full_body
D004,U-0135,flexible,push
D004,U-0136,express,full_body
D004,U-0137,flexible,full_body
D004,U-0138,standard,full_body
D004,U-0139,intense,legs
D004,U-0140,intense,legs
D004,U-0141,flexible,upper
D004,U-0142,flexible,upper
D004,U-0143,standard,full_body
D004,U-0144,intense,pull
D004,U-0145,standard,legs
D004,U-0146,flexible,legs
D004,U-0147,intense,full_body
D004,U-0148,standard,pull
D004,U-0149,standard,full_body
D004,U-0150,flexible,upper
D004,U-0151,flexible,push
D004,U-0152,intense,full_body
D004,U-0153,express,full_body
D004,U-0154,express,push
D004,U-0155,intense,upper
D004,U-0156,flexible,upper
D004,U-0157,standard,legs
D004,U-0158,express,full_body
D004,U-0159,flexible,full_body
D004,U-0160,standard,pull
D004,U-0161,flexible,upper
D004,U-0162,standard,upper
D004,U-0163,intense,legs
D004,U-0164,intense,legs
D004,U-0165,standard,full_body
D004,U-0166,intense,legs
D004,U-0167,flexible,full_body
D004,U-0168,intense,legs
D004,U-0169,intense,legs
D004,U-0170,express,full_body
D004,U-0171,flexible,pull
D004,U-0172,intense,legs
D004,U-0173,intense,upper
D004,U-0174,flexible,pull
D004,U-0175,intense,push
D004,U-0176,express,legs
D004,U-0177,intense,push
D004,U-0178,intense,push
D004,U-0179,standard,upper
D004,U-0180,standard,upper
D004,U-0181,intense,upper
D004,U-0182,intense,full_body
D004,U-0183,flexible,upper
D004,U-0184,intense,upper
D004,U-0185,standard,upper
D004,U-0186,flexible,pull
D004,U-0187,express,pull
D004,U-0188,standard,pull
D004,U-0189,intense,push
D004,U-0190,intense,legs
D004,U-0191,standard,upper
D004,U-0192,express,upper
D004,U-0193,intense,upper
D004,U-0194,standard,pull
D004,U-0195,intense,pull
D004,U-0196,flexible,full_body
D004,U-0197,standard,upper
D004,U-0198,flexible,push
D004,U-0199,standard,full_body
D004,U-0200,express,legs
D004,U-0201,intense,pull
D004,U-0202,standard,legs
D004,U-0203,flexible,full_body
D004,U-0204,flexible,upper
D004,U-0205,flexible,full_body
D004,U-0206,flexible,push
D004,U-0207,standard,pull
D004,U-0208,intense,push
D004,U-0209,standard,push
D004,U-0210,express,legs
D004,U-0211,standard,upper
D004,U-0212,standard,legs
D004,U-0213,standard,push
D004,U-0214,flexible,pull
D004,U-0215,intense,push
D004,U-0216,standard,push
D004,U-0217,intense,pull
D004,U-0218,flexible,pull
D004,U-0219,express,pull
D004,U-0220,flexible,pull
D004,U-0221,intense,legs
D004,U-0222,standard,push
D004,U-0223,standard,push
D004,U-0224,intense,legs
D004,U-0225,standard,pull
D004,U-0226,flexible,legs
D004,U-0227,intense,legs
D004,U-0228,intense,push
D004,U-0229,express,upper
D004,U-0230,intense,push
D004,U-0231,express,upper
D004,U-0232,standard,push
D004,U-0233,express,full_body
D004,U-0234,flexible,full_body
D004,U-0235,standard,push
D004,U-0236,standard,push
D004,U-0237,standard,push
D004,U-0238,intense,legs
D004,U-0239,standard,upper
D004,U-0240,express,legs
D004,U-0241,intense,legs
D004,U-0242,flexible,full_body
D004,U-0243,flexible,pull
D004,U-0244,flexible,full_body
D004,U-0245,flexible,upper
D004,U-0246,express,pull
D004,U-0247,standard,full_body
D004,U-0248,flexible,upper
D004,U-0249,flexible,upper
D004,U-0250,intense,pull
D004,U-0251,flexible,upper
D004,U-0252,standard,legs
D004,U-0253,intense,full_body
D004,U-0254,intense,push
D004,U-0255,standard,push
D004,U-0256,standard,upper
D004,U-0257,standard,push
D004,U-0258,standard,push
D004,U-0259,intense,pull
D004,U-0260,flexible,upper
D004,U-0261,standard,legs
D004,U-0262,flexible,upper
D004,U-0263,intense,push
D004,U-0264,intense,upper
D004,U-0265,flexible,full_body
D004,U-0266,intense,pull
D004,U-0267,standard,upper
D004,U-0268,standard,legs
D004,U-0269,express,push
D004,U-0270,standard,legs
D004,U-0271,flexible,pull
D004,U-0272,express,full_body
D004,U-0273,express,pull
D004,U-0274,express,pull
D004,U-0275,intense,upper
D004,U-0276,flexible,pull
D004,U-0277,flexible,upper
D004,U-0278,intense,full_body
D004,U-0279,intense,legs
D004,U-0280,standard,full_body
D004,U-0281,flexible,push
D004,U-0282,standard,upper
D004,U-0283,express,upper
D004,U-0284,standard,push
D004,U-0285,intense,upper
D004,U-0286,standard,full_body
D004,U-0287,intense,push
D004,U-0288,intense,full_body
D004,U-0289,flexible,pull
D004,U-0290,flexible,push
D004,U-0291,flexible,upper
D004,U-0292,flexible,push
D004,U-0293,standard,pull
D004,U-0294,standard,legs
D004,U-0295,standard,upper
D004,U-0296,flexible,upper
D004,U-0297,standard,full_body
D004,U-0298,flexible,legs
D004,U-0299,standard,upper
D004,U-0300,intense,full_body
D004,U-0301,standard,upper
D004,U-0302,flexible,push
D004,U-0303,flexible,full_body
D004,U-0304,flexible,upper
D004,U-0305,standard,pull
D004,U-0306,flexible,pull
D004,U-0307,flexible,push
D004,U-0308,flexible,push
D004,U-0309,intense,legs
D004,U-0310,standard,legs
D004,U-0311,standard,legs
D004,U-0312,express,upper
D004,U-0313,intense,legs
D004,U-0314,flexible,upper
D004,U-0315,flexible,upper
D004,U-0316,intense,legs
D004,U-0317,intense,pull
D004,U-0318,flexible,full_body
D004,U-0319,intense,push
D004,U-0320,standard,push
D004,U-0321,flexible,full_body
D004,U-0322,intense,pull
D004,U-0323,flexible,full_body
D004,U-0324,express,push
D004,U-0325,flexible,upper
D004,U-0326,flexible,upper
D004,U-0327,intense,upper
D004,U-0328,standard,upper
D004,U-0329,intense,legs
D004,U-0330,flexible,upper
D004,U-0331,flexible,upper
D004,U-0332,intense,pull
D004,U-0333,standard,pull
D004,U-0334,standard,legs
D004,U-0335,flexible,upper
D004,U-0336,standard,push
D004,U-0337,flexible,full_body
D004,U-0338,intense,pull
D004,U-0339,standard,full_body
D004,U-0340,intense,push
D004,U-0341,intense,upper
D004,U-0342,intense,pull
D004,U-0343,flexible,full_body
D004,U-0344,standard,legs
D004,U-0345,flexible,upper
D004,U-0346,standard,pull
D004,U-0347,flexible,upper
D004,U-0348,express,legs
D004,U-0349,intense,pull
D004,U-0350,standard,pull
D004,U-0351,standard,push
D004,U-0352,standard,upper
D004,U-0353,express,upper
D004,U-0354,intense,legs
D004,U-0355,standard,full_body
D004,U-0356,intense,full_body
D004,U-0357,express,full_body
D004,U-0358,standard,push
D004,U-0359,flexible,push
D004,U-0360,intense,full_body
D004,U-0361,intense,push
D004,U-0362,flexible,full_body
D004,U-0363,intense,pull
D004,U-0364,intense,upper
D004,U-0365,standard,legs
D004,U-0366,standard,push
D004,U-0367,intense,push
D004,U-0368,express,legs
D004,U-0369,intense,push
D004,U-0370,flexible,full_body
D004,U-0371,intense,pull
D004,U-0372,express,legs
D004,U-0373,flexible,upper
D004,U-0374,standard,push
D004,U-0375,intense,upper
D004,U-0376,intense,legs
D004,U-0377,express,pull
D004,U-0378,flexible,push
D004,U-0379,standard,pull
D004,U-0380,intense,pull
D004,U-0381,express,push
D004,U-0382,flexible,pull
D004,U-0383,standard,legs
D004,U-0384,intense,legs
D004,U-0385,standard,upper
D004,U-0386,flexible,pull
D004,U-0387,flexible,upper
D004,U-0388,standard,push
D004,U-0389,express,push
D004,U-0390,express,upper
D004,U-0391,standard,push
D004,U-0392,intense,pull
D004,U-0393,standard,pull
D004,U-0394,intense,upper
D004,U-0395,intense,push
D004,U-0396,flexible,pull
D004,U-0397,standard,push
D004,U-0398,standard,push
D004,U-0399,standard,pull
D004,U-0400,express,push
D004,U-0401,standard,legs
D004,U-0402,flexible,upper
D005,U-0001,flexible,legs
D005,U-0002,express,push
D005,U-0003,intense,pull
D005,U-0004,flexible,full_body
D005,U-0005,flexible,push
D005,U-0006,express,push
D005,U-0007,standard,legs
D005,U-0008,express,upper
D005,U-0009,intense,pull
D005,U-0010,standard,full_body
D005,U-0011,standard,push
D005,U-0012,express,upper
D005,U-0013,flexible,push
D005,U-0014,standard,upper
D005,U-0015,standard,upper
D005,U-0016,flexible,push
D005,U-0017,standard,full_body
D005,U-0018,standard,legs
D005,U-0019,intense,legs
D005,U-0020,intense,push
D005,U-0021,intense,pull
D005,U-0022,flexible,full_body
D005,U-0023,intense,legs
D005,U-0024,intense,full_body
D005,U-0025,flexible,full_body
D005,U-0026,standard,pull
D005,U-0027,express,pull
D005,U-0028,standard,upper
D005,U-0029,intense,legs
D005,U-0030,intense,legs
D005,U-0031,intense,push
D005,U-0032,intense,pull
D005,U-0033,intense,legs
D005,U-0034,express,upper
D005,U-0035,express,pull
D005,U-0036,standard,full_body
D005,U-0037,flexible,upper
D005,U-0038,intense,legs
D005,U-0039,intense,push
D005,U-0040,standard,push
D005,U-0041,intense,legs
D005,U-0042,standard,legs
D005,U-0043,intense,push
D005,U-0044,intense,push
D005,U-0045,standard,upper
D005,U-0046,flexible,upper
D005,U-0047,intense,upper
D005,U-0048,express,upper
D005,U-0049,intense,pull
D005,U-0050,flexible,full_body
D005,U-0051,express,full_body
D005,U-0052,standard,pull
D005,U-0053,flexible,push
D005,U-0054,flexible,upper
D005,U-0055,standard,upper
D005,U-0056,flexible,upper
D005,U-0057,intense,pull
D005,U-0058,flexible,upper
D005,U-0059,express,full_body
D005,U-0060,standard,push
D005,U-0061,standard,upper
D005,U-0062,standard,legs
D005,U-0063,standard,legs
D005,U-0064,express,legs
D005,U-0065,intense,full_body
D005,U-0066,standard,upper
D005,U-0067,standard,legs
D005,U-0068,standard,legs
D005,U-0069,flexible,upper
D005,U-0070,standard,upper
D005,U-0071,flexible,upper
D005,U-0072,intense,push
D005,U-0073,standard,legs
D005,U-0074,flexible,pull
D005,U-0075,flexible,pull
D005,U-0076,intense,full_body
D005,U-0077,intense,push
D005,U-0078,standard,upper
D005,U-0079,standard,full_body
D005,U-0080,standard,full_body
D005,U-0081,flexible,full_body
D005,U-0082,intense,pull
D005,U-0083,express,upper
D005,U-0084,standard,pull
D005,U-0085,express,pull
D005,U-0086,standard,full_body
D005,U-0087,flexible,pull
D005,U-0088,intense,push
D005,U-0089,express,full_body
D005,U-0090,intense,full_body
D005,U-0091,standard,pull
D005,U-0092,standard,upper
D005,U-0093,standard,pull
D005,U-0094,flexible,pull
D005,U-0095,express,push
D005,U-0096,intense,legs
D005,U-0097,intense,pull
D005,U-0098,flexible,upper
D005,U-0099,flexible,legs
D005,U-0100,flexible,full_body
D005,U-0101,intense,legs
D005,U-0102,standard,upper
D005,U-0103,flexible,pull
D005,U-0104,express,legs
D005,U-0105,express,upper
D005,U-0106,standard,pull
D005,U-0107,intense,legs
D005,U-0108,standard,legs
D005,U-0109,standard,legs
D005,U-0110,standard,push
D005,U-0111,intense,full_body
D005,U-0112,standard,push
D005,U-0113,flexible,upper
D005,U-0114,flexible,upper
D005,U-0115,express,full_body
D005,U-0116,flexible,push
D005,U-0117,flexible,full_body
D005,U-0118,standard,push
D005,U-0119,standard,pull
D005,U-0120,intense,push
D005,U-0121,standard,full_body
D005,U-0122,intense,push
D005,U-0123,standard,upper
D005,U-0124,flexible,legs
D005,U-0125,intense,full_body
D005,U-0126,express,pull
D005,U-0127,intense,upper
D005,U-0128,intense,pull
D005,U-0129,express,upper
D005,U-0130,intense,upper
D005,U-0131,flexible,upper
D005,U-0132,flexible,legs
D005,U-0133,flexible,pull
D005,U-0134,flexible,push
D005,U-0135,intense,push
D005,U-0136,flexible,full_body
D005,U-0137,intense,upper
D005,U-0138,intense,pull
D005,U-0139,express,legs
D005,U-0140,standard,upper
D005,U-0141,intense,full_body
D005,U-0142,intense,pull
D005,U-0143,standard,push
D005,U-0144,intense,legs
D005,U-0145,standard,pull
D005,U-0146,intense,pull
D005,U-0147,express,full_body
D005,U-0148,flexible,upper
D005,U-0149,express,legs
D005,U-0150,standard,full_body
D005,U-0151,intense,upper
D005,U-0152,flexible,legs
D005,U-0153,intense,upper
D005,U-0154,flexible,legs
D005,U-0155,intense,legs
D005,U-0156,flexible,pull
D005,U-0157,express,legs
D005,U-0158,standard,push
D005,U-0159,express,push
D005,U-0160,intense,legs
D005,U-0161,intense,full_body
D005,U-0162,standard,upper
D005,U-0163,express,full_body
D005,U-0164,intense,push
D005,U-0165,express,upper
D005,U-0166,flexible,full_body
D005,U-0167,intense,pull
D005,U-0168,standard,upper
D005,U-0169,intense,push
D005,U-0170,standard,upper
D005,U-0171,intense,pull
D005,U-0172,intense,push
D005,U-0173,standard,legs
D005,U-0174,standard,full_body
D005,U-0175,intense,push
D005,U-0176,standard,pull
D005,U-0177,intense,push
D005,U-0178,express,push
D005,U-0179,standard,legs
D005,U-0180,express,pull
D005,U-0181,intense,pull
D005,U-0182,standard,legs
D005,U-0183,flexible,upper
D005,U-0184,flexible,pull
D005,U-0185,flexible,full_body
D005,U-0186,express,pull
D005,U-0187,flexible,legs
D005,U-0188,flexible,pull
D005,U-0189,standard,full_body
D005,U-0190,standard,legs
D005,U-0191,standard,full_body
D005,U-0192,flexible,full_body
D005,U-0193,flexible,full_body
D005,U-0194,intense,legs
D005,U-0195,intense,upper
D005,U-0196,express,pull
D005,U-0197,standard,push
D005,U-0198,standard,push
D005,U-0199,intense,pull
D005,U-0200,express,push
D005,U-0201,flexible,legs
D005,U-0202,express,upper
D005,U-0203,standard,push
D005,U-0204,standard,full_body
D005,U-0205,flexible,pull
D005,U-0206,intense,legs
D005,U-0207,standard,legs
D005,U-0208,standard,push
D005,U-0209,express,upper
D005,U-0210,flexible,full_body
D005,U-0211,standard,upper
D005,U-0212,flexible,full_body
D005,U-0213,standard,legs
D005,U-0214,express,upper
D005,U-0215,flexible,full_body
D005,U-0216,flexible,legs
D005,U-0217,flexible,upper
D005,U-0218,flexible,legs
D005,U-0219,flexible,legs
D005,U-0220,intense,upper
D005,U-0221,express,push
D005,U-0222,standard,legs
D005,U-0223,standard,upper
D005,U-0224,express,push
D005,U-0225,intense,push
D005,U-0226,intense,pull
D005,U-0227,standard,pull
D005,U-0228,standard,full_body
D005,U-0229,express,push
D005,U-0230,flexible,legs
D005,U-0231,flexible,pull
D005,U-0232,intense,push
D005,U-0233,standard,upper
D005,U-0234,flexible,legs
D005,U-0235,flexible,pull
D005,U-0236,express,pull
D005,U-0237,flexible,legs
D005,U-0238,intense,push
D005,U-0239,standard,legs
D005,U-0240,intense,push
D005,U-0241,express,upper
D005,U-0242,standard,push
D005,U-0243,flexible,legs
D005,U-0244,flexible,legs
D005,U-0245,express,full_body
D005,U-0246,intense,pull
D005,U-0247,intense,upper
D005,U-0248,intense,legs
D005,U-0249,flexible,push
D005,U-0250,standard,upper
D005,U-0251,flexible,full_body
D005,U-0252,standard,upper
D005,U-0253,standard,push
D005,U-0254,express,pull
D005,U-0255,intense,upper
D005,U-0256,standard,legs
D005,U-0257,flexible,pull
D005,U-0258,intense,push
D005,U-0259,intense,upper
D005,U-0260,standard,legs
D005,U-0261,standard,upper
D005,U-0262,intense,push
D005,U-0263,standard,push
D005,U-0264,flexible,upper
D005,U-0265,intense,full_body
D005,U-0266,standard,push
D005,U-0267,standard,pull
D005,U-0268,standard,upper
D005,U-0269,standard,legs
D005,U-0270,flexible,push
D005,U-0271,flexible,pull
D005,U-0272,intense,pull
D005,U-0273,flexible,full_body
D005,U-0274,express,full_body
D005,U-0275,standard,upper
D005,U-0276,standard,push
D005,U-0277,standard,pull
D005,U-0278,standard,push
D005,U-0279,standard,legs
D005,U-0280,intense,pull
D005,U-0281,standard,pull
D005,U-0282,express,legs
D005,U-0283,intense,full_body
D005,U-0284,intense,upper
D005,U-0285,standard,legs
D005,U-0286,express,push
D005,U-0287,standard,push
D005,U-0288,standard,upper
D005,U-0289,express,push
D005,U-0290,express,legs
D005,U-0291,standard,push
D005,U-0292,intense,legs
D005,U-0293,intense,pull
D005,U-0294,flexible,full_body
D005,U-0295,intense,full_body
D005,U-0296,standard,legs
D005,U-0297,intense,legs
D005,U-0298,standard,upper
D005,U-0299,standard,legs
D005,U-0300,express,pull
D005,U-0301,standard,upper
D005,U-0302,standard,push
D005,U-0303,intense,push
D005,U-0304,standard,push
D005,U-0305,standard,pull
D005,U-0306,express,legs
D005,U-0307,flexible,push
D005,U-0308,express,pull
D005,U-0309,intense,legs
D005,U-0310,flexible,full_body
D005,U-0311,intense,upper
D005,U-0312,express,full_body
D005,U-0313,intense,legs
D005,U-0314,standard,push
D005,U-0315,express,pull
D005,U-0316,flexible,push
D005,U-0317,flexible,upper
D005,U-0318,flexible,legs
D005,U-0319,flexible,pull
D005,U-0320,standard,pull
D005,U-0321,express,legs
D005,U-0322,flexible,upper
D005,U-0323,intense,push
D005,U-0324,standard,upper
D005,U-0325,flexible,upper
D005,U-0326,flexible,upper
D005,U-0327,flexible,upper
D005,U-0328,intense,push
D005,U-0329,flexible,full_body
D005,U-0330,flexible,pull
D005,U-0331,express,upper
D005,U-0332,express,upper
D005,U-0333,express,legs
D005,U-0334,express,upper
D005,U-0335,standard,legs
D005,U-0336,standard,pull
D005,U-0337,intense,legs
D005,U-0338,standard,legs
D005,U-0339,flexible,push
D005,U-0340,flexible,pull
D005,U-0341,flexible,legs
D005,U-0342,intense,upper
D005,U-0343,express,upper
D005,U-0344,standard,legs
D005,U-0345,express,upper
D005,U-0346,standard,pull
D005,U-0347,standard,upper
D005,U-0348,flexible,push
D005,U-0349,intense,legs
D005,U-0350,intense,pull
D005,U-0351,express,push
D005,U-0352,express,pull
D005,U-0353,intense,push
D005,U-0354,flexible,push
D005,U-0355,express,full_body
D005,U-0356,flexible,legs
D005,U-0357,standard,push
D005,U-0358,standard,push
D005,U-0359,flexible,full_body
D005,U-0360,flexible,legs
D005,U-0361,intense,upper
D005,U-0362,standard,pull
D005,U-0363,flexible,upper
D005,U-0364,intense,legs
D005,U-0365,standard,push
D005,U-0366,standard,push
D005,U-0367,standard,upper
D005,U-0368,express,pull
D005,U-0369,flexible,upper
D005,U-0370,standard,push
D005,U-0371,express,upper
D005,U-0372,flexible,upper
D005,U-0373,flexible,full_body
D005,U-0374,express,upper
D005,U-0375,intense,push
D005,U-0376,standard,legs
D005,U-0377,intense,legs
D005,U-0378,standard,push
D005,U-0379,standard,full_body
D005,U-0380,flexible,full_body
D005,U-0381,flexible,full_body
D005,U-0382,standard,legs
D006,U-0001,standard,pull
D006,U-0002,flexible,full_body
D006,U-0003,standard,upper
D006,U-0004,standard,pull
D006,U-0005,standard,legs
D006,U-0006,standard,upper
D006,U-0007,flexible,upper
D006,U-0008,intense,legs
D006,U-0009,flexible,pull
D006,U-0010,flexible,full_body
D006,U-0011,express,pull
D006,U-0012,flexible,upper
D006,U-0013,flexible,upper
D006,U-0014,flexible,upper
D006,U-0015,intense,legs
D006,U-0016,standard,upper
D006,U-0017,standard,pull
D006,U-0018,express,push
D006,U-0019,intense,pull
D006,U-0020,standard,legs
D006,U-0021,flexible,legs
D006,U-0022,intense,upper
D006,U-0023,standard,full_body
D006,U-0024,standard,pull
D006,U-0025,intense,upper
D006,U-0026,flexible,legs
D006,U-0027,intense,pull
D006,U-0028,standard,upper
D006,U-0029,intense,full_body
D006,U-0030,flexible,full_body
D006,U-0031,standard,push
D006,U-0032,intense,push
D006,U-0033,flexible,pull
D006,U-0034,intense,pull
D006,U-0035,express,legs
D006,U-0036,intense,pull
D006,U-0037,flexible,full_body
D006,U-0038,flexible,upper
D006,U-0039,flexible,upper
D006,U-0040,intense,push
D006,U-0041,standard,upper
D006,U-0042,standard,pull
D006,U-0043,flexible,full_body
D006,U-0044,standard,push
D006,U-0045,standard,upper
D006,U-0046,flexible,upper
D006,U-0047,intense,full_body
D006,U-0048,flexible,full_body
D006,U-0049,flexible,legs
D006,U-0050,intense,push
D006,U-0051,intense,pull
D006,U-0052,standard,upper
D006,U-0053,standard,upper
D006,U-0054,standard,upper
D006,U-0055,intense,push
D006,U-0056,flexible,pull
D006,U-0057,standard,pull
D006,U-0058,flexible,pull
D006,U-0059,standard,pull
D006,U-0060,standard,pull
D006,U-0061,flexible,legs
D006,U-0062,flexible,upper
D006,U-0063,flexible,full_body
D006,U-0064,express,pull
D006,U-0065,intense,legs
D006,U-0066,flexible,upper
D006,U-0067,intense,pull
D006,U-0068,flexible,full_body
D006,U-0069,standard,upper
D006,U-0070,standard,push
D006,U-0071,flexible,pull
D006,U-0072,flexible,upper
D006,U-0073,flexible,full_body
D006,U-0074,flexible,legs
D006,U-0075,flexible,legs
D006,U-0076,intense,upper
D006,U-0077,intense,upper
D006,U-0078,standard,upper
D006,U-0079,express,push
D006,U-0080,flexible,legs
D006,U-0081,flexible,upper
D006,U-0082,flexible,upper
D006,U-0083,standard,upper
D006,U-0084,standard,push
D006,U-0085,flexible,full_body
D006,U-0086,flexible,pull
D006,U-0087,flexible,pull
D006,U-0088,flexible,full_body
D006,U-0089,flexible,upper
D006,U-0090,flexible,full_body
D006,U-0091,express,upper
D006,U-0092,flexible,push
D006,U-0093,express,pull
D006,U-0094,flexible,full_body
D006,U-0095,intense,push
D006,U-0096,intense,push
D006,U-0097,flexible,pull
D006,U-0098,flexible,upper
D006,U-0099,flexible,upper
D006,U-0100,express,pull
D006,U-0101,express,pull
D006,U-0102,intense,full_body
D006,U-0103,flexible,upper
D006,U-0104,intense,pull
D006,U-0105,flexible,upper
D006,U-0106,standard,full_body
D006,U-0107,standard,push
D006,U-0108,standard,legs
D006,U-0109,standard,push
D006,U-0110,flexible,full_body
D006,U-0111,standard,upper
D006,U-0112,flexible,upper
D006,U-0113,flexible,pull
D006,U-0114,express,upper
D006,U-0115,express,push
D006,U-0116,express,pull
D006,U-0117,flexible,upper
D006,U-0118,intense,pull
D006,U-0119,intense,pull
D006,U-0120,intense,legs
D006,U-0121,intense,pull
D006,U-0122,intense,legs
D006,U-0123,express,push
D006,U-0124,express,full_body
D006,U-0125,flexible,full_body
D006,U-0126,flexible,push
D006,U-0127,standard,legs
D006,U-0128,flexible,full_body
D006,U-0129,standard,legs
D006,U-0130,flexible,full_body
D006,U-0131,flexible,upper
D006,U-0132,standard,legs
D006,U-0133,standard,upper
D006,U-0134,express,legs
D006,U-0135,standard,legs
D006,U-0136,flexible,pull
D006,U-0137,standard,legs
D006,U-0138,standard,push
D006,U-0139,standard,upper
D006,U-0140,flexible,upper
D006,U-0141,intense,legs
D006,U-0142,express,push
D006,U-0143,express,legs
D006,U-0144,intense,legs
D006,U-0145,standard,upper
D006,U-0146,intense,legs
D006,U-0147,flexible,legs
D006,U-0148,flexible,upper
D006,U-0149,intense,full_body
D006,U-0150,flexible,full_body
D006,U-0151,intense,legs
D006,U-0152,standard,legs
D006,U-0153,standard,pull
D006,U-0154,standard,push
D006,U-0155,standard,upper
D006,U-0156,flexible,pull
D006,U-0157,flexible,full_body
D006,U-0158,standard,upper
D006,U-0159,flexible,pull
D006,U-0160,intense,pull
D006,U-0161,intense,full_body
D006,U-0162,flexible,full_body
D006,U-0163,standard,upper
D006,U-0164,standard,pull
D006,U-0165,flexible,legs
D006,U-0166,standard,full_body
D006,U-0167,intense,pull
D006,U-0168,express,pull
D006,U-0169,flexible,upper
D006,U-0170,intense,upper
D006,U-0171,flexible,pull
D006,U-0172,standard,full_body
D006,U-0173,intense,full_body
D006,U-0174,flexible,pull
D006,U-0175,express,upper
D006,U-0176,express,upper
D006,U-0177,flexible,legs
D006,U-0178,express,legs
D006,U-0179,intense,legs
D006,U-0180,standard,push
D006,U-0181,flexible,legs
D006,U-0182,standard,upper
D006,U-0183,express,full_body
D006,U-0184,flexible,push
D006,U-0185,flexible,full_body
D006,U-0186,flexible,push
D006,U-0187,intense,legs
D006,U-0188,flexible,upper
D006,U-0189,intense,push
D006,U-0190,intense,push
D006,U-0191,intense,pull
D006,U-0192,flexible,upper
D006,U-0193,flexible,push
D006,U-0194,intense,legs
D006,U-0195,flexible,push
D006,U-0196,flexible,full_body
D006,U-0197,flexible,pull
D006,U-0198,flexible,pull
D006,U-0199,flexible,legs
D006,U-0200,flexible,legs
D006,U-0201,standard,pull
D006,U-0202,intense,pull
D006,U-0203,intense,upper
D006,U-0204,standard,pull
D006,U-0205,express,upper
D006,U-0206,intense,legs
D006,U-0207,flexible,pull
D006,U-0208,intense,legs
D006,U-0209,intense,pull
D006,U-0210,flexible,full_body
D006,U-0211,standard,push
D006,U-0212,intense,pull
D006,U-0213,intense,push
D006,U-0214,standard,push
D006,U-0215,intense,push
D006,U-0216,standard,push
D006,U-0217,flexible,full_body
D006,U-0218,intense,legs
D006,U-0219,flexible,pull
D006,U-0220,standard,push
D006,U-0221,standard,full_body
D006,U-0222,flexible,full_body
D006,U-0223,flexible,upper
D006,U-0224,intense,push
D006,U-0225,intense,pull
D006,U-0226,intense,upper
D006,U-0227,standard,full_body
D006,U-0228,standard,legs
D006,U-0229,intense,push
D006,U-0230,flexible,full_body
D006,U-0231,standard,full_body
D006,U-0232,flexible,push
D006,U-0233,flexible,push
D006,U-0234,standard,full_body
D006,U-0235,intense,push
D006,U-0236,intense,full_body
D006,U-0237,flexible,upper
D006,U-0238,flexible,pull
D006,U-0239,intense,full_body
D006,U-0240,flexible,full_body
D006,U-0241,flexible,legs
D006,U-0242,standard,upper
D006,U-0243,standard,pull
D006,U-0244,express,full_body
D006,U-0245,standard,push
D006,U-0246,flexible,pull
D006,U-0247,flexible,pull
D006,U-0248,flexible,upper
D006,U-0249,intense,push
D006,U-0250,flexible,upper
D006,U-0251,intense,pull
D006,U-0252,flexible,push
D006,U-0253,intense,pull
D006,U-0254,flexible,legs
D006,U-0255,flexible,legs
D006,U-0256,flexible,full_body
D006,U-0257,flexible,full_body
D006,U-0258,express,push
D006,U-0259,standard,pull
D006,U-0260,standard,upper
D006,U-0261,express,upper
D006,U-0262,standard,push
D006,U-0263,flexible,full_body
D006,U-0264,flexible,full_body
D006,U-0265,flexible,legs
D006,U-0266,standard,upper
D006,U-0267,flexible,upper
D006,U-0268,standard,upper
D006,U-0269,intense,upper
D006,U-0270,flexible,upper
D006,U-0271,standard,legs
D006,U-0272,express,upper
D006,U-0273,flexible,upper
D006,U-0274,standard,push
D006,U-0275,intense,pull
D006,U-0276,standard,push
D006,U-0277,standard,legs
D006,U-0278,standard,push
D006,U-0279,flexible,full_body
D006,U-0280,flexible,upper
D006,U-0281,intense,legs
D006,U-0282,express,legs
D006,U-0283,intense,upper
D006,U-0284,standard,pull
D006,U-0285,standard,push
D006,U-0286,flexible,full_body
D006,U-0287,standard,pull
D006,U-0288,standard,legs
D006,U-0289,express,legs
D006,U-0290,intense,push
D006,U-0291,flexible,full_body
D006,U-0292,flexible,upper
D006,U-0293,express,upper
D006,U-0294,flexible,pull
D006,U-0295,intense,push
D006,U-0296,standard,legs
D006,U-0297,intense,pull
D006,U-0298,express,legs
D006,U-0299,flexible,push
D006,U-0300,intense,pull
D006,U-0301,flexible,push
D006,U-0302,flexible,upper
D006,U-0303,intense,pull
D006,U-0304,flexible,push
D006,U-0305,standard,push
D006,U-0306,standard,legs
D006,U-0307,standard,pull
D006,U-0308,standard,pull
D006,U-0309,express,upper
D006,U-0310,standard,pull
D006,U-0311,flexible,pull
D006,U-0312,intense,push
D006,U-0313,express,upper
D006,U-0314,flexible,upper
D006,U-0315,flexible,full_body
D006,U-0316,standard,legs
D006,U-0317,flexible,legs
D006,U-0318,standard,legs
D006,U-0319,standard,full_body
D006,U-0320,intense,legs
D006,U-0321,standard,full_body
D006,U-0322,express,full_body
D006,U-0323,flexible,pull
D006,U-0324,express,legs
D006,U-0325,standard,pull
D006,U-0326,standard,push
D006,U-0327,standard,upper
D006,U-0328,intense,push
D006,U-0329,intense,upper
D006,U-0330,intense,pull
D006,U-0331,flexible,legs
D006,U-0332,flexible,push
D006,U-0333,intense,push
D006,U-0334,express,full_body
D006,U-0335,standard,full_body
D006,U-0336,flexible,legs
D006,U-0337,intense,push
D006,U-0338,express,upper
D006,U-0339,flexible,full_body
D006,U-0340,express,upper
D006,U-0341,express,push
D006,U-0342,flexible,upper
D006,U-0343,flexible,upper
D006,U-0344,intense,legs
D006,U-0345,intense,legs
D006,U-0346,express,push
D006,U-0347,flexible,full_body
D006,U-0348,intense,push
D006,U-0349,flexible,full_body
D006,U-0350,express,upper
D006,U-0351,flexible,full_body
D006,U-0352,flexible,legs
D006,U-0353,standard,pull
D006,U-0354,standard,push
D006,U-0355,flexible,legs
D006,U-0356,express,upper
D006,U-0357,intense,upper
D006,U-0358,intense,pull
D006,U-0359,flexible,pull
D006,U-0360,standard,full_body
D006,U-0361,flexible,upper
D006,U-0362,flexible,upper
D006,U-0363,intense,pull
D006,U-0364,intense,push
D006,U-0365,standard,upper
D006,U-0366,flexible,push
D006,U-0367,standard,upper
D006,U-0368,standard,pull
D006,U-0369,standard,full_body
D006,U-0370,express,upper
D006,U-0371,standard,upper
D006,U-0372,intense,push
D006,U-0373,express,pull
D006,U-0374,express,upper
D006,U-0375,flexible,full_body
D006,U-0376,flexible,full_body
D006,U-0377,intense,pull
D006,U-0378,intense,push
D006,U-0379,standard,legs
D007,U-0001,standard,pull
D007,U-0002,express,legs
D007,U-0003,intense,legs
D007,U-0004,express,legs
D007,U-0005,flexible,full_body
D007,U-0006,intense,legs
D007,U-0007,flexible,full_body
D007,U-0008,standard,full_body
D007,U-0009,standard,upper
D007,U-0010,intense,legs
D007,U-0011,intense,upper
D007,U-0012,intense,pull
D007,U-0013,intense,push
D007,U-0014,intense,push
D007,U-0015,intense,upper
D007,U-0016,flexible,upper
D007,U-0017,standard,pull
D007,U-0018,flexible,push
D007,U-0019,express,pull
D007,U-0020,express,push
D007,U-0021,express,push
D007,U-0022,standard,push
D007,U-0023,standard,pull
D007,U-0024,express,push
D007,U-0025,flexible,pull
D007,U-0026,flexible,push
D007,U-0027,express,pull
D007,U-0028,express,full_body
D007,U-0029,intense,legs
D007,U-0030,flexible,full_body
D007,U-0031,express,push
D007,U-0032,intense,pull
D007,U-0033,express,legs
D007,U-0034,intense,full_body
D007,U-0035,intense,pull
D007,U-0036,express,legs
D007,U-0037,standard,full_body
D007,U-0038,standard,upper
D007,U-0039,express,full_body
D007,U-0040,intense,upper
D007,U-0041,standard,push
D007,U-0042,standard,full_body
D007,U-0043,standard,pull
D007,U-0044,flexible,pull
D007,U-0045,flexible,upper
D007,U-0046,standard,upper
D007,U-0047,flexible,full_body
D007,U-0048,intense,legs
D007,U-0049,standard,legs
D007,U-0050,standard,legs
D007,U-0051,intense,upper
D007,U-0052,intense,pull
D007,U-0053,standard,full_body
D007,U-0054,intense,pull
D007,U-0055,intense,legs
D007,U-0056,flexible,push
D007,U-0057,flexible,push
D007,U-0058,flexible,legs
D007,U-0059,standard,legs
D007,U-0060,flexible,legs
D007,U-0061,flexible,push
D007,U-0062,standard,full_body
D007,U-0063,express,pull
D007,U-0064,express,upper
D007,U-0065,intense,pull
D007,U-0066,express,pull
D007,U-0067,intense,full_body
D007,U-0068,express,pull
D007,U-0069,flexible,legs
D007,U-0070,standard,push
D007,U-0071,express,upper
D007,U-0072,standard,pull
D007,U-0073,flexible,push
D007,U-0074,flexible,upper
D007,U-0075,standard,upper
D007,U-0076,flexible,full_body
D007,U-0077,standard,upper
D007,U-0078,flexible,full_body
D007,U-0079,standard,full_body
D007,U-0080,standard,full_body
D007,U-0081,express,upper
D007,U-0082,flexible,legs
D007,U-0083,flexible,legs
D007,U-0084,intense,push
D007,U-0085,flexible,upper
D007,U-0086,express,legs
D007,U-0087,standard,push
D007,U-0088,intense,legs
D007,U-0089,standard,pull
D007,U-0090,standard,legs
D007,U-0091,intense,upper
D007,U-0092,standard,full_body
D007,U-0093,standard,full_body
D007,U-0094,standard,push
D007,U-0095,flexible,upper
D007,U-0096,express,push
D007,U-0097,intense,pull
D007,U-0098,flexible,legs
D007,U-0099,express,upper
D007,U-0100,standard,full_body
D007,U-0101,standard,full_body
D007,U-0102,intense,push
D007,U-0103,intense,pull
D007,U-0104,standard,upper
D007,U-0105,flexible,full_body
D007,U-0106,flexible,upper
D007,U-0107,intense,upper
D007,U-0108,express,upper
D007,U-0109,intense,pull
D007,U-0110,flexible,upper
D007,U-0111,flexible,upper
D007,U-0112,flexible,upper
D007,U-0113,intense,full_body
D007,U-0114,intense,push
D007,U-0115,standard,pull
D007,U-0116,intense,upper
D007,U-0117,standard,legs
D007,U-0118,intense,push
D007,U-0119,standard,upper
D007,U-0120,flexible,full_body
D007,U-0121,intense,pull
D007,U-0122,intense,push
D007,U-0123,intense,legs
D007,U-0124,standard,legs
D007,U-0125,flexible,upper
D007,U-0126,flexible,push
D007,U-0127,flexible,full_body
D007,U-0128,flexible,upper
D007,U-0129,express,legs
D007,U-0130,flexible,push
D007,U-0131,express,full_body
D007,U-0132,flexible,pull
D007,U-0133,flexible,upper
D007,U-0134,intense,pull
D007,U-0135,intense,pull
D007,U-0136,intense,legs
D007,U-0137,intense,upper
D007,U-0138,standard,push
D007,U-0139,flexible,push
D007,U-0140,standard,push
D007,U-0141,flexible,full_body
D007,U-0142,flexible,upper
D007,U-0143,flexible,legs
D007,U-0144,express,pull
D007,U-0145,standard,full_body
D007,U-0146,flexible,full_body
D007,U-0147,intense,push
D007,U-0148,express,pull
D007,U-0149,express,full_body
D007,U-0150,express,push
D007,U-0151,express,push
D007,U-0152,intense,pull
D007,U-0153,standard,pull
D007,U-0154,flexible,pull
D007,U-0155,express,pull
D007,U-0156,flexible,legs
D007,U-0157,standard,legs
D007,U-0158,intense,push
D007,U-0159,intense,push
D007,U-0160,intense,push
D007,U-0161,flexible,upper
D007,U-0162,standard,push
D007,U-0163,express,legs
D007,U-0164,express,legs
D007,U-0165,express,upper
D007,U-0166,flexible,full_body
D007,U-0167,flexible,pull
D007,U-0168,standard,push
D007,U-0169,flexible,upper
D007,U-0170,flexible,upper
D007,U-0171,intense,legs
D007,U-0172,intense,push
D007,U-0173,intense,upper
D007,U-0174,standard,upper
D007,U-0175,standard,legs
D007,U-0176,intense,pull
D007,U-0177,intense,legs
D007,U-0178,standard,push
D007,U-0179,standard,upper
D007,U-0180,flexible,full_body
D007,U-0181,flexible,upper
D007,U-0182,express,pull
D007,U-0183,standard,pull
D007,U-0184,flexible,legs
D007,U-0185,express,legs
D007,U-0186,flexible,push
D007,U-0187,standard,upper
D007,U-0188,intense,full_body
D007,U-0189,intense,upper
D007,U-0190,standard,upper
D007,U-0191,intense,push
D007,U-0192,flexible,upper
D007,U-0193,standard,push
D007,U-0194,flexible,upper
D007,U-0195,intense,pull
D007,U-0196,standard,push
D007,U-0197,standard,upper
D007,U-0198,express,legs
D007,U-0199,standard,legs
D007,U-0200,standard,push
D007,U-0201,standard,pull
D007,U-0202,standard,upper
D007,U-0203,flexible,upper
D007,U-0204,flexible,legs
D007,U-0205,express,legs
D007,U-0206,intense,upper
D007,U-0207,intense,upper
D007,U-0208,flexible,pull
D007,U-0209,standard,push
D007,U-0210,intense,push
D007,U-0211,flexible,upper
D007,U-0212,intense,legs
D007,U-0213,flexible,upper
D007,U-0214,intense,pull
D007,U-0215,flexible,upper
D007,U-0216,flexible,full_body
D007,U-0217,standard,upper
D007,U-0218,intense,pull
D007,U-0219,intense,push
D007,U-0220,standard,pull
D007,U-0221,express,upper
D007,U-0222,express,push
D007,U-0223,express,upper
D007,U-0224,standard,pull
D007,U-0225,intense,upper
D007,U-0226,intense,upper
D007,U-0227,intense,legs
D007,U-0228,flexible,upper
D007,U-0229,flexible,upper
D007,U-0230,express,legs
D007,U-0231,intense,legs
D007,U-0232,standard,full_body
D007,U-0233,intense,upper
D007,U-0234,intense,upper
D007,U-0235,standard,push
D007,U-0236,intense,push
D007,U-0237,standard,upper
D007,U-0238,flexible,legs
D007,U-0239,standard,push
D007,U-0240,flexible,full_body
D007,U-0241,standard,full_body
D007,U-0242,express,upper
D007,U-0243,express,legs
D007,U-0244,express,upper
D007,U-0245,flexible,push
D007,U-0246,standard,pull
D007,U-0247,standard,pull
D007,U-0248,express,upper
D007,U-0249,intense,pull
D007,U-0250,standard,full_body
D007,U-0251,express,upper
D007,U-0252,flexible,full_body
D007,U-0253,intense,push
D007,U-0254,intense,full_body
D007,U-0255,standard,pull
D007,U-0256,intense,legs
D007,U-0257,intense,push
D007,U-0258,standard,pull
D007,U-0259,flexible,upper
D007,U-0260,intense,push
D007,U-0261,standard,legs
D007,U-0262,flexible,upper
D007,U-0263,intense,legs
D007,U-0264,intense,upper
D007,U-0265,intense,upper
D007,U-0266,intense,pull
D007,U-0267,standard,legs
D007,U-0268,express,push
D007,U-0269,flexible,full_body
D007,U-0270,standard,legs
D007,U-0271,standard,push
D007,U-0272,standard,pull
D007,U-0273,standard,push
D007,U-0274,express,legs
D007,U-0275,express,pull
D007,U-0276,standard,upper
D007,U-0277,intense,upper
D007,U-0278,intense,push
D007,U-0279,intense,upper
D007,U-0280,intense,full_body
D007,U-0281,intense,pull
D007,U-0282,express,pull
D007,U-0283,flexible,full_body
D007,U-0284,flexible,upper
D007,U-0285,flexible,push
D007,U-0286,standard,legs
D007,U-0287,express,push
D007,U-0288,standard,pull
D007,U-0289,flexible,legs
D007,U-0290,intense,upper
D007,U-0291,express,pull
D007,U-0292,flexible,legs
D007,U-0293,intense,upper
D007,U-0294,standard,upper
D007,U-0295,flexible,pull
D007,U-0296,intense,pull
D007,U-0297,intense,push
D007,U-0298,express,upper
D007,U-0299,standard,push
D007,U-0300,intense,pull
D007,U-0301,flexible,push
D007,U-0302,flexible,legs
D007,U-0303,flexible,full_body
D007,U-0304,standard,full_body
D007,U-0305,flexible,full_body
D007,U-0306,standard,push
D007,U-0307,flexible,full_body
D007,U-0308,standard,pull
D007,U-0309,standard,full_body
D007,U-0310,flexible,full_body
D007,U-0311,intense,pull
D007,U-0312,intense,pull
D007,U-0313,standard,full_body
D007,U-0314,standard,pull
D007,U-0315,standard,push
D007,U-0316,standard,upper
D007,U-0317,flexible,legs
D007,U-0318,standard,upper
D007,U-0319,intense,push
D007,U-0320,intense,upper
D007,U-0321,intense,pull
D007,U-0322,intense,upper
D007,U-0323,intense,pull
D007,U-0324,flexible,push
D007,U-0325,standard,upper
D007,U-0326,flexible,upper
D007,U-0327,intense,legs
D007,U-0328,standard,push
D007,U-0329,flexible,legs
D007,U-0330,standard,pull
D007,U-0331,intense,push
D007,U-0332,standard,upper
D007,U-0333,intense,legs
D007,U-0334,standard,pull
D007,U-0335,flexible,full_body
D007,U-0336,express,pull
D007,U-0337,standard,legs
D007,U-0338,intense,legs
D007,U-0339,intense,push
D007,U-0340,standard,full_body
D007,U-0341,intense,legs
D007,U-0342,flexible,full_body
D007,U-0343,intense,upper
D007,U-0344,standard,legs
D007,U-0345,flexible,full_body
D007,U-0346,flexible,pull
D007,U-0347,intense,push
D007,U-0348,standard,full_body
D007,U-0349,flexible,upper
D007,U-0350,express,upper
D007,U-0351,intense,legs
D007,U-0352,flexible,pull
D007,U-0353,intense,pull
D007,U-0354,express,full_body
D007,U-0355,flexible,full_body
D007,U-0356,intense,legs
D007,U-0357,standard,full_body
D007,U-0358,express,push
D007,U-0359,flexible,full_body
D007,U-0360,standard,pull
D007,U-0361,standard,push
D007,U-0362,flexible,push
D007,U-0363,flexible,full_body
D007,U-0364,intense,upper
D007,U-0365,express,legs
D007,U-0366,flexible,full_body
D007,U-0367,express,legs
D007,U-0368,intense,full_body
D007,U-0369,flexible,pull
D007,U-0370,intense,legs
D007,U-0371,flexible,legs
D007,U-0372,flexible,push
D007,U-0373,standard,pull
D007,U-0374,flexible,full_body
D007,U-0375,express,pull
D007,U-0376,flexible,full_body
D007,U-0377,flexible,upper
D007,U-0378,flexible,legs
D007,U-0379,express,upper
D007,U-0380,standard,push
D007,U-0381,intense,push
D007,U-0382,intense,full_body
D007,U-0383,flexible,full_body
D007,U-0384,express,full_body
D007,U-0385,standard,upper
D007,U-0386,standard,legs
D007,U-0387,flexible,push
D007,U-0388,standard,legs
D007,U-0389,express,upper
D007,U-0390,flexible,legs
D007,U-0391,standard,legs
D007,U-0392,flexible,upper
D007,U-0393,flexible,legs
D007,U-0394,standard,legs
D007,U-0395,flexible,full_body
D007,U-0396,flexible,push
D007,U-0397,intense,pull
D007,U-0398,intense,legs
D007,U-0399,express,upper
D007,U-0400,express,push
D007,U-0401,intense,push
D007,U-0402,flexible,full_body
D008,U-0001,standard,push
D008,U-0002,standard,push
D008,U-0003,standard,push
D008,U-0004,standard,push
D008,U-0005,intense,upper
D008,U-0006,flexible,pull
D008,U-0007,express,push
D008,U-0008,intense,upper
D008,U-0009,flexible,legs
D008,U-0010,intense,push
D008,U-0011,flexible,upper
D008,U-0012,flexible,upper
D008,U-0013,flexible,upper
D008,U-0014,intense,full_body
D008,U-0015,intense,full_body
D008,U-0016,flexible,full_body
D008,U-0017,standard,upper
D008,U-0018,intense,pull
D008,U-0019,intense,full_body
D008,U-0020,standard,upper
D008,U-0021,standard,full_body
D008,U-0022,intense,push
D008,U-0023,intense,push
D008,U-0024,intense,push
D008,U-0025,standard,legs
D008,U-0026,flexible,full_body
D008,U-0027,standard,push
D008,U-0028,intense,legs
D008,U-0029,standard,push
D008,U-0030,intense,upper
D008,U-0031,express,push
D008,U-0032,flexible,legs
D008,U-0033,standard,push
D008,U-0034,flexible,full_body
D008,U-0035,flexible,upper
D008,U-0036,intense,pull
D008,U-0037,intense,legs
D008,U-0038,express,pull
D008,U-0039,standard,full_body
D008,U-0040,intense,legs
D008,U-0041,intense,legs
D008,U-0042,standard,push
D008,U-0043,standard,full_body
D008,U-0044,intense,push
D008,U-0045,standard,full_body
D008,U-0046,express,upper
D008,U-0047,intense,push
D008,U-0048,express,push
D008,U-0049,flexible,legs
D008,U-0050,flexible,upper
D008,U-0051,intense,upper
D008,U-0052,flexible,pull
D008,U-0053,standard,upper
D008,U-0054,express,pull
D008,U-0055,intense,legs
D008,U-0056,intense,push
D008,U-0057,express,push
D008,U-0058,flexible,push
D008,U-0059,standard,legs
D008,U-0060,flexible,upper
D008,U-0061,express,push
D008,U-0062,standard,push
D008,U-0063,express,legs
D008,U-0064,intense,pull
D008,U-0065,standard,upper
D008,U-0066,intense,upper
D008,U-0067,express,push
D008,U-0068,standard,legs
D008,U-0069,flexible,pull
D008,U-0070,intense,pull
D008,U-0071,express,pull
D008,U-0072,flexible,push
D008,U-0073,flexible,upper
D008,U-0074,intense,full_body
D008,U-0075,intense,legs
D008,U-0076,flexible,full_body
D008,U-0077,intense,upper
D008,U-0078,flexible,upper
D008,U-0079,express,push
D008,U-0080,intense,push
D008,U-0081,intense,push
D008,U-0082,standard,full_body
D008,U-0083,express,full_body
D008,U-0084,standard,full_body
D008,U-0085,intense,push
D008,U-0086,standard,legs
D008,U-0087,standard,push
D008,U-0088,standard,upper
D008,U-0089,intense,legs
D008,U-0090,intense,push
D008,U-0091,flexible,upper
D008,U-0092,intense,pull
D008,U-0093,express,pull
D008,U-0094,express,upper
D008,U-0095,standard,pull
D008,U-0096,flexible,pull
D008,U-0097,standard,pull
D008,U-0098,standard,pull
D008,U-0099,express,push
D008,U-0100,intense,legs
D008,U-0101,intense,pull
D008,U-0102,flexible,legs
D008,U-0103,intense,legs
D008,U-0104,express,pull
D008,U-0105,flexible,upper
D008,U-0106,standard,push
D008,U-0107,flexible,pull
D008,U-0108,express,pull
D008,U-0109,flexible,push
D008,U-0110,standard,legs
D008,U-0111,intense,legs
D008,U-0112,flexible,upper
D008,U-0113,standard,upper
D008,U-0114,standard,full_body
D008,U-0115,intense,pull
D008,U-0116,flexible,full_body
D008,U-0117,standard,upper
D008,U-0118,standard,full_body
D008,U-0119,flexible,push
D008,U-0120,express,upper
D008,U-0121,flexible,upper
D008,U-0122,standard,upper
D008,U-0123,standard,upper
D008,U-0124,standard,push
D008,U-0125,flexible,push
D008,U-0126,intense,pull
D008,U-0127,intense,push
D008,U-0128,standard,upper
D008,U-0129,standard,full_body
D008,U-0130,intense,legs
D008,U-0131,standard,legs
D008,U-0132,intense,legs
D008,U-0133,flexible,full_body
D008,U-0134,intense,full_body
D008,U-0135,flexible,upper
D008,U-0136,flexible,legs
D008,U-0137,standard,push
D008,U-0138,standard,pull
D008,U-0139,flexible,push
D008,U-0140,flexible,legs
D008,U-0141,flexible,legs
D008,U-0142,flexible,legs
D008,U-0143,standard,full_body
D008,U-0144,standard,upper
D008,U-0145,express,upper
D008,U-0146,standard,push
D008,U-0147,express,upper
D008,U-0148,standard,upper
D008,U-0149,flexible,upper
D008,U-0150,flexible,push
D008,U-0151,standard,upper
D008,U-0152,intense,push
D008,U-0153,flexible,pull
D008,U-0154,express,legs
D008,U-0155,standard,pull
D008,U-0156,intense,pull
D008,U-0157,standard,push
D008,U-0158,intense,upper
D008,U-0159,express,legs
D008,U-0160,standard,legs
D008,U-0161,flexible,full_body
D008,U-0162,intense,push
D008,U-0163,intense,upper
D008,U-0164,flexible,push
D008,U-0165,flexible,upper
D008,U-0166,flexible,push
D008,U-0167,standard,pull
D008,U-0168,flexible,upper
D008,U-0169,flexible,push
D008,U-0170,intense,upper
D008,U-0171,intense,push
D008,U-0172,intense,push
D008,U-0173,flexible,full_body
D008,U-0174,intense,push
D008,U-0175,express,full_body
D008,U-0176,standard,full_body
D008,U-0177,standard,push
D008,U-0178,standard,pull
D008,U-0179,flexible,push
D008,U-0180,standard,push
D008,U-0181,flexible,full_body
D008,U-0182,standard,legs
D008,U-0183,flexible,pull
D008,U-0184,intense,pull
D008,U-0185,standard,upper
D008,U-0186,express,pull
D008,U-0187,standard,upper
D008,U-0188,express,pull
D008,U-0189,express,push
D008,U-0190,standard,pull
D008,U-0191,intense,legs
D008,U-0192,flexible,pull
D008,U-0193,standard,pull
D008,U-0194,flexible,legs
D008,U-0195,standard,push
D008,U-0196,flexible,full_body
D008,U-0197,intense,push
D008,U-0198,flexible,legs
D008,U-0199,intense,push
D008,U-0200,intense,full_body
D008,U-0201,standard,upper
D008,U-0202,flexible,full_body
D008,U-0203,flexible,upper
D008,U-0204,intense,legs
D008,U-0205,intense,full_body
D008,U-0206,intense,pull
D008,U-0207,intense,legs
D008,U-0208,standard,pull
D008,U-0209,standard,upper
D008,U-0210,express,upper
D008,U-0211,flexible,upper
D008,U-0212,flexible,pull
D008,U-0213,standard,push
D008,U-0214,express,full_body
D008,U-0215,standard,upper
D008,U-0216,flexible,full_body
D008,U-0217,intense,push
D008,U-0218,flexible,pull
D008,U-0219,intense,push
D008,U-0220,intense,push
D008,U-0221,standard,upper
D008,U-0222,standard,pull
D008,U-0223,intense,push
D008,U-0224,flexible,legs
D008,U-0225,intense,legs
D008,U-0226,intense,upper
D008,U-0227,intense,upper
D008,U-0228,flexible,upper
D008,U-0229,flexible,push
D008,U-0230,flexible,legs
D008,U-0231,intense,legs
D008,U-0232,standard,full_body
D008,U-0233,flexible,upper
D008,U-0234,express,full_body
D008,U-0235,express,pull
D008,U-0236,intense,legs
D008,U-0237,flexible,push
D008,U-0238,intense,pull
D008,U-0239,standard,full_body
D008,U-0240,standard,pull
D008,U-0241,flexible,legs
D008,U-0242,flexible,upper
D008,U-0243,intense,legs
D008,U-0244,flexible,upper
D008,U-0245,flexible,pull
D008,U-0246,flexible,pull
D008,U-0247,standard,pull
D008,U-0248,intense,push
D008,U-0249,standard,legs
D008,U-0250,flexible,upper
D008,U-0251,intense,upper
D008,U-0252,flexible,full_body
D008,U-0253,standard,push
D008,U-0254,standard,push
D008,U-0255,intense,pull
D008,U-0256,flexible,full_body
D008,U-0257,express,legs
D008,U-0258,intense,push
D008,U-0259,standard,push
D008,U-0260,intense,legs
D008,U-0261,intense,legs
D008,U-0262,flexible,push
D008,U-0263,intense,upper
D008,U-0264,flexible,pull
D008,U-0265,flexible,push
D008,U-0266,flexible,upper
D008,U-0267,flexible,legs
D008,U-0268,standard,legs
D008,U-0269,standard,legs
D008,U-0270,intense,push
D008,U-0271,intense,upper
D008,U-0272,intense,pull
D008,U-0273,flexible,push
D008,U-0274,express,upper
D008,U-0275,flexible,upper
D008,U-0276,standard,pull
D008,U-0277,intense,legs
D008,U-0278,standard,upper
D008,U-0279,express,upper
D008,U-0280,standard,legs
D008,U-0281,express,push
D008,U-0282,intense,push
D008,U-0283,intense,legs
D008,U-0284,flexible,pull
D008,U-0285,standard,push
D008,U-0286,flexible,upper
D008,U-0287,express,full_body
D008,U-0288,standard,full_body
D008,U-0289,intense,push
D008,U-0290,flexible,full_body
D008,U-0291,intense,pull
D008,U-0292,flexible,upper
D008,U-0293,standard,legs
D008,U-0294,standard,upper
D008,U-0295,standard,full_body
D008,U-0296,standard,pull
D008,U-0297,intense,legs
D008,U-0298,flexible,legs
D008,U-0299,flexible,full_body
D008,U-0300,standard,legs
D008,U-0301,intense,legs
D008,U-0302,intense,legs
D008,U-0303,flexible,upper
D008,U-0304,intense,pull
D008,U-0305,flexible,upper
D008,U-0306,flexible,pull
D008,U-0307,standard,upper
D008,U-0308,intense,upper
D008,U-0309,standard,full_body
D008,U-0310,standard,pull
D008,U-0311,standard,upper
D008,U-0312,flexible,upper
D008,U-0313,flexible,upper
D008,U-0314,intense,pull
D008,U-0315,standard,pull
D008,U-0316,flexible,full_body
D008,U-0317,standard,legs
D008,U-0318,express,push
D008,U-0319,standard,push
D008,U-0320,standard,legs
D008,U-0321,standard,full_body
D008,U-0322,express,upper
D008,U-0323,flexible,push
D008,U-0324,flexible,legs
D008,U-0325,intense,legs
D008,U-0326,flexible,full_body
D008,U-0327,intense,legs
D008,U-0328,intense,pull
D008,U-0329,intense,legs
D008,U-0330,flexible,upper
D008,U-0331,standard,full_body
D008,U-0332,flexible,upper
D008,U-0333,intense,push
D008,U-0334,express,legs
D008,U-0335,standard,push
D008,U-0336,flexible,upper
D008,U-0337,standard,push
D008,U-0338,flexible,pull
D008,U-0339,standard,upper
D008,U-0340,standard,legs
D008,U-0341,express,upper
D008,U-0342,intense,upper
D008,U-0343,express,upper
D008,U-0344,express,upper
D008,U-0345,standard,full_body
D008,U-0346,flexible,push
D008,U-0347,intense,legs
D008,U-0348,standard,full_body
D008,U-0349,standard,upper
D008,U-0350,express,legs
D008,U-0351,intense,push
D008,U-0352,standard,push
D008,U-0353,flexible,upper
D008,U-0354,intense,legs
D008,U-0355,intense,push
D008,U-0356,flexible,upper
D008,U-0357,intense,pull
D008,U-0358,intense,pull
D008,U-0359,flexible,upper
D008,U-0360,standard,upper
D008,U-0361,express,legs
D008,U-0362,flexible,upper
D008,U-0363,flexible,pull
D008,U-0364,flexible,upper
D008,U-0365,express,push
D008,U-0366,flexible,full_body
D008,U-0367,standard,full_body
D008,U-0368,flexible,upper
D008,U-0369,intense,push
D008,U-0370,intense,legs
D008,U-0371,intense,upper
D008,U-0372,flexible,full_body
D008,U-0373,flexible,full_body
D008,U-0374,intense,push
D008,U-0375,flexible,upper
D008,U-0376,standard,push
D008,U-0377,standard,push
D008,U-0378,express,legs
D008,U-0379,standard,legs
D008,U-0380,standard,upper
D008,U-0381,standard,upper
D009,U-0001,standard,pull
D009,U-0002,standard,upper
D009,U-0003,flexible,pull
D009,U-0004,flexible,upper
D009,U-0005,standard,pull
D009,U-0006,flexible,full_body
D009,U-0007,intense,upper
D009,U-0008,intense,legs
D009,U-0009,flexible,upper
D009,U-0010,intense,push
D009,U-0011,intense,push
D009,U-0012,flexible,pull
D009,U-0013,intense,push
D009,U-0014,flexible,full_body
D009,U-0015,intense,pull
D009,U-0016,flexible,upper
D009,U-0017,flexible,full_body
D009,U-0018,standard,upper
D009,U-0019,standard,full_body
D009,U-0020,standard,push
D009,U-0021,standard,pull
D009,U-0022,standard,upper
D009,U-0023,intense,push
D009,U-0024,express,upper
D009,U-0025,standard,push
D009,U-0026,standard,pull
D009,U-0027,standard,upper
D009,U-0028,flexible,pull
D009,U-0029,express,full_body
D009,U-0030,standard,pull
D009,U-0031,standard,upper
D009,U-0032,flexible,legs
D009,U-0033,standard,push
D009,U-0034,standard,legs
D009,U-0035,intense,legs
D009,U-0036,express,upper
D009,U-0037,express,push
D009,U-0038,flexible,push
D009,U-0039,standard,push
D009,U-0040,flexible,legs
D009,U-0041,flexible,push
D009,U-0042,flexible,full_body
D009,U-0043,standard,pull
D009,U-0044,express,upper
D009,U-0045,standard,pull
D009,U-0046,flexible,upper
D009,U-0047,intense,upper
D009,U-0048,standard,legs
D009,U-0049,express,push
D009,U-0050,intense,legs
D009,U-0051,intense,push
D009,U-0052,standard,upper
D009,U-0053,flexible,legs
D009,U-0054,flexible,upper
D009,U-0055,intense,full_body
D009,U-0056,intense,pull
D009,U-0057,express,legs
D009,U-0058,intense,push
D009,U-0059,intense,push
D009,U-0060,flexible,upper
D009,U-0061,flexible,upper
D009,U-0062,flexible,upper
D009,U-0063,flexible,upper
D009,U-0064,standard,pull
D009,U-0065,intense,pull
D009,U-0066,flexible,full_body
D009,U-0067,standard,pull
D009,U-0068,intense,push
D009,U-0069,intense,push
D009,U-0070,intense,full_body
D009,U-0071,standard,full_body
D009,U-0072,standard,upper
D009,U-0073,flexible,full_body
D009,U-0074,intense,push
D009,U-0075,express,push
D009,U-0076,express,pull
D009,U-0077,express,pull
D009,U-0078,express,upper
D009,U-0079,intense,push
D009,U-0080,flexible,full_body
D009,U-0081,standard,push
D009,U-0082,standard,pull
D009,U-0083,express,legs
D009,U-0084,flexible,push
D009,U-0085,standard,legs
D009,U-0086,intense,push
D009,U-0087,flexible,push
D009,U-0088,intense,legs
D009,U-0089,intense,upper
D009,U-0090,standard,push
D009,U-0091,standard,upper
D009,U-0092,intense,legs
D009,U-0093,standard,upper
D009,U-0094,standard,upper
D009,U-0095,standard,upper
D009,U-0096,intense,legs
D009,U-0097,standard,push
D009,U-0098,intense,legs
D009,U-0099,express,full_body
D009,U-0100,flexible,pull
D009,U-0101,flexible,legs
D009,U-0102,intense,legs
D009,U-0103,express,legs
D009,U-0104,flexible,pull
D009,U-0105,intense,pull
D009,U-0106,flexible,push
D009,U-0107,intense,upper
D009,U-0108,standard,legs
D009,U-0109,intense,upper
D009,U-0110,standard,full_body
D009,U-0111,intense,pull
D009,U-0112,express,full_body
D009,U-0113,flexible,full_body
D009,U-0114,flexible,legs
D009,U-0115,standard,push
D009,U-0116,express,pull
D009,U-0117,standard,push
D009,U-0118,intense,pull
D009,U-0119,express,pull
D009,U-0120,standard,pull
D009,U-0121,flexible,full_body
D009,U-0122,intense,legs
D009,U-0123,express,upper
D009,U-0124,intense,full_body
D009,U-0125,flexible,push
D009,U-0126,flexible,full_body
D009,U-0127,flexible,legs
D009,U-0128,express,legs
D009,U-0129,express,pull
D009,U-0130,express,legs
D009,U-0131,intense,full_body
D009,U-0132,standard,full_body
D009,U-0133,flexible,full_body
D009,U-0134,flexible,upper
D009,U-0135,standard,push
D009,U-0136,intense,push
D009,U-0137,express,pull
D009,U-0138,intense,pull
D009,U-0139,express,push
D009,U-0140,intense,full_body
D009,U-0141,express,full_body
D009,U-0142,express,full_body
D009,U-0143,intense,push
D009,U-0144,flexible,full_body
D009,U-0145,intense,legs
D009,U-0146,intense,pull
D009,U-0147,intense,pull
D009,U-0148,intense,legs
D009,U-0149,flexible,upper
D009,U-0150,express,push
D009,U-0151,standard,upper
D009,U-0152,intense,push
D009,U-0153,flexible,legs
D009,U-0154,intense,push
D009,U-0155,standard,pull
D009,U-0156,intense,pull
D009,U-0157,intense,push
D009,U-0158,flexible,full_body
D009,U-0159,flexible,upper
D009,U-0160,flexible,push
D009,U-0161,flexible,pull
D009,U-0162,intense,pull
D009,U-0163,intense,push
D009,U-0164,flexible,legs
D009,U-0165,intense,push
D009,U-0166,intense,push
D009,U-0167,intense,legs
D009,U-0168,flexible,upper
D009,U-0169,intense,upper
D009,U-0170,express,push
D009,U-0171,standard,push
D009,U-0172,flexible,push
D009,U-0173,intense,push
D009,U-0174,express,legs
D009,U-0175,flexible,push
D009,U-0176,intense,upper
D009,U-0177,standard,legs
D009,U-0178,standard,full_body
D009,U-0179,intense,upper
D009,U-0180,intense,legs
D009,U-0181,intense,legs
D009,U-0182,flexible,upper
D009,U-0183,express,legs
D009,U-0184,flexible,upper
D009,U-0185,intense,upper
D009,U-0186,standard,push
D009,U-0187,standard,upper
D009,U-0188,standard,upper
D009,U-0189,standard,full_body
D009,U-0190,express,push
D009,U-0191,intense,full_body
D009,U-0192,standard,pull
D009,U-0193,intense,push
D009,U-0194,intense,pull
D009,U-0195,flexible,upper
D009,U-0196,standard,full_body
D009,U-0197,standard,pull
D009,U-0198,intense,pull
D009,U-0199,intense,upper
D009,U-0200,standard,upper
D009,U-0201,express,pull
D009,U-0202,standard,pull
D009,U-0203,express,legs
D009,U-0204,standard,push
D009,U-0205,intense,push
D009,U-0206,standard,push
D009,U-0207,standard,push
D009,U-0208,flexible,pull
D009,U-0209,intense,pull
D009,U-0210,standard,push
D009,U-0211,flexible,upper
D009,U-0212,intense,full_body
D009,U-0213,intense,push
D009,U-0214,intense,push
D009,U-0215,standard,push
D009,U-0216,express,push
D009,U-0217,standard,upper
D009,U-0218,express,pull
D009,U-0219,flexible,upper
D009,U-0220,flexible,legs
D009,U-0221,express,full_body
D009,U-0222,standard,upper
D009,U-0223,flexible,pull
D009,U-0224,standard,pull
D009,U-0225,express,full_body
D009,U-0226,standard,push
D009,U-0227,express,full_body
D009,U-0228,express,full_body
D009,U-0229,flexible,full_body
D009,U-0230,flexible,legs
D009,U-0231,standard,upper
D009,U-0232,standard,full_body
D009,U-0233,intense,legs
D009,U-0234,intense,upper
D009,U-0235,flexible,upper
D009,U-0236,flexible,pull
D009,U-0237,intense,push
D009,U-0238,intense,legs
D009,U-0239,intense,pull
D009,U-0240,standard,legs
D009,U-0241,intense,legs
D009,U-0242,standard,push
D009,U-0243,standard,push
D009,U-0244,flexible,pull
D009,U-0245,intense,push
D009,U-0246,standard,upper
D009,U-0247,intense,pull
D009,U-0248,standard,full_body
D009,U-0249,standard,push
D009,U-0250,flexible,upper
D009,U-0251,intense,pull
D009,U-0252,flexible,upper
D009,U-0253,standard,pull
D009,U-0254,standard,legs
D009,U-0255,standard,push
D009,U-0256,intense,full_body
D009,U-0257,standard,upper
D009,U-0258,intense,full_body
D009,U-0259,intense,pull
D009,U-0260,standard,legs
D009,U-0261,express,full_body
D009,U-0262,intense,legs
D009,U-0263,standard,full_body
D009,U-0264,flexible,upper
D009,U-0265,standard,upper
D009,U-0266,intense,upper
D009,U-0267,standard,pull
D009,U-0268,standard,legs
D009,U-0269,intense,legs
D009,U-0270,intense,push
D009,U-0271,express,legs
D009,U-0272,standard,legs
D009,U-0273,express,push
D009,U-0274,intense,legs
D009,U-0275,intense,legs
D009,U-0276,standard,push
D009,U-0277,flexible,upper
D009,U-0278,flexible,push
D009,U-0279,standard,pull
D009,U-0280,intense,legs
D009,U-0281,flexible,pull
D009,U-0282,express,push
D009,U-0283,standard,full_body
D009,U-0284,standard,push
D009,U-0285,express,pull
D009,U-0286,flexible,push
D009,U-0287,intense,legs
D009,U-0288,flexible,pull
D009,U-0289,intense,pull
D009,U-0290,flexible,pull
D009,U-0291,intense,upper
D009,U-0292,intense,legs
D009,U-0293,standard,push
D009,U-0294,intense,full_body
D009,U-0295,intense,full_body
D009,U-0296,flexible,full_body
D009,U-0297,express,upper
D009,U-0298,intense,pull
D009,U-0299,flexible,push
D009,U-0300,standard,legs
D009,U-0301,intense,full_body
D009,U-0302,flexible,full_body
D009,U-0303,intense,pull
D009,U-0304,standard,pull
D009,U-0305,intense,legs
D009,U-0306,standard,push
D009,U-0307,intense,upper
D009,U-0308,flexible,upper
D009,U-0309,express,pull
D009,U-0310,intense,push
D009,U-0311,flexible,pull
D009,U-0312,flexible,upper
D009,U-0313,standard,push
D009,U-0314,express,pull
D009,U-0315,standard,upper
D009,U-0316,standard,pull
D009,U-0317,intense,push
D009,U-0318,flexible,push
D009,U-0319,standard,pull
D009,U-0320,flexible,upper
D009,U-0321,standard,full_body
D009,U-0322,intense,pull
D009,U-0323,intense,pull
D009,U-0324,intense,legs
D009,U-0325,standard,full_body
D009,U-0326,express,push
D009,U-0327,intense,pull
D009,U-0328,standard,push
D009,U-0329,flexible,push
D009,U-0330,intense,upper
D009,U-0331,standard,push
D009,U-0332,intense,legs
D009,U-0333,standard,upper
D009,U-0334,standard,full_body
D009,U-0335,express,legs
D009,U-0336,flexible,push
D009,U-0337,intense,full_body
D009,U-0338,intense,pull
D009,U-0339,flexible,upper
D009,U-0340,flexible,upper
D009,U-0341,express,upper
D009,U-0342,intense,push
D009,U-0343,flexible,legs
D010,U-0001,express,full_body
D010,U-0002,standard,full_body
D010,U-0003,express,pull
D010,U-0004,standard,legs
D010,U-0005,intense,upper
D010,U-0006,intense,push
D010,U-0007,express,upper
D010,U-0008,standard,push
D010,U-0009,standard,legs
D010,U-0010,flexible,full_body
D010,U-0011,intense,push
D010,U-0012,flexible,upper
D010,U-0013,standard,push
D010,U-0014,standard,push
D010,U-0015,express,legs
D010,U-0016,standard,legs
D010,U-0017,express,full_body
D010,U-0018,standard,legs
D010,U-0019,flexible,push
D010,U-0020,flexible,pull
D010,U-0021,express,pull
D010,U-0022,flexible,full_body
D010,U-0023,express,push
D010,U-0024,intense,full_body
D010,U-0025,flexible,legs
D010,U-0026,express,pull
D010,U-0027,intense,pull
D010,U-0028,standard,full_body
D010,U-0029,express,full_body
D010,U-0030,standard,pull
D010,U-0031,flexible,full_body
D010,U-0032,standard,full_body
D010,U-0033,standard,upper
D010,U-0034,intense,legs
D010,U-0035,flexible,upper
D010,U-0036,intense,push
D010,U-0037,intense,push
D010,U-0038,express,push
D010,U-0039,express,full_body
D010,U-0040,flexible,push
D010,U-0041,intense,upper
D010,U-0042,intense,legs
D010,U-0043,flexible,full_body
D010,U-0044,flexible,pull
D010,U-0045,intense,legs
D010,U-0046,flexible,push
D010,U-0047,express,legs
D010,U-0048,flexible,upper
D010,U-0049,flexible,upper
D010,U-0050,intense,pull
D010,U-0051,flexible,full_body
D010,U-0052,standard,pull
D010,U-0053,standard,pull
D010,U-0054,standard,upper
D010,U-0055,standard,upper
D010,U-0056,flexible,pull
D010,U-0057,flexible,full_body
D010,U-0058,standard,push
D010,U-0059,standard,pull
D010,U-0060,standard,legs
D010,U-0061,express,pull
D010,U-0062,standard,pull
D010,U-0063,intense,push
D010,U-0064,express,push
D010,U-0065,flexible,full_body
D010,U-0066,intense,legs
D010,U-0067,intense,legs
D010,U-0068,intense,push
D010,U-0069,flexible,pull
D010,U-0070,standard,full_body
D010,U-0071,express,legs
D010,U-0072,standard,upper
D010,U-0073,intense,upper
D010,U-0074,standard,upper
D010,U-0075,intense,legs
D010,U-0076,intense,pull
D010,U-0077,express,legs
D010,U-0078,express,push
D010,U-0079,intense,push
D010,U-0080,express,pull
D010,U-0081,express,push
D010,U-0082,intense,legs
D010,U-0083,intense,pull
D010,U-0084,standard,push
D010,U-0085,intense,full_body
D010,U-0086,flexible,pull
D010,U-0087,intense,upper
D010,U-0088,standard,upper
D010,U-0089,flexible,legs
D010,U-0090,express,pull
D010,U-0091,intense,legs
D010,U-0092,standard,legs
D010,U-0093,intense,full_body
D010,U-0094,express,legs
D010,U-0095,standard,push
D010,U-0096,standard,full_body
D010,U-0097,standard,upper
D010,U-0098,flexible,full_body
D010,U-0099,standard,upper
D010,U-0100,flexible,full_body
D010,U-0101,standard,full_body
D010,U-0102,standard,pull
D010,U-0103,standard,pull
D010,U-0104,intense,push
D010,U-0105,intense,pull
D010,U-0106,intense,pull
D010,U-0107,flexible,push
D010,U-0108,flexible,upper
D010,U-0109,standard,pull
D010,U-0110,intense,pull
D010,U-0111,intense,push
D010,U-0112,express,pull
D010,U-0113,flexible,legs
D010,U-0114,flexible,upper
D010,U-0115,intense,pull
D010,U-0116,intense,push
D010,U-0117,flexible,upper
D010,U-0118,flexible,upper
D010,U-0119,standard,pull
D010,U-0120,flexible,upper
D010,U-0121,flexible,full_body
D010,U-0122,flexible,upper
D010,U-0123,flexible,legs
D010,U-0124,intense,upper
D010,U-0125,flexible,legs
D010,U-0126,intense,push
D010,U-0127,express,pull
D010,U-0128,flexible,full_body
D010,U-0129,standard,full_body
D010,U-0130,flexible,push
D010,U-0131,standard,upper
D010,U-0132,express,upper
D010,U-0133,intense,pull
D010,U-0134,standard,legs
D010,U-0135,express,full_body
D010,U-0136,intense,pull
D010,U-0137,intense,push
D010,U-0138,standard,pull
D010,U-0139,standard,full_body
D010,U-0140,flexible,upper
D010,U-0141,intense,legs
D010,U-0142,intense,full_body
D010,U-0143,flexible,push
D010,U-0144,intense,legs
D010,U-0145,flexible,legs
D010,U-0146,flexible,full_body
D010,U-0147,intense,pull
D010,U-0148,intense,legs
D010,U-0149,express,upper
D010,U-0150,express,pull
D010,U-0151,intense,push
D010,U-0152,intense,pull
D010,U-0153,flexible,legs
D010,U-0154,standard,full_body
D010,U-0155,flexible,pull
D010,U-0156,standard,full_body
D010,U-0157,standard,push
D010,U-0158,intense,legs
D010,U-0159,standard,legs
D010,U-0160,standard,push
D010,U-0161,intense,legs
D010,U-0162,flexible,pull
D010,U-0163,standard,push
D010,U-0164,standard,pull
D010,U-0165,intense,push
D010,U-0166,express,push
D010,U-0167,express,pull
D010,U-0168,flexible,full_body
D010,U-0169,flexible,full_body
D010,U-0170,express,legs
D010,U-0171,standard,pull
D010,U-0172,intense,upper
D010,U-0173,flexible,upper
D010,U-0174,flexible,full_body
D010,U-0175,flexible,push
D010,U-0176,standard,push
D010,U-0177,intense,pull
D010,U-0178,standard,push
D010,U-0179,intense,pull
D010,U-0180,flexible,legs
D010,U-0181,standard,upper
D010,U-0182,intense,pull
D010,U-0183,intense,upper
D010,U-0184,intense,full_body
D010,U-0185,express,legs
D010,U-0186,intense,full_body
D010,U-0187,flexible,full_body
D010,U-0188,flexible,full_body
D010,U-0189,standard,full_body
D010,U-0190,express,pull
D010,U-0191,flexible,legs
D010,U-0192,flexible,full_body
D010,U-0193,intense,pull
D010,U-0194,standard,push
D010,U-0195,intense,pull
D010,U-0196,express,push
D010,U-0197,intense,legs
D010,U-0198,standard,upper
D010,U-0199,standard,push
D010,U-0200,standard,legs
D010,U-0201,standard,push
D010,U-0202,standard,full_body
D010,U-0203,intense,pull
D010,U-0204,flexible,upper
D010,U-0205,intense,push
D010,U-0206,express,upper
D010,U-0207,standard,push
D010,U-0208,standard,legs
D010,U-0209,intense,push
D010,U-0210,intense,pull
D010,U-0211,intense,push
D010,U-0212,flexible,legs
D010,U-0213,flexible,pull
D010,U-0214,flexible,push
D010,U-0215,flexible,legs
D010,U-0216,flexible,pull
D010,U-0217,flexible,full_body
D010,U-0218,intense,legs
D010,U-0219,express,push
D010,U-0220,standard,legs
D010,U-0221,standard,upper
D010,U-0222,standard,full_body
D010,U-0223,flexible,legs
D010,U-0224,flexible,legs
D010,U-0225,intense,upper
D010,U-0226,flexible,upper
D010,U-0227,intense,upper
D010,U-0228,express,full_body
D010,U-0229,flexible,upper
D010,U-0230,intense,full_body
D010,U-0231,standard,legs
D010,U-0232,intense,legs
D010,U-0233,intense,legs
D010,U-0234,intense,pull
D010,U-0235,standard,legs
D010,U-0236,standard,legs
D010,U-0237,flexible,legs
D010,U-0238,express,pull
D010,U-0239,standard,upper
D010,U-0240,intense,upper
D010,U-0241,flexible,full_body
D010,U-0242,flexible,legs
D010,U-0243,flexible,full_body
D010,U-0244,intense,legs
D010,U-0245,flexible,full_body
D010,U-0246,express,upper
D010,U-0247,express,pull
D010,U-0248,standard,upper
D010,U-0249,standard,upper
D010,U-0250,intense,push
D010,U-0251,express,full_body
D010,U-0252,standard,push
D010,U-0253,flexible,upper
D010,U-0254,standard,upper
D010,U-0255,standard,push
D010,U-0256,flexible,pull
D010,U-0257,intense,legs
D010,U-0258,express,push
D010,U-0259,flexible,upper
D010,U-0260,intense,pull
D010,U-0261,express,full_body
D010,U-0262,standard,push
D010,U-0263,intense,pull
D010,U-0264,intense,push
D010,U-0265,flexible,push
D010,U-0266,flexible,upper
D010,U-0267,standard,full_body
D010,U-0268,standard,pull
D010,U-0269,intense,pull
D010,U-0270,flexible,pull
D010,U-0271,intense,push
D010,U-0272,standard,pull
D010,U-0273,flexible,full_body
D010,U-0274,express,legs
D010,U-0275,standard,upper
D010,U-0276,flexible,legs
D010,U-0277,standard,full_body
D010,U-0278,intense,pull
D010,U-0279,express,pull
D010,U-0280,standard,push
D010,U-0281,express,push
D010,U-0282,flexible,upper
D010,U-0283,express,pull
D010,U-0284,flexible,full_body
D010,U-0285,standard,legs
D010,U-0286,standard,legs
D010,U-0287,intense,full_body
D010,U-0288,standard,full_body
D010,U-0289,flexible,upper
D010,U-0290,express,full_body
D010,U-0291,standard,upper
D010,U-0292,intense,upper
D010,U-0293,flexible,upper
D010,U-0294,intense,push
D010,U-0295,standard,legs
D010,U-0296,intense,pull
D010,U-0297,standard,pull
D010,U-0298,standard,legs
D010,U-0299,express,pull
D010,U-0300,intense,upper
D010,U-0301,flexible,pull
D010,U-0302,standard,full_body
D010,U-0303,flexible,upper
D010,U-0304,standard,pull
D010,U-0305,intense,pull
D010,U-0306,flexible,legs
D010,U-0307,intense,legs
D010,U-0308,standard,full_body
D010,U-0309,express,upper
D010,U-0310,express,upper
D010,U-0311,flexible,pull
D010,U-0312,standard,upper
D010,U-0313,flexible,legs
D010,U-0314,standard,pull
D010,U-0315,flexible,upper
D010,U-0316,standard,pull
D010,U-0317,flexible,full_body
D010,U-0318,intense,legs
D010,U-0319,flexible,push
D010,U-0320,express,legs
D010,U-0321,intense,upper
D010,U-0322,intense,pull
D010,U-0323,flexible,full_body
D010,U-0324,standard,full_body
D010,U-0325,standard,upper
D010,U-0326,standard,full_body
D010,U-0327,intense,legs
D010,U-0328,flexible,push
D010,U-0329,flexible,upper
D010,U-0330,intense,legs
D010,U-0331,standard,full_body
D010,U-0332,standard,pull
D010,U-0333,flexible,legs
D010,U-0334,standard,push
D010,U-0335,standard,push
D010,U-0336,intense,push
D010,U-0337,flexible,upper
D010,U-0338,flexible,pull
D010,U-0339,flexible,push
D010,U-0340,standard,upper
D010,U-0341,flexible,full_body
D010,U-0342,standard,push
D010,U-0343,flexible,pull
D010,U-0344,flexible,legs
D010,U-0345,standard,push
D010,U-0346,standard,upper
D010,U-0347,standard,full_body
D010,U-0348,flexible,pull
D010,U-0349,express,pull
D010,U-0350,flexible,upper
D010,U-0351,standard,legs
D010,U-0352,intense,push
D010,U-0353,standard,push
D010,U-0354,flexible,upper
D010,U-0355,intense,push
D010,U-0356,flexible,legs
D010,U-0357,flexible,full_body
D010,U-0358,intense,upper
D010,U-0359,standard,legs
D010,U-0360,intense,push
D010,U-0361,standard,legs
D010,U-0362,flexible,push
D010,U-0363,intense,pull
D010,U-0364,flexible,upper
D010,U-0365,flexible,upper
D010,U-0366,express,full_body
D010,U-0367,standard,upper
D010,U-0368,standard,upper
D010,U-0369,intense,push
D010,U-0370,standard,legs
D010,U-0371,flexible,legs
D010,U-0372,standard,legs
D010,U-0373,standard,pull
D010,U-0374,standard,legs
D010,U-0375,intense,push
D011,U-0001,flexible,legs
D011,U-0002,intense,push
D011,U-0003,intense,upper
D011,U-0004,flexible,upper
D011,U-0005,flexible,push
D011,U-0006,flexible,full_body
D011,U-0007,flexible,upper
D011,U-0008,intense,legs
D011,U-0009,express,push
D011,U-0010,standard,push
D011,U-0011,flexible,full_body
D011,U-0012,flexible,upper
D011,U-0013,intense,pull
D011,U-0014,flexible,pull
D011,U-0015,flexible,upper
D011,U-0016,standard,legs
D011,U-0017,flexible,push
D011,U-0018,standard,upper
D011,U-0019,standard,full_body
D011,U-0020,flexible,pull
D011,U-0021,flexible,full_body
D011,U-0022,intense,pull
D011,U-0023,express,pull
D011,U-0024,intense,push
D011,U-0025,express,push
D011,U-0026,intense,legs
D011,U-0027,express,pull
D011,U-0028,intense,legs
D011,U-0029,flexible,upper
D011,U-0030,flexible,legs
D011,U-0031,express,upper
D011,U-0032,flexible,upper
D011,U-0033,flexible,pull
D011,U-0034,standard,pull
D011,U-0035,standard,pull
D011,U-0036,intense,push
D011,U-0037,express,push
D011,U-0038,intense,upper
D011,U-0039,flexible,legs
D011,U-0040,standard,pull
D011,U-0041,flexible,upper
D011,U-0042,flexible,push
D011,U-0043,flexible,push
D011,U-0044,flexible,legs
D011,U-0045,flexible,legs
D011,U-0046,flexible,legs
D011,U-0047,intense,pull
D011,U-0048,standard,push
D011,U-0049,standard,full_body
D011,U-0050,standard,upper
D011,U-0051,flexible,full_body
D011,U-0052,express,push
D011,U-0053,standard,pull
D011,U-0054,intense,legs
D011,U-0055,flexible,full_body
D011,U-0056,flexible,full_body
D011,U-0057,intense,upper
D011,U-0058,intense,legs
D011,U-0059,standard,upper
D011,U-0060,intense,upper
D011,U-0061,standard,pull
D011,U-0062,standard,upper
D011,U-0063,standard,legs
D011,U-0064,express,full_body
D011,U-0065,standard,legs
D011,U-0066,intense,push
D011,U-0067,intense,push
D011,U-0068,flexible,upper
D011,U-0069,intense,pull
D011,U-0070,flexible,full_body
D011,U-0071,flexible,full_body
D011,U-0072,intense,push
D011,U-0073,intense,legs
D011,U-0074,standard,full_body
D011,U-0075,standard,pull
D011,U-0076,standard,pull
D011,U-0077,standard,upper
D011,U-0078,flexible,pull
D011,U-0079,standard,upper
D011,U-0080,flexible,upper
D011,U-0081,standard,upper
D011,U-0082,flexible,legs
D011,U-0083,express,pull
D011,U-0084,intense,legs
D011,U-0085,intense,pull
D011,U-0086,intense,upper
D011,U-0087,standard,upper
D011,U-0088,express,push
D011,U-0089,standard,push
D011,U-0090,flexible,push
D011,U-0091,standard,push
D011,U-0092,flexible,full_body
D011,U-0093,express,legs
D011,U-0094,flexible,upper
D011,U-0095,standard,pull
D011,U-0096,flexible,upper
D011,U-0097,flexible,pull
D011,U-0098,intense,pull
D011,U-0099,standard,push
D011,U-0100,express,legs
D011,U-0101,flexible,upper
D011,U-0102,intense,pull
D011,U-0103,standard,upper
D011,U-0104,intense,upper
D011,U-0105,standard,legs
D011,U-0106,flexible,push
D011,U-0107,flexible,pull
D011,U-0108,intense,push
D011,U-0109,intense,push
D011,U-0110,standard,pull
D011,U-0111,standard,upper
D011,U-0112,standard,upper
D011,U-0113,express,push
D011,U-0114,flexible,full_body
D011,U-0115,flexible,push
D011,U-0116,intense,pull
D011,U-0117,intense,full_body
D011,U-0118,standard,push
D011,U-0119,express,upper
D011,U-0120,standard,legs
D011,U-0121,express,push
D011,U-0122,flexible,pull
D011,U-0123,express,pull
D011,U-0124,flexible,legs
D011,U-0125,flexible,upper
D011,U-0126,standard,full_body
D011,U-0127,intense,push
D011,U-0128,standard,pull
D011,U-0129,flexible,push
D011,U-0130,flexible,legs
D011,U-0131,intense,legs
D011,U-0132,standard,legs
D011,U-0133,flexible,legs
D011,U-0134,flexible,push
D011,U-0135,intense,legs
D011,U-0136,standard,upper
D011,U-0137,standard,push
D011,U-0138,standard,upper
D011,U-0139,express,push
D011,U-0140,standard,push
D011,U-0141,intense,full_body
D011,U-0142,express,pull
D011,U-0143,express,pull
D011,U-0144,intense,pull
D011,U-0145,standard,upper
D011,U-0146,flexible,legs
D011,U-0147,intense,push
D011,U-0148,intense,upper
D011,U-0149,intense,upper
D011,U-0150,intense,upper
D011,U-0151,flexible,upper
D011,U-0152,flexible,legs
D011,U-0153,intense,push
D011,U-0154,standard,upper
D011,U-0155,intense,pull
D011,U-0156,standard,push
D011,U-0157,standard,legs
D011,U-0158,express,push
D011,U-0159,standard,pull
D011,U-0160,flexible,push
D011,U-0161,express,pull
D011,U-0162,intense,upper
D011,U-0163,standard,push
D011,U-0164,standard,legs
D011,U-0165,flexible,legs
D011,U-0166,standard,push
D011,U-0167,standard,legs
D011,U-0168,flexible,push
D011,U-0169,intense,upper
D011,U-0170,standard,pull
D011,U-0171,intense,pull
D011,U-0172,standard,legs
D011,U-0173,express,legs
D011,U-0174,standard,upper
D011,U-0175,flexible,pull
D011,U-0176,intense,legs
D011,U-0177,standard,upper
D011,U-0178,express,upper
D011,U-0179,express,push
D011,U-0180,standard,upper
D011,U-0181,express,upper
D011,U-0182,intense,legs
D011,U-0183,flexible,full_body
D011,U-0184,standard,pull
D011,U-0185,standard,pull
D011,U-0186,standard,upper
D011,U-0187,flexible,pull
D011,U-0188,standard,full_body
D011,U-0189,intense,push
D011,U-0190,standard,legs
D011,U-0191,standard,upper
D011,U-0192,intense,full_body
D011,U-0193,express,upper
D011,U-0194,standard,pull
D011,U-0195,flexible,upper
D011,U-0196,flexible,pull
D011,U-0197,standard,push
D011,U-0198,intense,push
D011,U-0199,standard,full_body
D011,U-0200,standard,legs
D011,U-0201,intense,legs
D011,U-0202,flexible,legs
D011,U-0203,standard,upper
D011,U-0204,flexible,legs
D011,U-0205,express,push
D011,U-0206,express,legs
D011,U-0207,standard,push
D011,U-0208,flexible,upper
D011,U-0209,intense,pull
D011,U-0210,flexible,pull
D011,U-0211,intense,pull
D011,U-0212,flexible,full_body
D011,U-0213,standard,push
D011,U-0214,intense,upper
D011,U-0215,express,push
D011,U-0216,standard,pull
D011,U-0217,flexible,pull
D011,U-0218,express,push
D011,U-0219,flexible,push
D011,U-0220,intense,upper
D011,U-0221,express,push
D011,U-0222,flexible,push
D011,U-0223,intense,upper
D011,U-0224,intense,upper
D011,U-0225,flexible,upper
D011,U-0226,intense,push
D011,U-0227,standard,legs
D011,U-0228,standard,full_body
D011,U-0229,standard,pull
D011,U-0230,intense,legs
D011,U-0231,intense,legs
D011,U-0232,intense,pull
D011,U-0233,intense,push
D011,U-0234,flexible,legs
D011,U-0235,standard,push
D011,U-0236,intense,full_body
D011,U-0237,intense,pull
D011,U-0238,standard,full_body
D011,U-0239,intense,upper
D011,U-0240,express,pull
D011,U-0241,express,legs
D011,U-0242,flexible,push
D011,U-0243,standard,legs
D011,U-0244,express,upper
D011,U-0245,flexible,upper
D011,U-0246,intense,legs
D011,U-0247,intense,upper
D011,U-0248,intense,push
D011,U-0249,flexible,pull
D011,U-0250,standard,pull
D011,U-0251,intense,pull
D011,U-0252,intense,legs
D011,U-0253,express,legs
D011,U-0254,standard,push
D011,U-0255,flexible,pull
D011,U-0256,express,legs
D011,U-0257,intense,full_body
D011,U-0258,flexible,push
D011,U-0259,standard,upper
D011,U-0260,intense,pull
D011,U-0261,flexible,pull
D011,U-0262,intense,upper
D011,U-0263,flexible,upper
D011,U-0264,flexible,upper
D011,U-0265,express,pull
D011,U-0266,standard,full_body
D011,U-0267,intense,upper
D011,U-0268,intense,upper
D011,U-0269,standard,full_body
D011,U-0270,standard,pull
D011,U-0271,flexible,pull
D011,U-0272,standard,push
D011,U-0273,express,legs
D011,U-0274,intense,pull
D011,U-0275,intense,pull
D011,U-0276,intense,upper
D011,U-0277,standard,upper
D011,U-0278,flexible,push
D011,U-0279,standard,legs
D011,U-0280,intense,push
D011,U-0281,intense,pull
D011,U-0282,standard,legs
D011,U-0283,standard,upper
D011,U-0284,express,legs
D011,U-0285,intense,push
D011,U-0286,intense,legs
D011,U-0287,express,upper
D011,U-0288,standard,upper
D011,U-0289,flexible,upper
D011,U-0290,intense,legs
D011,U-0291,intense,push
D011,U-0292,intense,legs
D011,U-0293,standard,upper
D011,U-0294,standard,legs
D011,U-0295,standard,upper
D011,U-0296,intense,legs
D011,U-0297,flexible,full_body
D011,U-0298,standard,push
D011,U-0299,standard,full_body
D011,U-0300,intense,pull
D011,U-0301,flexible,pull
D011,U-0302,standard,push
D011,U-0303,flexible,full_body
D011,U-0304,intense,legs
D011,U-0305,standard,push
D011,U-0306,standard,full_body
D011,U-0307,express,upper
D011,U-0308,standard,pull
D011,U-0309,intense,full_body
D011,U-0310,express,push
D011,U-0311,flexible,pull
D011,U-0312,standard,push
D011,U-0313,flexible,full_body
D011,U-0314,flexible,upper
D011,U-0315,standard,full_body
D011,U-0316,express,legs
D011,U-0317,intense,push
D011,U-0318,flexible,full_body
D011,U-0319,flexible,pull
D011,U-0320,flexible,legs
D011,U-0321,intense,push
D011,U-0322,intense,full_body
D011,U-0323,intense,legs
D011,U-0324,standard,upper
D011,U-0325,flexible,push
D011,U-0326,standard,upper
D011,U-0327,standard,pull
D011,U-0328,express,pull
D011,U-0329,standard,upper
D011,U-0330,express,pull
D011,U-0331,standard,legs
D011,U-0332,standard,pull
D011,U-0333,flexible,upper
D011,U-0334,intense,full_body
D011,U-0335,standard,legs
D011,U-0336,flexible,legs
D011,U-0337,flexible,pull
D011,U-0338,flexible,upper
D011,U-0339,flexible,full_body
D011,U-0340,flexible,push
D011,U-0341,flexible,pull
D011,U-0342,flexible,full_body
D011,U-0343,intense,push
D011,U-0344,standard,legs
D011,U-0345,intense,upper
D011,U-0346,intense,full_body
D011,U-0347,intense,upper
D011,U-0348,standard,push
D011,U-0349,intense,legs
D011,U-0350,flexible,push
D011,U-0351,intense,upper
D011,U-0352,intense,upper
D011,U-0353,flexible,upper
D011,U-0354,flexible,full_body
D011,U-0355,intense,pull
D011,U-0356,intense,legs
D011,U-0357,standard,push
D011,U-0358,intense,push
D011,U-0359,express,upper
D011,U-0360,standard,upper
D011,U-0361,intense,legs
D011,U-0362,standard,pull
D011,U-0363,standard,upper
D011,U-0364,intense,upper
D011,U-0365,standard,push
D011,U-0366,flexible,pull
D011,U-0367,intense,legs
D011,U-0368,flexible,full_body
D011,U-0369,intense,legs
D011,U-0370,express,push
D011,U-0371,intense,pull
D011,U-0372,express,pull
D011,U-0373,standard,full_body
D011,U-0374,flexible,upper
D011,U-0375,flexible,legs
D011,U-0376,flexible,pull
D011,U-0377,standard,full_body
D011,U-0378,express,legs
D011,U-0379,express,upper
D011,U-0380,express,push
D011,U-0381,intense,pull
D011,U-0382,intense,push
D011,U-0383,flexible,pull
D011,U-0384,flexible,legs
D011,U-0385,intense,legs
D011,U-0386,standard,upper
D012,U-0001,intense,upper
D012,U-0002,express,legs
D012,U-0003,intense,pull
D012,U-0004,intense,legs
D012,U-0005,standard,push
D012,U-0006,flexible,full_body
D012,U-0007,flexible,upper
D012,U-0008,intense,legs
D012,U-0009,standard,upper
D012,U-0010,standard,full_body
D012,U-0011,express,upper
D012,U-0012,flexible,full_body
D012,U-0013,intense,pull
D012,U-0014,flexible,upper
D012,U-0015,flexible,pull
D012,U-0016,intense,full_body
D012,U-0017,intense,push
D012,U-0018,intense,upper
D012,U-0019,standard,upper
D012,U-0020,standard,upper
D012,U-0021,standard,full_body
D012,U-0022,standard,push
D012,U-0023,flexible,upper
D012,U-0024,intense,upper
D012,U-0025,flexible,upper
D012,U-0026,intense,upper
D012,U-0027,intense,upper
D012,U-0028,intense,pull
D012,U-0029,standard,push
D012,U-0030,standard,legs
D012,U-0031,flexible,legs
D012,U-0032,intense,full_body
D012,U-0033,express,upper
D012,U-0034,express,upper
D012,U-0035,flexible,full_body
D012,U-0036,intense,push
D012,U-0037,standard,legs
D012,U-0038,standard,legs
D012,U-0039,express,push
D012,U-0040,flexible,push
D012,U-0041,express,upper
D012,U-0042,flexible,legs
D012,U-0043,flexible,full_body
D012,U-0044,standard,push
D012,U-0045,standard,pull
D012,U-0046,flexible,push
D012,U-0047,flexible,full_body
D012,U-0048,standard,legs
D012,U-0049,flexible,upper
D012,U-0050,express,pull
D012,U-0051,intense,legs
D012,U-0052,express,pull
D012,U-0053,standard,push
D012,U-0054,flexible,upper
D012,U-0055,intense,upper
D012,U-0056,standard,upper
D012,U-0057,intense,legs
D012,U-0058,express,legs
D012,U-0059,standard,full_body
D012,U-0060,standard,full_body
D012,U-0061,standard,push
D012,U-0062,flexible,upper
D012,U-0063,flexible,full_body
D012,U-0064,intense,legs
D012,U-0065,standard,push
D012,U-0066,flexible,legs
D012,U-0067,flexible,upper
D012,U-0068,standard,push
D012,U-0069,standard,legs
D012,U-0070,express,pull
D012,U-0071,flexible,upper
D012,U-0072,flexible,full_body
D012,U-0073,intense,legs
D012,U-0074,standard,full_body
D012,U-0075,intense,push
D012,U-0076,flexible,legs
D012,U-0077,intense,upper
D012,U-0078,intense,legs
D012,U-0079,flexible,legs
D012,U-0080,flexible,push
D012,U-0081,flexible,upper
D012,U-0082,standard,push
D012,U-0083,intense,pull
D012,U-0084,standard,pull
D012,U-0085,flexible,push
D012,U-0086,flexible,upper
D012,U-0087,intense,legs
D012,U-0088,intense,full_body
D012,U-0089,express,legs
D012,U-0090,flexible,push
D012,U-0091,standard,pull
D012,U-0092,intense,legs
D012,U-0093,standard,upper
D012,U-0094,flexible,legs
D012,U-0095,express,upper
D012,U-0096,intense,pull
D012,U-0097,express,push
D012,U-0098,standard,legs
D012,U-0099,standard,legs
D012,U-0100,intense,push
D012,U-0101,flexible,pull
D012,U-0102,intense,pull
D012,U-0103,intense,push
D012,U-0104,flexible,full_body
D012,U-0105,intense,pull
D012,U-0106,standard,legs
D012,U-0107,express,pull
D012,U-0108,flexible,pull
D012,U-0109,express,legs
D012,U-0110,flexible,full_body
D012,U-0111,flexible,legs
D012,U-0112,standard,full_body
D012,U-0113,intense,upper
D012,U-0114,flexible,upper
D012,U-0115,flexible,push
D012,U-0116,intense,pull
D012,U-0117,standard,push
D012,U-0118,standard,full_body
D012,U-0119,intense,legs
D012,U-0120,flexible,full_body
D012,U-0121,standard,upper
D012,U-0122,express,legs
D012,U-0123,flexible,legs
D012,U-0124,standard,push
D012,U-0125,flexible,pull
D012,U-0126,express,push
D012,U-0127,standard,push
D012,U-0128,intense,upper
D012,U-0129,express,pull
D012,U-0130,flexible,upper
D012,U-0131,standard,push
D012,U-0132,express,pull
D012,U-0133,intense,pull
D012,U-0134,flexible,legs
D012,U-0135,express,push
D012,U-0136,intense,pull
D012,U-0137,standard,upper
D012,U-0138,flexible,pull
D012,U-0139,intense,legs
D012,U-0140,standard,push
D012,U-0141,flexible,full_body
D012,U-0142,flexible,upper
D012,U-0143,intense,legs
D012,U-0144,standard,legs
D012,U-0145,flexible,upper
D012,U-0146,intense,legs
D012,U-0147,intense,legs
D012,U-0148,express,push
D012,U-0149,intense,legs
D012,U-0150,express,upper
D012,U-0151,flexible,full_body
D012,U-0152,express,push
D012,U-0153,intense,upper
D012,U-0154,flexible,pull
D012,U-0155,flexible,legs
D012,U-0156,intense,push
D012,U-0157,express,upper
D012,U-0158,flexible,pull
D012,U-0159,flexible,full_body
D012,U-0160,standard,legs
D012,U-0161,standard,full_body
D012,U-0162,express,full_body
D012,U-0163,express,upper
D012,U-0164,flexible,legs
D012,U-0165,intense,push
D012,U-0166,intense,legs
D012,U-0167,intense,upper
D012,U-0168,standard,push
D012,U-0169,intense,push
D012,U-0170,express,full_body
D012,U-0171,flexible,push
D012,U-0172,standard,legs
D012,U-0173,intense,legs
D012,U-0174,standard,push
D012,U-0175,standard,upper
D012,U-0176,flexible,legs
D012,U-0177,express,legs
D012,U-0178,standard,pull
D012,U-0179,flexible,legs
D012,U-0180,flexible,pull
D012,U-0181,standard,push
D012,U-0182,standard,push
D012,U-0183,flexible,upper
D012,U-0184,intense,pull
D012,U-0185,standard,upper
D012,U-0186,express,pull
D012,U-0187,flexible,upper
D012,U-0188,flexible,upper
D012,U-0189,express,upper
D012,U-0190,flexible,full_body
D012,U-0191,standard,legs
D012,U-0192,express,push
D012,U-0193,express,legs
D012,U-0194,standard,push
D012,U-0195,flexible,upper
D012,U-0196,express,pull
D012,U-0197,intense,push
D012,U-0198,standard,upper
D012,U-0199,standard,legs
D012,U-0200,flexible,full_body
D012,U-0201,standard,upper
D012,U-0202,standard,full_body
D012,U-0203,intense,push
D012,U-0204,express,full_body
D012,U-0205,express,upper
D012,U-0206,intense,push
D012,U-0207,intense,legs
D012,U-0208,standard,upper
D012,U-0209,flexible,upper
D012,U-0210,intense,pull
D012,U-0211,standard,push
D012,U-0212,standard,push
D012,U-0213,intense,push
D012,U-0214,standard,full_body
D012,U-0215,intense,full_body
D012,U-0216,flexible,upper
D012,U-0217,intense,push
D012,U-0218,intense,push
D012,U-0219,flexible,upper
D012,U-0220,flexible,upper
D012,U-0221,standard,push
D012,U-0222,standard,legs
D012,U-0223,standard,full_body
D012,U-0224,flexible,upper
D012,U-0225,standard,pull
D012,U-0226,flexible,full_body
D012,U-0227,intense,push
D012,U-0228,intense,pull
D012,U-0229,flexible,pull
D012,U-0230,standard,push
D012,U-0231,flexible,pull
D012,U-0232,standard,full_body
D012,U-0233,flexible,upper
D012,U-0234,express,pull
D012,U-0235,express,full_body
D012,U-0236,intense,full_body
D012,U-0237,express,legs
D012,U-0238,flexible,full_body
D012,U-0239,intense,push
D012,U-0240,express,upper
D012,U-0241,standard,push
D012,U-0242,intense,push
D012,U-0243,standard,push
D012,U-0244,flexible,full_body
D012,U-0245,flexible,pull
D012,U-0246,express,pull
D012,U-0247,flexible,push
D012,U-0248,intense,upper
D012,U-0249,standard,upper
D012,U-0250,standard,legs
D012,U-0251,standard,pull
D012,U-0252,express,legs
D012,U-0253,flexible,push
D012,U-0254,flexible,push
D012,U-0255,intense,full_body
D012,U-0256,intense,full_body
D012,U-0257,intense,push
D012,U-0258,flexible,upper
D012,U-0259,intense,pull
D012,U-0260,standard,push
D012,U-0261,standard,upper
D012,U-0262,express,full_body
D012,U-0263,express,pull
D012,U-0264,flexible,upper
D012,U-0265,standard,legs
D012,U-0266,standard,full_body
D012,U-0267,express,pull
D012,U-0268,intense,push
D012,U-0269,standard,full_body
D012,U-0270,standard,legs
D012,U-0271,flexible,push
D012,U-0272,express,legs
D012,U-0273,flexible,upper
D012,U-0274,standard,legs
D012,U-0275,flexible,pull
D012,U-0276,express,push
D012,U-0277,flexible,upper
D012,U-0278,standard,full_body
D012,U-0279,intense,upper
D012,U-0280,flexible,pull
D012,U-0281,intense,push
D012,U-0282,standard,upper
D012,U-0283,flexible,push
D012,U-0284,express,legs
D012,U-0285,intense,legs
D012,U-0286,standard,full_body
D012,U-0287,intense,pull
D012,U-0288,intense,pull
D012,U-0289,standard,full_body
D012,U-0290,intense,pull
D012,U-0291,flexible,upper
D012,U-0292,intense,legs
D012,U-0293,express,upper
D012,U-0294,express,legs
D012,U-0295,standard,upper
D012,U-0296,intense,pull
D012,U-0297,intense,push
D012,U-0298,standard,full_body
D012,U-0299,intense,upper
D012,U-0300,flexible,upper
D012,U-0301,intense,pull
D012,U-0302,intense,push
D012,U-0303,express,push
D012,U-0304,standard,legs
D012,U-0305,flexible,legs
D012,U-0306,intense,push
D012,U-0307,flexible,legs
D012,U-0308,flexible,upper
D012,U-0309,intense,upper
D012,U-0310,standard,pull
D012,U-0311,intense,upper
D012,U-0312,intense,push
D012,U-0313,intense,upper
D012,U-0314,intense,upper
D012,U-0315,standard,pull
D012,U-0316,standard,legs
D012,U-0317,flexible,upper
D012,U-0318,intense,pull
D012,U-0319,intense,full_body
D012,U-0320,flexible,upper
D012,U-0321,intense,full_body
D012,U-0322,intense,upper
D012,U-0323,express,full_body
D012,U-0324,flexible,upper
D012,U-0325,flexible,pull
D012,U-0326,flexible,push
D012,U-0327,flexible,full_body
D012,U-0328,intense,push
D012,U-0329,flexible,upper
D012,U-0330,flexible,legs
D012,U-0331,intense,legs
D012,U-0332,standard,full_body
D012,U-0333,intense,full_body
D012,U-0334,standard,push
D012,U-0335,intense,pull
D012,U-0336,express,legs
D012,U-0337,intense,push
D012,U-0338,express,upper
D012,U-0339,intense,legs
D012,U-0340,standard,full_body
D012,U-0341,flexible,full_body
D012,U-0342,express,upper
D012,U-0343,intense,push
D012,U-0344,flexible,full_body
D012,U-0345,standard,push
D012,U-0346,intense,upper
D012,U-0347,standard,upper
D012,U-0348,standard,pull
D012,U-0349,express,push
D012,U-0350,flexible,full_body
D012,U-0351,standard,legs
D012,U-0352,intense,pull
D012,U-0353,express,upper
D012,U-0354,express,upper
D012,U-0355,flexible,pull
D012,U-0356,express,legs
D012,U-0357,intense,push
D012,U-0358,flexible,push
D012,U-0359,flexible,pull
D013,U-0001,express,upper
D013,U-0002,intense,upper
D013,U-0003,standard,pull
D013,U-0004,express,pull
D013,U-0005,intense,upper
D013,U-0006,standard,pull
D013,U-0007,flexible,full_body
D013,U-0008,flexible,upper
D013,U-0009,standard,pull
D013,U-0010,flexible,legs
D013,U-0011,express,legs
D013,U-0012,intense,legs
D013,U-0013,standard,legs
D013,U-0014,express,upper
D013,U-0015,intense,legs
D013,U-0016,standard,upper
D013,U-0017,flexible,pull
D013,U-0018,standard,full_body
D013,U-0019,flexible,pull
D013,U-0020,flexible,push
D013,U-0021,standard,pull
D013,U-0022,standard,upper
D013,U-0023,express,full_body
D013,U-0024,flexible,upper
D013,U-0025,standard,pull
D013,U-0026,flexible,upper
D013,U-0027,standard,legs
D013,U-0028,express,upper
D013,U-0029,intense,pull
D013,U-0030,express,pull
D013,U-0031,intense,upper
D013,U-0032,express,full_body
D013,U-0033,express,full_body
D013,U-0034,flexible,upper
D013,U-0035,flexible,upper
D013,U-0036,intense,full_body
D013,U-0037,standard,upper
D013,U-0038,flexible,upper
D013,U-0039,express,legs
D013,U-0040,standard,legs
D013,U-0041,standard,upper
D013,U-0042,intense,push
D013,U-0043,standard,full_body
D013,U-0044,intense,pull
D013,U-0045,standard,upper
D013,U-0046,intense,pull
D013,U-0047,standard,upper
D013,U-0048,intense,push
D013,U-0049,standard,upper
D013,U-0050,intense,pull
D013,U-0051,intense,pull
D013,U-0052,flexible,upper
D013,U-0053,standard,full_body
D013,U-0054,standard,legs
D013,U-0055,standard,push
D013,U-0056,standard,pull
D013,U-0057,flexible,legs
D013,U-0058,flexible,pull
D013,U-0059,intense,pull
D013,U-0060,flexible,legs
D013,U-0061,standard,full_body
D013,U-0062,standard,push
D013,U-0063,intense,upper
D013,U-0064,express,full_body
D013,U-0065,standard,upper
D013,U-0066,standard,full_body
D013,U-0067,intense,upper
D013,U-0068,flexible,upper
D013,U-0069,flexible,upper
D013,U-0070,flexible,push
D013,U-0071,flexible,upper
D013,U-0072,standard,upper
D013,U-0073,standard,legs
D013,U-0074,intense,push
D013,U-0075,standard,pull
D013,U-0076,express,pull
D013,U-0077,standard,pull
D013,U-0078,flexible,legs
D013,U-0079,intense,legs
D013,U-0080,flexible,full_body
D013,U-0081,flexible,upper
D013,U-0082,standard,full_body
D013,U-0083,flexible,upper
D013,U-0084,standard,full_body
D013,U-0085,flexible,pull
D013,U-0086,standard,upper
D013,U-0087,standard,upper
D013,U-0088,standard,pull
D013,U-0089,standard,push
D013,U-0090,intense,legs
D013,U-0091,express,push
D013,U-0092,flexible,upper
D013,U-0093,standard,full_body
D013,U-0094,flexible,push
D013,U-0095,flexible,upper
D013,U-0096,flexible,full_body
D013,U-0097,standard,full_body
D013,U-0098,intense,pull
D013,U-0099,flexible,upper
D013,U-0100,express,upper
D013,U-0101,intense,upper
D013,U-0102,intense,legs
D013,U-0103,standard,full_body
D013,U-0104,intense,legs
D013,U-0105,express,full_body
D013,U-0106,flexible,upper
D013,U-0107,standard,push
D013,U-0108,intense,pull
D013,U-0109,flexible,upper
D013,U-0110,flexible,pull
D013,U-0111,standard,pull
D013,U-0112,standard,legs
D013,U-0113,express,pull
D013,U-0114,express,pull
D013,U-0115,express,legs
D013,U-0116,intense,push
D013,U-0117,flexible,push
D013,U-0118,flexible,pull
D013,U-0119,flexible,upper
D013,U-0120,intense,legs
D013,U-0121,flexible,full_body
D013,U-0122,flexible,upper
D013,U-0123,flexible,upper
D013,U-0124,standard,pull
D013,U-0125,flexible,full_body
D013,U-0126,flexible,legs
D013,U-0127,standard,push
D013,U-0128,flexible,full_body
D013,U-0129,standard,full_body
D013,U-0130,flexible,full_body
D013,U-0131,flexible,upper
D013,U-0132,standard,upper
D013,U-0133,intense,push
D013,U-0134,intense,legs
D013,U-0135,standard,pull
D013,U-0136,flexible,upper
D013,U-0137,express,full_body
D013,U-0138,standard,pull
D013,U-0139,flexible,push
D013,U-0140,standard,push
D013,U-0141,intense,legs
D013,U-0142,express,pull
D013,U-0143,flexible,pull
D013,U-0144,flexible,pull
D013,U-0145,flexible,upper
D013,U-0146,express,upper
D013,U-0147,flexible,push
D013,U-0148,flexible,pull
D013,U-0149,standard,pull
D013,U-0150,intense,legs
D013,U-0151,flexible,pull
D013,U-0152,standard,pull
D013,U-0153,standard,push
D013,U-0154,flexible,full_body
D013,U-0155,express,full_body
D013,U-0156,intense,pull
D013,U-0157,express,upper
D013,U-0158,standard,upper
D013,U-0159,flexible,full_body
D013,U-0160,intense,push
D013,U-0161,express,full_body
D013,U-0162,flexible,upper
D013,U-0163,intense,legs
D013,U-0164,flexible,pull
D013,U-0165,flexible,upper
D013,U-0166,flexible,legs
D013,U-0167,intense,push
D013,U-0168,intense,upper
D013,U-0169,intense,upper
D013,U-0170,intense,legs
D013,U-0171,express,full_body
D013,U-0172,intense,legs
D013,U-0173,express,legs
D013,U-0174,standard,legs
D013,U-0175,flexible,upper
D013,U-0176,standard,push
D013,U-0177,standard,pull
D013,U-0178,standard,legs
D013,U-0179,express,push
D013,U-0180,intense,full_body
D013,U-0181,flexible,upper
D013,U-0182,intense,legs
D013,U-0183,express,full_body
D013,U-0184,express,upper
D013,U-0185,standard,upper
D013,U-0186,standard,legs
D013,U-0187,flexible,full_body
D013,U-0188,express,legs
D013,U-0189,standard,pull
D013,U-0190,standard,full_body
D013,U-0191,intense,upper
D013,U-0192,flexible,upper
D013,U-0193,standard,full_body
D013,U-0194,standard,upper
D013,U-0195,standard,push
D013,U-0196,flexible,full_body
D013,U-0197,standard,upper
D013,U-0198,intense,full_body
D013,U-0199,standard,legs
D013,U-0200,flexible,push
D013,U-0201,standard,pull
D013,U-0202,intense,push
D013,U-0203,flexible,push
D013,U-0204,intense,full_body
D013,U-0205,flexible,full_body
D013,U-0206,standard,push
D013,U-0207,flexible,upper
D013,U-0208,standard,full_body
D013,U-0209,standard,push
D013,U-0210,intense,legs
D013,U-0211,flexible,upper
D013,U-0212,intense,upper
D013,U-0213,standard,push
D013,U-0214,flexible,upper
D013,U-0215,express,upper
D013,U-0216,standard,upper
D013,U-0217,intense,legs
D013,U-0218,standard,full_body
D013,U-0219,intense,push
D013,U-0220,intense,push
D013,U-0221,standard,upper
D013,U-0222,intense,upper
D013,U-0223,intense,legs
D013,U-0224,standard,pull
D013,U-0225,intense,upper
D013,U-0226,standard,upper
D013,U-0227,intense,push
D013,U-0228,intense,push
D013,U-0229,intense,pull
D013,U-0230,flexible,full_body
D013,U-0231,standard,legs
D013,U-0232,express,legs
D013,U-0233,express,pull
D013,U-0234,standard,pull
D013,U-0235,flexible,pull
D013,U-0236,flexible,push
D013,U-0237,flexible,upper
D013,U-0238,express,full_body
D013,U-0239,flexible,pull
D013,U-0240,intense,push
D013,U-0241,intense,pull
D013,U-0242,flexible,push
D013,U-0243,standard,upper
D013,U-0244,flexible,pull
D013,U-0245,standard,full_body
D013,U-0246,express,legs
D013,U-0247,intense,push
D013,U-0248,standard,pull
D013,U-0249,express,push
D013,U-0250,intense,full_body
D013,U-0251,express,push
D013,U-0252,standard,full_body
D013,U-0253,intense,upper
D013,U-0254,standard,push
D013,U-0255,standard,push
D013,U-0256,flexible,full_body
D013,U-0257,standard,pull
D013,U-0258,intense,push
D013,U-0259,intense,pull
D013,U-0260,standard,upper
D013,U-0261,standard,upper
D013,U-0262,intense,upper
D013,U-0263,intense,pull
D013,U-0264,intense,upper
D013,U-0265,flexible,legs
D013,U-0266,express,upper
D013,U-0267,flexible,push
D013,U-0268,intense,legs
D013,U-0269,flexible,full_body
D013,U-0270,flexible,full_body
D013,U-0271,standard,legs
D013,U-0272,flexible,full_body
D013,U-0273,express,upper
D013,U-0274,flexible,upper
D013,U-0275,standard,upper
D013,U-0276,intense,legs
D013,U-0277,express,full_body
D013,U-0278,intense,pull
D013,U-0279,intense,legs
D013,U-0280,standard,upper
D013,U-0281,standard,legs
D013,U-0282,intense,push
D013,U-0283,flexible,push
D013,U-0284,intense,legs
D013,U-0285,standard,push
D013,U-0286,standard,push
D013,U-0287,standard,pull
D013,U-0288,flexible,upper
D013,U-0289,standard,legs
D013,U-0290,standard,upper
D013,U-0291,standard,pull
D013,U-0292,flexible,full_body
D013,U-0293,intense,legs
D013,U-0294,express,pull
D013,U-0295,flexible,upper
D013,U-0296,standard,push
D013,U-0297,intense,pull
D013,U-0298,standard,pull
D013,U-0299,express,full_body
D013,U-0300,flexible,pull
D013,U-0301,standard,full_body
D013,U-0302,flexible,pull
D013,U-0303,intense,full_body
D013,U-0304,flexible,upper
D013,U-0305,standard,pull
D013,U-0306,standard,pull
D013,U-0307,standard,pull
D013,U-0308,flexible,upper
D013,U-0309,standard,push
D013,U-0310,standard,legs
D013,U-0311,standard,legs
D013,U-0312,intense,upper
D013,U-0313,flexible,full_body
D013,U-0314,standard,pull
D013,U-0315,standard,upper
D013,U-0316,flexible,pull
D013,U-0317,flexible,push
D013,U-0318,intense,push
D013,U-0319,standard,push
D013,U-0320,intense,full_body
D013,U-0321,express,upper
D013,U-0322,standard,upper
D013,U-0323,flexible,push
D013,U-0324,intense,push
D013,U-0325,express,full_body
D013,U-0326,intense,pull
D013,U-0327,intense,push
D013,U-0328,standard,full_body
D013,U-0329,express,push
D013,U-0330,express,pull
D013,U-0331,standard,upper
D013,U-0332,flexible,upper
D013,U-0333,standard,upper
D013,U-0334,standard,pull
D013,U-0335,standard,upper
D013,U-0336,express,legs
D013,U-0337,intense,push
D013,U-0338,standard,pull
D013,U-0339,intense,upper
D013,U-0340,intense,pull
D013,U-0341,standard,pull
D013,U-0342,intense,legs
D013,U-0343,standard,push
D013,U-0344,standard,legs
D013,U-0345,flexible,pull
D013,U-0346,standard,upper
D013,U-0347,intense,legs
D013,U-0348,standard,legs
D013,U-0349,express,legs
D013,U-0350,standard,upper
D013,U-0351,standard,push
D013,U-0352,standard,upper
D013,U-0353,standard,push
D013,U-0354,flexible,full_body
D013,U-0355,intense,legs
D013,U-0356,standard,full_body
D013,U-0357,flexible,pull
D013,U-0358,intense,push
D013,U-0359,flexible,push
D013,U-0360,flexible,upper
D013,U-0361,standard,pull
D013,U-0362,standard,legs
D013,U-0363,flexible,legs
D013,U-0364,standard,push
D013,U-0365,standard,pull
D013,U-0366,intense,pull
D013,U-0367,standard,push
D013,U-0368,intense,legs
D013,U-0369,flexible,pull
D013,U-0370,intense,pull
D013,U-0371,standard,legs
D013,U-0372,flexible,push
D013,U-0373,standard,upper
D013,U-0374,express,legs
D013,U-0375,flexible,upper
D013,U-0376,flexible,full_body
D013,U-0377,flexible,upper
D013,U-0378,express,upper
D013,U-0379,standard,upper
D013,U-0380,flexible,legs
D013,U-0381,express,legs
D013,U-0382,standard,legs
D013,U-0383,intense,upper
D013,U-0384,standard,upper
D013,U-0385,express,pull
D013,U-0386,standard,pull
D013,U-0387,standard,legs
D013,U-0388,express,legs
D013,U-0389,flexible,full_body
D013,U-0390,standard,upper
D013,U-0391,flexible,legs
D013,U-0392,express,pull
D013,U-0393,intense,upper
D013,U-0394,flexible,upper
D013,U-0395,intense,full_body
D013,U-0396,intense,pull
D013,U-0397,intense,push
D014,U-0001,intense,push
D014,U-0002,flexible,upper
D014,U-0003,express,push
D014,U-0004,flexible,full_body
D014,U-0005,intense,upper
D014,U-0006,standard,upper
D014,U-0007,intense,full_body
D014,U-0008,intense,push
D014,U-0009,standard,upper
D014,U-0010,flexible,upper
D014,U-0011,intense,upper
D014,U-0012,standard,push
D014,U-0013,standard,push
D014,U-0014,standard,legs
D014,U-0015,express,legs
D014,U-0016,standard,legs
D014,U-0017,flexible,full_body
D014,U-0018,standard,upper
D014,U-0019,flexible,legs
D014,U-0020,standard,upper
D014,U-0021,express,upper
D014,U-0022,intense,legs
D014,U-0023,standard,pull
D014,U-0024,flexible,legs
D014,U-0025,flexible,full_body
D014,U-0026,standard,legs
D014,U-0027,express,pull
D014,U-0028,flexible,upper
D014,U-0029,express,upper
D014,U-0030,flexible,full_body
D014,U-0031,flexible,pull
D014,U-0032,standard,legs
D014,U-0033,intense,pull
D014,U-0034,standard,pull
D014,U-0035,standard,pull
D014,U-0036,express,full_body
D014,U-0037,standard,push
D014,U-0038,express,full_body
D014,U-0039,intense,pull
D014,U-0040,standard,legs
D014,U-0041,flexible,pull
D014,U-0042,standard,pull
D014,U-0043,flexible,full_body
D014,U-0044,express,upper
D014,U-0045,flexible,upper
D014,U-0046,standard,pull
D014,U-0047,intense,legs
D014,U-0048,flexible,full_body
D014,U-0049,standard,pull
D014,U-0050,flexible,push
D014,U-0051,standard,push
D014,U-0052,express,push
D014,U-0053,standard,pull
D014,U-0054,flexible,full_body
D014,U-0055,standard,pull
D014,U-0056,flexible,full_body
D014,U-0057,intense,push
D014,U-0058,intense,pull
D014,U-0059,standard,pull
D014,U-0060,express,upper
D014,U-0061,express,pull
D014,U-0062,express,legs
D014,U-0063,intense,upper
D014,U-0064,intense,upper
D014,U-0065,flexible,full_body
D014,U-0066,flexible,upper
D014,U-0067,flexible,full_body
D014,U-0068,intense,legs
D014,U-0069,intense,upper
D014,U-0070,express,legs
D014,U-0071,flexible,pull
D014,U-0072,intense,push
D014,U-0073,flexible,pull
D014,U-0074,standard,push
D014,U-0075,flexible,push
D014,U-0076,standard,pull
D014,U-0077,intense,legs
D014,U-0078,intense,legs
D014,U-0079,standard,upper
D014,U-0080,flexible,push
D014,U-0081,intense,pull
D014,U-0082,flexible,upper
D014,U-0083,express,pull
D014,U-0084,standard,legs
D014,U-0085,standard,push
D014,U-0086,standard,legs
D014,U-0087,intense,push
D014,U-0088,standard,upper
D014,U-0089,flexible,pull
D014,U-0090,standard,pull
D014,U-0091,standard,upper
D014,U-0092,standard,legs
D014,U-0093,flexible,legs
D014,U-0094,intense,upper
D014,U-0095,standard,upper
D014,U-0096,flexible,upper
D014,U-0097,flexible,upper
D014,U-0098,flexible,full_body
D014,U-0099,intense,push
D014,U-0100,standard,full_body
D014,U-0101,express,upper
D014,U-0102,intense,push
D014,U-0103,intense,upper
D014,U-0104,flexible,pull
D014,U-0105,standard,full_body
D014,U-0106,standard,push
D014,U-0107,flexible,upper
D014,U-0108,express,legs
D014,U-0109,intense,pull
D014,U-0110,flexible,upper
D014,U-0111,intense,legs
D014,U-0112,standard,pull
D014,U-0113,intense,push
D014,U-0114,standard,legs
D014,U-0115,standard,upper
D014,U-0116,flexible,full_body
D014,U-0117,standard,legs
D014,U-0118,intense,upper
D014,U-0119,flexible,upper
D014,U-0120,flexible,full_body
D014,U-0121,standard,legs
D014,U-0122,express,pull
D014,U-0123,intense,upper
D014,U-0124,intense,full_body
D014,U-0125,intense,full_body
D014,U-0126,flexible,upper
D014,U-0127,intense,legs
D014,U-0128,intense,push
D014,U-0129,intense,legs
D014,U-0130,standard,upper
D014,U-0131,flexible,pull
D014,U-0132,flexible,full_body
D014,U-0133,flexible,full_body
D014,U-0134,express,upper
D014,U-0135,intense,pull
D014,U-0136,standard,upper
D014,U-0137,intense,upper
D014,U-0138,express,pull
D014,U-0139,intense,pull
D014,U-0140,flexible,full_body
D014,U-0141,intense,push
D014,U-0142,flexible,upper
D014,U-0143,standard,pull
D014,U-0144,standard,pull
D014,U-0145,flexible,upper
D014,U-0146,intense,pull
D014,U-0147,flexible,full_body
D014,U-0148,flexible,upper
D014,U-0149,standard,full_body
D014,U-0150,flexible,upper
D014,U-0151,standard,full_body
D014,U-0152,express,full_body
D014,U-0153,standard,pull
D014,U-0154,flexible,full_body
D014,U-0155,intense,push
D014,U-0156,express,push
D014,U-0157,flexible,full_body
D014,U-0158,intense,push
D014,U-0159,standard,full_body
D014,U-0160,flexible,push
D014,U-0161,flexible,full_body
D014,U-0162,intense,legs
D014,U-0163,standard,legs
D014,U-0164,standard,pull
D014,U-0165,flexible,legs
D014,U-0166,standard,pull
D014,U-0167,standard,push
D014,U-0168,express,upper
D014,U-0169,standard,push
D014,U-0170,standard,upper
D014,U-0171,flexible,push
D014,U-0172,intense,upper
D014,U-0173,flexible,full_body
D014,U-0174,express,upper
D014,U-0175,intense,upper
D014,U-0176,standard,upper
D014,U-0177,flexible,upper
D014,U-0178,flexible,legs
D014,U-0179,standard,upper
D014,U-0180,intense,legs
D014,U-0181,flexible,upper
D014,U-0182,express,upper
D014,U-0183,express,push
D014,U-0184,intense,upper
D014,U-0185,express,upper
D014,U-0186,standard,upper
D014,U-0187,flexible,legs
D014,U-0188,intense,full_body
D014,U-0189,flexible,upper
D014,U-0190,standard,upper
D014,U-0191,intense,upper
D014,U-0192,standard,legs
D014,U-0193,intense,upper
D014,U-0194,intense,push
D014,U-0195,standard,legs
D014,U-0196,intense,pull
D014,U-0197,standard,pull
D014,U-0198,standard,pull
D014,U-0199,flexible,pull
D014,U-0200,standard,full_body
D014,U-0201,flexible,full_body
D014,U-0202,intense,pull
D014,U-0203,express,legs
D014,U-0204,intense,push
D014,U-0205,express,push
D014,U-0206,flexible,full_body
D014,U-0207,standard,legs
D014,U-0208,intense,pull
D014,U-0209,intense,legs
D014,U-0210,standard,upper
D014,U-0211,intense,legs
D014,U-0212,standard,upper
D014,U-0213,flexible,legs
D014,U-0214,intense,upper
D014,U-0215,express,upper
D014,U-0216,standard,pull
D014,U-0217,standard,upper
D014,U-0218,flexible,upper
D014,U-0219,standard,pull
D014,U-0220,flexible,legs
D014,U-0221,standard,push
D014,U-0222,flexible,upper
D014,U-0223,standard,upper
D014,U-0224,flexible,upper
D014,U-0225,express,upper
D014,U-0226,intense,full_body
D014,U-0227,express,full_body
D014,U-0228,standard,pull
D014,U-0229,flexible,legs
D014,U-0230,flexible,full_body
D014,U-0231,express,pull
D014,U-0232,intense,full_body
D014,U-0233,flexible,full_body
D014,U-0234,standard,legs
D014,U-0235,intense,push
D014,U-0236,flexible,full_body
D014,U-0237,flexible,upper
D014,U-0238,flexible,full_body
D014,U-0239,standard,legs
D014,U-0240,intense,full_body
D014,U-0241,flexible,pull
D014,U-0242,intense,pull
D014,U-0243,flexible,upper
D014,U-0244,intense,push
D014,U-0245,intense,pull
D014,U-0246,intense,legs
D014,U-0247,intense,pull
D014,U-0248,intense,push
D014,U-0249,intense,pull
D014,U-0250,flexible,full_body
D014,U-0251,intense,legs
D014,U-0252,express,pull
D014,U-0253,standard,full_body
D014,U-0254,flexible,upper
D014,U-0255,standard,push
D014,U-0256,intense,full_body
D014,U-0257,flexible,upper
D014,U-0258,standard,full_body
D014,U-0259,express,upper
D014,U-0260,flexible,upper
D014,U-0261,standard,legs
D014,U-0262,intense,push
D014,U-0263,standard,push
D014,U-0264,intense,pull
D014,U-0265,flexible,push
D014,U-0266,standard,upper
D014,U-0267,intense,pull
D014,U-0268,standard,upper
D014,U-0269,standard,upper
D014,U-0270,standard,push
D014,U-0271,standard,push
D014,U-0272,standard,legs
D014,U-0273,standard,pull
D014,U-0274,express,full_body
D014,U-0275,express,legs
D014,U-0276,intense,legs
D014,U-0277,standard,pull
D014,U-0278,standard,full_body
D014,U-0279,flexible,pull
D014,U-0280,intense,legs
D014,U-0281,standard,legs
D014,U-0282,intense,upper
D014,U-0283,standard,pull
D014,U-0284,intense,push
D014,U-0285,flexible,pull
D014,U-0286,flexible,legs
D014,U-0287,flexible,full_body
D014,U-0288,standard,push
D014,U-0289,express,legs
D014,U-0290,flexible,full_body
D014,U-0291,intense,full_body
D014,U-0292,intense,push
D014,U-0293,express,pull
D014,U-0294,standard,upper
D014,U-0295,express,pull
D014,U-0296,standard,pull
D014,U-0297,intense,push
D014,U-0298,intense,legs
D014,U-0299,flexible,upper
D014,U-0300,intense,full_body
D014,U-0301,flexible,upper
D014,U-0302,intense,legs
D014,U-0303,express,upper
D014,U-0304,intense,pull
D014,U-0305,intense,upper
D014,U-0306,intense,legs
D014,U-0307,standard,full_body
D014,U-0308,flexible,full_body
D014,U-0309,express,upper
D014,U-0310,express,full_body
D014,U-0311,intense,pull
D014,U-0312,flexible,legs
D014,U-0313,standard,pull
D014,U-0314,flexible,full_body
D014,U-0315,standard,upper
D014,U-0316,intense,push
D014,U-0317,standard,push
D014,U-0318,intense,full_body
D014,U-0319,express,upper
D014,U-0320,flexible,upper
D014,U-0321,flexible,full_body
D014,U-0322,standard,legs
D014,U-0323,flexible,push
D014,U-0324,standard,push
D014,U-0325,express,upper
D014,U-0326,intense,full_body
D014,U-0327,intense,push
D014,U-0328,standard,pull
D014,U-0329,express,legs
D014,U-0330,standard,legs
D014,U-0331,standard,legs
D014,U-0332,flexible,push
D014,U-0333,intense,push
D014,U-0334,intense,legs
D014,U-0335,standard,upper
D014,U-0336,flexible,full_body
D014,U-0337,flexible,push
D014,U-0338,express,upper
D014,U-0339,standard,upper
D014,U-0340,standard,upper
D014,U-0341,flexible,full_body
D014,U-0342,express,pull
D014,U-0343,express,legs
D014,U-0344,intense,push
D014,U-0345,standard,full_body
D014,U-0346,express,legs
D014,U-0347,intense,legs
D014,U-0348,standard,legs
D014,U-0349,intense,full_body
D014,U-0350,standard,pull
D014,U-0351,flexible,full_body
D014,U-0352,intense,push
D014,U-0353,flexible,legs
D014,U-0354,express,pull
D014,U-0355,flexible,full_body
D014,U-0356,intense,push
D014,U-0357,standard,full_body
D014,U-0358,flexible,legs
D014,U-0359,intense,pull
D014,U-0360,express,legs
D014,U-0361,standard,pull
D014,U-0362,flexible,push
D014,U-0363,standard,pull
D014,U-0364,express,upper
D014,U-0365,standard,pull
D014,U-0366,standard,upper
D014,U-0367,intense,upper
D014,U-0368,express,push
D014,U-0369,intense,pull
D014,U-0370,intense,legs
D014,U-0371,standard,legs
D014,U-0372,express,push
D014,U-0373,flexible,legs
D014,U-0374,intense,push
D014,U-0375,standard,legs
D014,U-0376,standard,full_body
D014,U-0377,flexible,full_body
D014,U-0378,flexible,legs
D014,U-0379,express,push
D014,U-0380,intense,legs
D014,U-0381,intense,full_body
D014,U-0382,flexible,full_body
D014,U-0383,flexible,pull
D014,U-0384,intense,push
D014,U-0385,express,push
D014,U-0386,standard,pull
D014,U-0387,intense,legs
D014,U-0388,flexible,full_body
D014,U-0389,standard,full_body
D014,U-0390,flexible,full_body
D014,U-0391,flexible,legs
D014,U-0392,express,legs
D015,U-0001,standard,push
D015,U-0002,express,full_body
D015,U-0003,standard,upper
D015,U-0004,standard,pull
D015,U-0005,standard,legs
D015,U-0006,intense,push
D015,U-0007,standard,upper
D015,U-0008,intense,push
D015,U-0009,express,upper
D015,U-0010,standard,push
D015,U-0011,flexible,full_body
D015,U-0012,flexible,upper
D015,U-0013,standard,full_body
D015,U-0014,intense,upper
D015,U-0015,intense,upper
D015,U-0016,standard,push
D015,U-0017,express,legs
D015,U-0018,standard,push
D015,U-0019,flexible,full_body
D015,U-0020,standard,push
D015,U-0021,express,push
D015,U-0022,standard,upper
D015,U-0023,standard,upper
D015,U-0024,flexible,pull
D015,U-0025,flexible,pull
D015,U-0026,intense,push
D015,U-0027,intense,legs
D015,U-0028,express,pull
D015,U-0029,intense,legs
D015,U-0030,express,pull
D015,U-0031,standard,upper
D015,U-0032,flexible,full_body
D015,U-0033,standard,full_body
D015,U-0034,flexible,upper
D015,U-0035,intense,full_body
D015,U-0036,standard,upper
D015,U-0037,intense,push
D015,U-0038,standard,upper
D015,U-0039,flexible,push
D015,U-0040,flexible,upper
D015,U-0041,express,upper
D015,U-0042,intense,upper
D015,U-0043,express,pull
D015,U-0044,flexible,full_body
D015,U-0045,flexible,legs
D015,U-0046,standard,push
D015,U-0047,flexible,legs
D015,U-0048,intense,pull
D015,U-0049,flexible,upper
D015,U-0050,flexible,upper
D015,U-0051,intense,upper
D015,U-0052,intense,push
D015,U-0053,intense,legs
D015,U-0054,flexible,upper
D015,U-0055,standard,push
D015,U-0056,flexible,full_body
D015,U-0057,intense,push
D015,U-0058,flexible,legs
D015,U-0059,standard,pull
D015,U-0060,standard,push
D015,U-0061,intense,push
D015,U-0062,standard,pull
D015,U-0063,flexible,pull
D015,U-0064,flexible,upper
D015,U-0065,flexible,push
D015,U-0066,intense,legs
D015,U-0067,express,pull
D015,U-0068,standard,legs
D015,U-0069,flexible,legs
D015,U-0070,standard,pull
D015,U-0071,intense,push
D015,U-0072,intense,pull
D015,U-0073,intense,upper
D015,U-0074,flexible,full_body
D015,U-0075,flexible,pull
D015,U-0076,intense,legs
D015,U-0077,flexible,legs
D015,U-0078,flexible,legs
D015,U-0079,intense,push
D015,U-0080,intense,legs
D015,U-0081,intense,legs
D015,U-0082,standard,full_body
D015,U-0083,flexible,upper
D015,U-0084,flexible,full_body
D015,U-0085,intense,upper
D015,U-0086,flexible,full_body
D015,U-0087,flexible,full_body
D015,U-0088,standard,full_body
D015,U-0089,intense,legs
D015,U-0090,flexible,full_body
D015,U-0091,express,legs
D015,U-0092,standard,upper
D015,U-0093,intense,legs
D015,U-0094,standard,push
D015,U-0095,intense,upper
D015,U-0096,intense,pull
D015,U-0097,standard,full_body
D015,U-0098,flexible,upper
D015,U-0099,flexible,push
D015,U-0100,intense,pull
D015,U-0101,flexible,full_body
D015,U-0102,flexible,push
D015,U-0103,intense,legs
D015,U-0104,express,full_body
D015,U-0105,standard,full_body
D015,U-0106,standard,upper
D015,U-0107,standard,upper
D015,U-0108,standard,pull
D015,U-0109,intense,legs
D015,U-0110,intense,push
D015,U-0111,flexible,full_body
D015,U-0112,standard,push
D015,U-0113,express,pull
D015,U-0114,flexible,push
D015,U-0115,express,pull
D015,U-0116,intense,legs
D015,U-0117,express,legs
D015,U-0118,intense,pull
D015,U-0119,express,pull
D015,U-0120,intense,legs
D015,U-0121,flexible,upper
D015,U-0122,intense,upper
D015,U-0123,flexible,upper
D015,U-0124,flexible,legs
D015,U-0125,standard,upper
D015,U-0126,intense,push
D015,U-0127,standard,legs
D015,U-0128,flexible,pull
D015,U-0129,standard,legs
D015,U-0130,express,legs
D015,U-0131,flexible,pull
D015,U-0132,standard,push
D015,U-0133,standard,upper
D015,U-0134,intense,push
D015,U-0135,intense,full_body
D015,U-0136,flexible,upper
D015,U-0137,standard,pull
D015,U-0138,intense,push
D015,U-0139,intense,push
D015,U-0140,intense,push
D015,U-0141,express,pull
D015,U-0142,standard,pull
D015,U-0143,standard,legs
D015,U-0144,flexible,full_body
D015,U-0145,standard,pull
D015,U-0146,intense,pull
D015,U-0147,flexible,upper
D015,U-0148,standard,pull
D015,U-0149,intense,full_body
D015,U-0150,standard,full_body
D015,U-0151,standard,full_body
D015,U-0152,standard,upper
D015,U-0153,flexible,pull
D015,U-0154,flexible,legs
D015,U-0155,flexible,push
D015,U-0156,standard,pull
D015,U-0157,intense,pull
D015,U-0158,flexible,pull
D015,U-0159,intense,legs
D015,U-0160,express,push
D015,U-0161,standard,push
D015,U-0162,intense,push
D015,U-0163,flexible,pull
D015,U-0164,express,full_body
D015,U-0165,intense,pull
D015,U-0166,standard,legs
D015,U-0167,flexible,upper
D015,U-0168,flexible,full_body
D015,U-0169,flexible,pull
D015,U-0170,express,legs
D015,U-0171,standard,upper
D015,U-0172,flexible,full_body
D015,U-0173,flexible,legs
D015,U-0174,intense,full_body
D015,U-0175,standard,push
D015,U-0176,flexible,upper
D015,U-0177,intense,pull
D015,U-0178,express,legs
D015,U-0179,flexible,full_body
D015,U-0180,express,pull
D015,U-0181,intense,push
D015,U-0182,standard,upper
D015,U-0183,standard,pull
D015,U-0184,standard,upper
D015,U-0185,standard,legs
D015,U-0186,standard,pull
D015,U-0187,intense,upper
D015,U-0188,flexible,push
D015,U-0189,standard,upper
D015,U-0190,standard,upper
D015,U-0191,intense,push
D015,U-0192,express,legs
D015,U-0193,standard,pull
D015,U-0194,flexible,upper
D015,U-0195,intense,push
D015,U-0196,express,legs
D015,U-0197,intense,upper
D015,U-0198,flexible,push
D015,U-0199,express,pull
D015,U-0200,flexible,push
D015,U-0201,intense,legs
D015,U-0202,standard,pull
D015,U-0203,intense,legs
D015,U-0204,flexible,full_body
D015,U-0205,intense,legs
D015,U-0206,intense,full_body
D015,U-0207,flexible,push
D015,U-0208,flexible,upper
D015,U-0209,flexible,upper
D015,U-0210,flexible,full_body
D015,U-0211,intense,legs
D015,U-0212,express,full_body
D015,U-0213,flexible,upper
D015,U-0214,express,full_body
D015,U-0215,intense,upper
D015,U-0216,flexible,legs
D015,U-0217,intense,upper
D015,U-0218,flexible,push
D015,U-0219,flexible,upper
D015,U-0220,standard,push
D015,U-0221,standard,push
D015,U-0222,intense,pull
D015,U-0223,express,full_body
D015,U-0224,flexible,upper
D015,U-0225,intense,legs
D015,U-0226,standard,legs
D015,U-0227,standard,push
D015,U-0228,express,upper
D015,U-0229,intense,pull
D015,U-0230,flexible,push
D015,U-0231,intense,pull
D015,U-0232,express,pull
D015,U-0233,standard,full_body
D015,U-0234,express,full_body
D015,U-0235,standard,upper
D015,U-0236,intense,pull
D015,U-0237,intense,pull
D015,U-0238,standard,push
D015,U-0239,standard,legs
D015,U-0240,intense,full_body
D015,U-0241,intense,push
D015,U-0242,express,legs
D015,U-0243,standard,upper
D015,U-0244,flexible,upper
D015,U-0245,express,push
D015,U-0246,standard,upper
D015,U-0247,flexible,pull
D015,U-0248,intense,upper
D015,U-0249,flexible,push
D015,U-0250,intense,upper
D015,U-0251,intense,pull
D015,U-0252,standard,upper
D015,U-0253,express,push
D015,U-0254,flexible,push
D015,U-0255,intense,push
D015,U-0256,flexible,upper
D015,U-0257,intense,upper
D015,U-0258,standard,upper
D015,U-0259,intense,pull
D015,U-0260,flexible,upper
D015,U-0261,standard,push
D015,U-0262,express,upper
D015,U-0263,flexible,upper
D015,U-0264,standard,pull
D015,U-0265,flexible,pull
D015,U-0266,intense,push
D015,U-0267,standard,upper
D015,U-0268,standard,legs
D015,U-0269,flexible,upper
D015,U-0270,intense,pull
D015,U-0271,intense,pull
D015,U-0272,standard,full_body
D015,U-0273,flexible,legs
D015,U-0274,standard,upper
D015,U-0275,standard,upper
D015,U-0276,express,pull
D015,U-0277,standard,upper
D015,U-0278,flexible,push
D015,U-0279,standard,legs
D015,U-0280,intense,legs
D015,U-0281,flexible,pull
D015,U-0282,flexible,upper
D015,U-0283,intense,pull
D015,U-0284,express,pull
D015,U-0285,standard,push
D015,U-0286,flexible,full_body
D015,U-0287,flexible,upper
D015,U-0288,standard,upper
D015,U-0289,express,upper
D015,U-0290,standard,full_body
D015,U-0291,intense,upper
D015,U-0292,flexible,push
D015,U-0293,standard,upper
D015,U-0294,standard,push
D015,U-0295,express,push
D015,U-0296,flexible,pull
D015,U-0297,flexible,upper
D015,U-0298,flexible,push
D015,U-0299,standard,pull
D015,U-0300,intense,upper
D015,U-0301,flexible,full_body
D015,U-0302,flexible,legs
D015,U-0303,standard,full_body
D015,U-0304,flexible,upper
D015,U-0305,flexible,push
D015,U-0306,intense,push
D015,U-0307,intense,push
D015,U-0308,intense,push
D015,U-0309,intense,upper
D015,U-0310,intense,legs
D015,U-0311,flexible,push
D015,U-0312,flexible,push
D015,U-0313,express,full_body
D015,U-0314,standard,upper
D015,U-0315,intense,upper
D015,U-0316,flexible,pull
D015,U-0317,standard,pull
D015,U-0318,flexible,pull
D015,U-0319,standard,upper
D015,U-0320,standard,upper
D015,U-0321,express,upper
D015,U-0322,express,full_body
D015,U-0323,intense,pull
D015,U-0324,express,push
D015,U-0325,intense,pull
D015,U-0326,flexible,push
D015,U-0327,intense,legs
D015,U-0328,flexible,pull
D015,U-0329,express,upper
D015,U-0330,intense,pull
D015,U-0331,standard,legs
D015,U-0332,standard,full_body
D015,U-0333,flexible,legs
D015,U-0334,intense,push
D015,U-0335,intense,pull
D015,U-0336,standard,upper
D015,U-0337,flexible,full_body
D015,U-0338,intense,pull
D015,U-0339,flexible,upper
D015,U-0340,express,pull
D015,U-0341,standard,push
D015,U-0342,flexible,pull
D015,U-0343,flexible,legs
D015,U-0344,intense,legs
D015,U-0345,standard,push
D015,U-0346,flexible,full_body
D015,U-0347,flexible,upper
D015,U-0348,express,pull
D015,U-0349,standard,pull
D015,U-0350,intense,legs
D015,U-0351,intense,legs
D015,U-0352,intense,pull
D015,U-0353,flexible,upper
D015,U-0354,standard,legs
D015,U-0355,intense,push
D015,U-0356,intense,legs
D015,U-0357,flexible,full_body
D015,U-0358,standard,upper
D015,U-0359,standard,legs
D015,U-0360,standard,pull
D015,U-0361,standard,upper
D015,U-0362,intense,pull
D015,U-0363,flexible,legs
D015,U-0364,standard,upper
D015,U-0365,flexible,full_body
D015,U-0366,flexible,upper
D015,U-0367,intense,pull
D015,U-0368,express,push
D015,U-0369,intense,pull
D015,U-0370,standard,push
D015,U-0371,intense,legs
D015,U-0372,flexible,full_body
D015,U-0373,intense,legs
D015,U-0374,intense,legs
D015,U-0375,standard,upper
D015,U-0376,express,upper
D015,U-0377,flexible,full_body
D015,U-0378,intense,legs
D015,U-0379,intense,push
D015,U-0380,standard,pull
D015,U-0381,intense,push
D015,U-0382,standard,pull
D015,U-0383,standard,push
D015,U-0384,flexible,full_body
D015,U-0385,flexible,full_body
D015,U-0386,flexible,legs
D015,U-0387,express,push
D015,U-0388,intense,full_body
D015,U-0389,standard,legs
D015,U-0390,intense,push
D015,U-0391,flexible,push
D015,U-0392,express,push
D015,U-0393,flexible,full_body
D015,U-0394,intense,full_body
D015,U-0395,intense,full_body
D015,U-0396,intense,upper
D015,U-0397,intense,pull
D015,U-0398,express,upper
D015,U-0399,intense,push
D015,U-0400,flexible,upper
D015,U-0401,express,legs
D015,U-0402,standard,push
D015,U-0403,standard,upper
D015,U-0404,standard,push
D015,U-0405,intense,full_body
D015,U-0406,flexible,push
D015,U-0407,standard,full_body
D015,U-0408,flexible,push
D015,U-0409,flexible,upper
D015,U-0410,flexible,upper
D015,U-0411,standard,pull
D016,U-0001,standard,legs
D016,U-0002,standard,upper
D016,U-0003,express,legs
D016,U-0004,standard,pull
D016,U-0005,intense,push
D016,U-0006,flexible,full_body
D016,U-0007,standard,upper
D016,U-0008,standard,push
D016,U-0009,flexible,push
D016,U-0010,standard,pull
D016,U-0011,standard,push
D016,U-0012,standard,legs
D016,U-0013,flexible,full_body
D016,U-0014,express,legs
D016,U-0015,flexible,full_body
D016,U-0016,intense,legs
D016,U-0017,standard,upper
D016,U-0018,express,push
D016,U-0019,flexible,upper
D016,U-0020,flexible,legs
D016,U-0021,intense,legs
D016,U-0022,standard,push
D016,U-0023,intense,legs
D016,U-0024,standard,legs
D016,U-0025,flexible,full_body
D016,U-0026,express,pull
D016,U-0027,express,legs
D016,U-0028,intense,push
D016,U-0029,flexible,upper
D016,U-0030,flexible,pull
D016,U-0031,standard,full_body
D016,U-0032,intense,upper
D016,U-0033,standard,legs
D016,U-0034,express,push
D016,U-0035,standard,upper
D016,U-0036,standard,full_body
D016,U-0037,flexible,legs
D016,U-0038,standard,full_body
D016,U-0039,flexible,push
D016,U-0040,express,push
D016,U-0041,flexible,upper
D016,U-0042,flexible,full_body
D016,U-0043,intense,full_body
D016,U-0044,express,push
D016,U-0045,flexible,full_body
D016,U-0046,flexible,upper
D016,U-0047,standard,upper
D016,U-0048,intense,upper
D016,U-0049,standard,pull
D016,U-0050,flexible,pull
D016,U-0051,flexible,pull
D016,U-0052,standard,push
D016,U-0053,intense,legs
D016,U-0054,flexible,pull
D016,U-0055,intense,pull
D016,U-0056,standard,legs
D016,U-0057,intense,legs
D016,U-0058,intense,full_body
D016,U-0059,standard,pull
D016,U-0060,intense,legs
D016,U-0061,intense,push
D016,U-0062,express,legs
D016,U-0063,intense,pull
D016,U-0064,express,legs
D016,U-0065,express,legs
D016,U-0066,standard,legs
D016,U-0067,flexible,legs
D016,U-0068,intense,pull
D016,U-0069,flexible,full_body
D016,U-0070,standard,push
D016,U-0071,standard,pull
D016,U-0072,flexible,legs
D016,U-0073,flexible,upper
D016,U-0074,express,legs
D016,U-0075,flexible,pull
D016,U-0076,standard,legs
D016,U-0077,express,push
D016,U-0078,standard,pull
D016,U-0079,standard,legs
D016,U-0080,standard,pull
D016,U-0081,flexible,full_body
D016,U-0082,intense,push
D016,U-0083,standard,upper
D016,U-0084,standard,full_body
D016,U-0085,intense,legs
D016,U-0086,standard,pull
D016,U-0087,standard,upper
D016,U-0088,intense,pull
D016,U-0089,flexible,push
D016,U-0090,express,full_body
D016,U-0091,intense,legs
D016,U-0092,flexible,full_body
D016,U-0093,express,full_body
D016,U-0094,flexible,legs
D016,U-0095,standard,pull
D016,U-0096,intense,full_body
D016,U-0097,standard,legs
D016,U-0098,express,pull
D016,U-0099,intense,upper
D016,U-0100,flexible,upper
D016,U-0101,flexible,pull
D016,U-0102,standard,full_body
D016,U-0103,express,legs
D016,U-0104,intense,upper
D016,U-0105,express,legs
D016,U-0106,intense,legs
D016,U-0107,standard,legs
D016,U-0108,standard,upper
D016,U-0109,intense,legs
D016,U-0110,express,upper
D016,U-0111,flexible,push
D016,U-0112,flexible,pull
D016,U-0113,flexible,legs
D016,U-0114,flexible,full_body
D016,U-0115,standard,pull
D016,U-0116,express,upper
D016,U-0117,standard,pull
D016,U-0118,flexible,upper
D016,U-0119,flexible,upper
D016,U-0120,intense,full_body
D016,U-0121,flexible,pull
D016,U-0122,express,full_body
D016,U-0123,flexible,pull
D016,U-0124,standard,push
D016,U-0125,express,push
D016,U-0126,intense,push
D016,U-0127,express,push
D016,U-0128,express,pull
D016,U-0129,flexible,upper
D016,U-0130,intense,push
D016,U-0131,express,legs
D016,U-0132,standard,push
D016,U-0133,standard,legs
D016,U-0134,flexible,full_body
D016,U-0135,standard,push
D016,U-0136,intense,upper
D016,U-0137,flexible,upper
D016,U-0138,intense,legs
D016,U-0139,standard,pull
D016,U-0140,intense,push
D016,U-0141,flexible,full_body
D016,U-0142,flexible,full_body
D016,U-0143,express,full_body
D016,U-0144,flexible,full_body
D016,U-0145,flexible,push
D016,U-0146,intense,push
D016,U-0147,intense,legs
D016,U-0148,flexible,push
D016,U-0149,intense,legs
D016,U-0150,flexible,pull
D016,U-0151,express,legs
D016,U-0152,standard,legs
D016,U-0153,flexible,upper
D016,U-0154,express,legs
D016,U-0155,flexible,pull
D016,U-0156,express,upper
D016,U-0157,standard,legs
D016,U-0158,express,upper
D016,U-0159,flexible,upper
D016,U-0160,standard,upper
D016,U-0161,intense,pull
D016,U-0162,standard,upper
D016,U-0163,standard,upper
D016,U-0164,standard,pull
D016,U-0165,standard,full_body
D016,U-0166,intense,push
D016,U-0167,intense,pull
D016,U-0168,standard,push
D016,U-0169,intense,legs
D016,U-0170,flexible,full_body
D016,U-0171,standard,push
D016,U-0172,standard,full_body
D016,U-0173,standard,full_body
D016,U-0174,express,upper
D016,U-0175,standard,full_body
D016,U-0176,standard,legs
D016,U-0177,standard,full_body
D016,U-0178,standard,pull
D016,U-0179,standard,upper
D016,U-0180,intense,legs
D016,U-0181,standard,push
D016,U-0182,intense,push
D016,U-0183,standard,pull
D016,U-0184,express,push
D016,U-0185,intense,pull
D016,U-0186,flexible,full_body
D016,U-0187,flexible,upper
D016,U-0188,flexible,push
D016,U-0189,intense,legs
D016,U-0190,flexible,full_body
D016,U-0191,standard,push
D016,U-0192,intense,pull
D016,U-0193,flexible,pull
D016,U-0194,flexible,pull
D016,U-0195,intense,upper
D016,U-0196,intense,pull
D016,U-0197,express,upper
D016,U-0198,standard,upper
D016,U-0199,standard,pull
D016,U-0200,standard,full_body
D016,U-0201,express,full_body
D016,U-0202,standard,push
D016,U-0203,standard,legs
D016,U-0204,flexible,legs
D016,U-0205,intense,upper
D016,U-0206,intense,pull
D016,U-0207,standard,push
D016,U-0208,flexible,push
D016,U-0209,intense,push
D016,U-0210,flexible,pull
D016,U-0211,intense,push
D016,U-0212,standard,upper
D016,U-0213,flexible,push
D016,U-0214,express,push
D016,U-0215,flexible,upper
D016,U-0216,intense,legs
D016,U-0217,standard,upper
D016,U-0218,intense,push
D016,U-0219,flexible,full_body
D016,U-0220,flexible,full_body
D016,U-0221,flexible,upper
D016,U-0222,standard,upper
D016,U-0223,standard,legs
D016,U-0224,intense,full_body
D016,U-0225,express,upper
D016,U-0226,flexible,pull
D016,U-0227,intense,push
D016,U-0228,intense,legs
D016,U-0229,flexible,push
D016,U-0230,flexible,full_body
D016,U-0231,flexible,upper
D016,U-0232,express,push
D016,U-0233,flexible,full_body
D016,U-0234,standard,legs
D016,U-0235,intense,pull
D016,U-0236,intense,push
D016,U-0237,express,full_body
D016,U-0238,express,pull
D016,U-0239,express,legs
D016,U-0240,flexible,pull
D016,U-0241,standard,legs
D016,U-0242,intense,push
D016,U-0243,flexible,upper
D016,U-0244,flexible,upper
D016,U-0245,flexible,legs
D016,U-0246,intense,pull
D016,U-0247,flexible,upper
D016,U-0248,flexible,push
D016,U-0249,standard,push
D016,U-0250,express,legs
D016,U-0251,intense,legs
D016,U-0252,flexible,upper
D016,U-0253,intense,pull
D016,U-0254,express,upper
D016,U-0255,intense,legs
D016,U-0256,express,full_body
D016,U-0257,flexible,full_body
D016,U-0258,express,upper
D016,U-0259,express,pull
D016,U-0260,intense,legs
D016,U-0261,express,push
D016,U-0262,standard,full_body
D016,U-0263,standard,push
D016,U-0264,express,pull
D016,U-0265,standard,push
D016,U-0266,standard,upper
D016,U-0267,flexible,pull
D016,U-0268,express,push
D016,U-0269,flexible,push
D016,U-0270,intense,legs
D016,U-0271,flexible,full_body
D016,U-0272,intense,pull
D016,U-0273,intense,pull
D016,U-0274,intense,pull
D016,U-0275,flexible,push
D016,U-0276,intense,pull
D016,U-0277,intense,push
D016,U-0278,intense,full_body
D016,U-0279,standard,pull
D016,U-0280,standard,upper
D016,U-0281,standard,legs
D016,U-0282,express,upper
D016,U-0283,standard,upper
D016,U-0284,intense,full_body
D016,U-0285,intense,pull
D016,U-0286,express,full_body
D016,U-0287,intense,pull
D016,U-0288,standard,full_body
D016,U-0289,flexible,upper
D016,U-0290,standard,full_body
D016,U-0291,flexible,full_body
D016,U-0292,flexible,pull
D016,U-0293,express,full_body
D016,U-0294,standard,pull
D016,U-0295,intense,pull
D016,U-0296,intense,legs
D016,U-0297,intense,pull
D016,U-0298,express,pull
D016,U-0299,intense,upper
D016,U-0300,standard,pull
D016,U-0301,flexible,push
D016,U-0302,standard,upper
D016,U-0303,intense,pull
D016,U-0304,flexible,pull
D016,U-0305,intense,pull
D016,U-0306,intense,legs
D016,U-0307,express,legs
D016,U-0308,intense,pull
D016,U-0309,intense,pull
D016,U-0310,flexible,full_body
D016,U-0311,standard,pull
D016,U-0312,intense,full_body
D016,U-0313,flexible,pull
D016,U-0314,intense,push
D016,U-0315,express,push
D016,U-0316,standard,upper
D016,U-0317,flexible,push
D016,U-0318,intense,legs
D016,U-0319,express,upper
D016,U-0320,express,legs
D016,U-0321,express,upper
D016,U-0322,express,upper
D016,U-0323,flexible,legs
D016,U-0324,intense,pull
D016,U-0325,express,upper
D016,U-0326,flexible,upper
D016,U-0327,standard,pull
D016,U-0328,flexible,upper
D016,U-0329,standard,full_body
D016,U-0330,express,upper
D016,U-0331,express,upper
D016,U-0332,flexible,push
D016,U-0333,standard,legs
D016,U-0334,standard,pull
D016,U-0335,express,legs
D016,U-0336,standard,push
D016,U-0337,intense,push
D016,U-0338,express,push
D016,U-0339,flexible,push
D016,U-0340,intense,upper
D016,U-0341,standard,legs
D016,U-0342,intense,pull
D016,U-0343,express,full_body
D016,U-0344,flexible,pull
D016,U-0345,flexible,full_body
D016,U-0346,intense,push
D016,U-0347,standard,legs
D016,U-0348,flexible,upper
D016,U-0349,flexible,push
D016,U-0350,intense,pull
D016,U-0351,intense,upper
D016,U-0352,express,upper
D016,U-0353,standard,push
D016,U-0354,flexible,legs
D016,U-0355,express,push
D016,U-0356,intense,pull
D016,U-0357,standard,pull
D016,U-0358,flexible,push
D016,U-0359,intense,pull
D016,U-0360,express,full_body
D016,U-0361,flexible,upper
D016,U-0362,intense,pull
D016,U-0363,intense,upper
D016,U-0364,express,full_body
D016,U-0365,standard,pull
D016,U-0366,intense,upper
D016,U-0367,standard,pull
D016,U-0368,express,legs
D016,U-0369,intense,pull
D016,U-0370,intense,upper
D016,U-0371,flexible,full_body
D016,U-0372,standard,push
D016,U-0373,intense,push
D016,U-0374,standard,legs
D016,U-0375,standard,upper
D016,U-0376,standard,full_body
D016,U-0377,standard,upper
D016,U-0378,standard,legs
D016,U-0379,flexible,full_body
D016,U-0380,intense,legs
D016,U-0381,flexible,legs
D016,U-0382,flexible,legs
D016,U-0383,standard,pull
D016,U-0384,intense,legs
D016,U-0385,intense,push
D016,U-0386,standard,upper
D016,U-0387,intense,upper
D016,U-0388,standard,pull
D016,U-0389,express,full_body
D016,U-0390,flexible,upper
D016,U-0391,intense,push
D016,U-0392,flexible,pull
D016,U-0393,intense,push
D017,U-0001,standard,pull
D017,U-0002,express,upper
D017,U-0003,standard,pull
D017,U-0004,standard,pull
D017,U-0005,intense,push
D017,U-0006,standard,legs
D017,U-0007,flexible,upper
D017,U-0008,intense,legs
D017,U-0009,intense,pull
D017,U-0010,flexible,push
D017,U-0011,standard,legs
D017,U-0012,express,pull
D017,U-0013,flexible,upper
D017,U-0014,standard,full_body
D017,U-0015,standard,full_body
D017,U-0016,express,pull
D017,U-0017,flexible,upper
D017,U-0018,express,full_body
D017,U-0019,standard,legs
D017,U-0020,flexible,full_body
D017,U-0021,intense,legs
D017,U-0022,express,push
D017,U-0023,express,upper
D017,U-0024,express,push
D017,U-0025,intense,push
D017,U-0026,flexible,upper
D017,U-0027,express,legs
D017,U-0028,intense,legs
D017,U-0029,intense,legs
D017,U-0030,standard,pull
D017,U-0031,standard,upper
D017,U-0032,intense,push
D017,U-0033,intense,legs
D017,U-0034,intense,pull
D017,U-0035,intense,legs
D017,U-0036,intense,full_body
D017,U-0037,intense,legs
D017,U-0038,flexible,legs
D017,U-0039,flexible,pull
D017,U-0040,intense,pull
D017,U-0041,flexible,full_body
D017,U-0042,standard,full_body
D017,U-0043,flexible,upper
D017,U-0044,standard,push
D017,U-0045,intense,upper
D017,U-0046,intense,pull
D017,U-0047,standard,pull
D017,U-0048,standard,full_body
D017,U-0049,standard,legs
D017,U-0050,intense,pull
D017,U-0051,intense,push
D017,U-0052,intense,legs
D017,U-0053,standard,pull
D017,U-0054,standard,full_body
D017,U-0055,flexible,pull
D017,U-0056,flexible,upper
D017,U-0057,flexible,legs
D017,U-0058,flexible,legs
D017,U-0059,express,push
D017,U-0060,standard,legs
D017,U-0061,standard,push
D017,U-0062,standard,upper
D017,U-0063,standard,pull
D017,U-0064,express,push
D017,U-0065,intense,legs
D017,U-0066,flexible,push
D017,U-0067,flexible,legs
D017,U-0068,intense,upper
D017,U-0069,flexible,upper
D017,U-0070,flexible,push
D017,U-0071,flexible,upper
D017,U-0072,flexible,legs
D017,U-0073,intense,legs
D017,U-0074,express,full_body
D017,U-0075,intense,legs
D017,U-0076,standard,pull
D017,U-0077,standard,full_body
D017,U-0078,intense,legs
D017,U-0079,express,legs
D017,U-0080,standard,full_body
D017,U-0081,intense,legs
D017,U-0082,flexible,legs
D017,U-0083,flexible,upper
D017,U-0084,flexible,pull
D017,U-0085,standard,pull
D017,U-0086,express,upper
D017,U-0087,flexible,full_body
D017,U-0088,standard,push
D017,U-0089,intense,legs
D017,U-0090,intense,upper
D017,U-0091,express,legs
D017,U-0092,standard,legs
D017,U-0093,standard,upper
D017,U-0094,flexible,full_body
D017,U-0095,flexible,upper
D017,U-0096,standard,legs
D017,U-0097,flexible,pull
D017,U-0098,intense,push
D017,U-0099,intense,upper
D017,U-0100,standard,legs
D017,U-0101,standard,push
D017,U-0102,intense,push
D017,U-0103,flexible,pull
D017,U-0104,intense,pull
D017,U-0105,standard,pull
D017,U-0106,flexible,pull
D017,U-0107,standard,upper
D017,U-0108,express,pull
D017,U-0109,flexible,pull
D017,U-0110,flexible,pull
D017,U-0111,flexible,upper
D017,U-0112,standard,push
D017,U-0113,intense,pull
D017,U-0114,flexible,upper
D017,U-0115,intense,pull
D017,U-0116,flexible,full_body
D017,U-0117,intense,upper
D017,U-0118,express,legs
D017,U-0119,flexible,upper
D017,U-0120,flexible,pull
D017,U-0121,standard,legs
D017,U-0122,standard,upper
D017,U-0123,standard,legs
D017,U-0124,intense,push
D017,U-0125,intense,upper
D017,U-0126,standard,legs
D017,U-0127,intense,pull
D017,U-0128,flexible,full_body
D017,U-0129,express,upper
D017,U-0130,flexible,legs
D017,U-0131,express,push
D017,U-0132,flexible,legs
D017,U-0133,flexible,upper
D017,U-0134,standard,upper
D017,U-0135,intense,legs
D017,U-0136,flexible,full_body
D017,U-0137,flexible,full_body
D017,U-0138,standard,legs
D017,U-0139,intense,pull
D017,U-0140,express,legs
D017,U-0141,standard,full_body
D017,U-0142,intense,legs
D017,U-0143,standard,legs
D017,U-0144,flexible,full_body
D017,U-0145,standard,full_body
D017,U-0146,intense,legs
D017,U-0147,express,upper
D017,U-0148,flexible,upper
D017,U-0149,intense,push
D017,U-0150,intense,upper
D017,U-0151,intense,pull
D017,U-0152,intense,push
D017,U-0153,express,full_body
D017,U-0154,express,pull
D017,U-0155,standard,legs
D017,U-0156,express,full_body
D017,U-0157,intense,upper
D017,U-0158,intense,pull
D017,U-0159,express,push
D017,U-0160,express,push
D017,U-0161,intense,upper
D017,U-0162,intense,pull
D017,U-0163,standard,upper
D017,U-0164,standard,full_body
D017,U-0165,flexible,legs
D017,U-0166,flexible,full_body
D017,U-0167,express,legs
D017,U-0168,flexible,pull
D017,U-0169,intense,pull
D017,U-0170,standard,legs
D017,U-0171,express,pull
D017,U-0172,intense,push
D017,U-0173,flexible,push
D017,U-0174,flexible,full_body
D017,U-0175,standard,pull
D017,U-0176,intense,push
D017,U-0177,flexible,legs
D017,U-0178,intense,legs
D017,U-0179,flexible,pull
D017,U-0180,standard,legs
D017,U-0181,flexible,upper
D017,U-0182,standard,pull
D017,U-0183,flexible,pull
D017,U-0184,intense,pull
D017,U-0185,intense,pull
D017,U-0186,express,legs
D017,U-0187,standard,legs
D017,U-0188,flexible,pull
D017,U-0189,standard,upper
D017,U-0190,express,legs
D017,U-0191,standard,pull
D017,U-0192,express,push
D017,U-0193,intense,push
D017,U-0194,standard,upper
D017,U-0195,flexible,full_body
D017,U-0196,standard,pull
D017,U-0197,standard,legs
D017,U-0198,standard,push
D017,U-0199,express,full_body
D017,U-0200,flexible,full_body
D017,U-0201,intense,pull
D017,U-0202,express,pull
D017,U-0203,flexible,full_body
D017,U-0204,express,upper
D017,U-0205,intense,legs
D017,U-0206,intense,push
D017,U-0207,intense,pull
D017,U-0208,intense,push
D017,U-0209,express,full_body
D017,U-0210,express,legs
D017,U-0211,intense,upper
D017,U-0212,standard,upper
D017,U-0213,express,upper
D017,U-0214,standard,upper
D017,U-0215,express,upper
D017,U-0216,flexible,legs
D017,U-0217,flexible,pull
D017,U-0218,intense,legs
D017,U-0219,intense,upper
D017,U-0220,express,legs
D017,U-0221,intense,upper
D017,U-0222,flexible,upper
D017,U-0223,intense,upper
D017,U-0224,intense,push
D017,U-0225,flexible,upper
D017,U-0226,express,pull
D017,U-0227,standard,pull
D017,U-0228,intense,full_body
D017,U-0229,flexible,pull
D017,U-0230,flexible,full_body
D017,U-0231,intense,pull
D017,U-0232,standard,full_body
D017,U-0233,standard,upper
D017,U-0234,standard,legs
D017,U-0235,intense,legs
D017,U-0236,intense,push
D017,U-0237,express,full_body
D017,U-0238,standard,legs
D017,U-0239,flexible,upper
D017,U-0240,flexible,pull
D017,U-0241,flexible,push
D017,U-0242,standard,upper
D017,U-0243,flexible,full_body
D017,U-0244,intense,full_body
D017,U-0245,flexible,upper
D017,U-0246,intense,pull
D017,U-0247,intense,pull
D017,U-0248,intense,pull
D017,U-0249,flexible,pull
D017,U-0250,standard,upper
D017,U-0251,flexible,legs
D017,U-0252,intense,legs
D017,U-0253,express,push
D017,U-0254,express,push
D017,U-0255,intense,pull
D017,U-0256,standard,full_body
D017,U-0257,flexible,upper
D017,U-0258,standard,legs
D017,U-0259,flexible,legs
D017,U-0260,intense,legs
D017,U-0261,intense,full_body
D017,U-0262,intense,pull
D017,U-0263,flexible,pull
D017,U-0264,express,legs
D017,U-0265,flexible,upper
D017,U-0266,standard,pull
D017,U-0267,express,full_body
D017,U-0268,standard,pull
D017,U-0269,intense,push
D017,U-0270,express,upper
D017,U-0271,standard,legs
D017,U-0272,intense,pull
D017,U-0273,standard,full_body
D017,U-0274,flexible,upper
D017,U-0275,flexible,push
D017,U-0276,intense,pull
D017,U-0277,intense,push
D017,U-0278,intense,legs
D017,U-0279,standard,legs
D017,U-0280,flexible,full_body
D017,U-0281,intense,legs
D017,U-0282,intense,full_body
D017,U-0283,flexible,legs
D017,U-0284,intense,legs
D017,U-0285,standard,pull
D017,U-0286,express,pull
D017,U-0287,intense,legs
D017,U-0288,flexible,legs
D017,U-0289,intense,legs
D017,U-0290,standard,legs
D017,U-0291,flexible,upper
D017,U-0292,standard,upper
D017,U-0293,standard,upper
D017,U-0294,flexible,upper
D017,U-0295,flexible,upper
D017,U-0296,express,full_body
D017,U-0297,flexible,legs
D017,U-0298,standard,legs
D017,U-0299,express,full_body
D017,U-0300,flexible,full_body
D017,U-0301,standard,push
D017,U-0302,standard,pull
D017,U-0303,flexible,legs
D017,U-0304,standard,upper
D017,U-0305,flexible,full_body
D017,U-0306,express,pull
D017,U-0307,flexible,full_body
D017,U-0308,intense,pull
D017,U-0309,standard,full_body
D017,U-0310,flexible,full_body
D017,U-0311,express,upper
D017,U-0312,flexible,upper
D017,U-0313,flexible,full_body
D017,U-0314,flexible,upper
D017,U-0315,flexible,upper
D017,U-0316,intense,pull
D017,U-0317,intense,push
D017,U-0318,standard,legs
D017,U-0319,standard,pull
D017,U-0320,express,push
D017,U-0321,standard,pull
D017,U-0322,flexible,legs
D017,U-0323,standard,upper
D017,U-0324,flexible,upper
D017,U-0325,flexible,legs
D017,U-0326,flexible,upper
D017,U-0327,express,full_body
D017,U-0328,flexible,full_body
D017,U-0329,express,upper
D017,U-0330,flexible,pull
D017,U-0331,standard,legs
D017,U-0332,express,upper
D017,U-0333,express,full_body
D017,U-0334,flexible,upper
D017,U-0335,standard,push
D017,U-0336,intense,pull
D017,U-0337,express,full_body
D017,U-0338,standard,push
D017,U-0339,express,pull
D017,U-0340,intense,upper
D017,U-0341,flexible,pull
D017,U-0342,standard,pull
D017,U-0343,flexible,full_body
D017,U-0344,standard,upper
D017,U-0345,express,push
D017,U-0346,flexible,upper
D017,U-0347,express,pull
D017,U-0348,standard,full_body
D017,U-0349,express,legs
D017,U-0350,intense,pull
D017,U-0351,intense,full_body
D017,U-0352,flexible,upper
D017,U-0353,express,pull
D017,U-0354,express,push
D017,U-0355,intense,pull
D017,U-0356,standard,upper
D017,U-0357,standard,pull
D017,U-0358,intense,upper
D017,U-0359,flexible,full_body
D017,U-0360,intense,legs
D017,U-0361,flexible,legs
D017,U-0362,standard,full_body
D017,U-0363,express,push
D018,U-0001,express,pull
D018,U-0002,flexible,full_body
D018,U-0003,flexible,legs
D018,U-0004,intense,pull
D018,U-0005,standard,pull
D018,U-0006,intense,upper
D018,U-0007,intense,upper
D018,U-0008,intense,pull
D018,U-0009,intense,pull
D018,U-0010,standard,full_body
D018,U-0011,intense,pull
D018,U-0012,standard,push
D018,U-0013,intense,push
D018,U-0014,intense,pull
D018,U-0015,intense,push
D018,U-0016,standard,legs
D018,U-0017,standard,legs
D018,U-0018,express,pull
D018,U-0019,intense,pull
D018,U-0020,standard,legs
D018,U-0021,standard,upper
D018,U-0022,standard,full_body
D018,U-0023,flexible,legs
D018,U-0024,intense,pull
D018,U-0025,standard,upper
D018,U-0026,intense,push
D018,U-0027,flexible,full_body
D018,U-0028,flexible,upper
D018,U-0029,intense,full_body
D018,U-0030,standard,push
D018,U-0031,standard,push
D018,U-0032,flexible,full_body
D018,U-0033,intense,legs
D018,U-0034,intense,upper
D018,U-0035,flexible,push
D018,U-0036,standard,legs
D018,U-0037,flexible,legs
D018,U-0038,standard,pull
D018,U-0039,standard,push
D018,U-0040,flexible,upper
D018,U-0041,standard,full_body
D018,U-0042,intense,legs
D018,U-0043,intense,push
D018,U-0044,standard,pull
D018,U-0045,standard,pull
D018,U-0046,intense,push
D018,U-0047,express,legs
D018,U-0048,express,pull
D018,U-0049,standard,push
D018,U-0050,intense,upper
D018,U-0051,flexible,full_body
D018,U-0052,intense,legs
D018,U-0053,flexible,full_body
D018,U-0054,flexible,pull
D018,U-0055,express,upper
D018,U-0056,flexible,legs
D018,U-0057,intense,pull
D018,U-0058,flexible,upper
D018,U-0059,standard,upper
D018,U-0060,flexible,full_body
D018,U-0061,intense,push
D018,U-0062,flexible,pull
D018,U-0063,intense,push
D018,U-0064,express,push
D018,U-0065,standard,push
D018,U-0066,intense,push
D018,U-0067,flexible,legs
D018,U-0068,flexible,pull
D018,U-0069,intense,full_body
D018,U-0070,standard,push
D018,U-0071,standard,pull
D018,U-0072,intense,pull
D018,U-0073,intense,legs
D018,U-0074,standard,pull
D018,U-0075,intense,upper
D018,U-0076,standard,full_body
D018,U-0077,express,push
D018,U-0078,intense,full_body
D018,U-0079,standard,full_body
D018,U-0080,flexible,full_body
D018,U-0081,standard,upper
D018,U-0082,standard,full_body
D018,U-0083,standard,upper
D018,U-0084,flexible,upper
D018,U-0085,standard,upper
D018,U-0086,intense,upper
D018,U-0087,flexible,full_body
D018,U-0088,flexible,push
D018,U-0089,standard,push
D018,U-0090,standard,pull
D018,U-0091,standard,legs
D018,U-0092,flexible,full_body
D018,U-0093,express,push
D018,U-0094,intense,full_body
D018,U-0095,standard,push
D018,U-0096,flexible,pull
D018,U-0097,intense,push
D018,U-0098,intense,legs
D018,U-0099,express,pull
D018,U-0100,flexible,upper
D018,U-0101,standard,upper
D018,U-0102,intense,legs
D018,U-0103,standard,full_body
D018,U-0104,flexible,full_body
D018,U-0105,standard,push
D018,U-0106,intense,push
D018,U-0107,standard,upper
D018,U-0108,flexible,push
D018,U-0109,express,upper
D018,U-0110,express,upper
D018,U-0111,flexible,legs
D018,U-0112,express,upper
D018,U-0113,intense,push
D018,U-0114,standard,upper
D018,U-0115,intense,push
D018,U-0116,flexible,push
D018,U-0117,express,legs
D018,U-0118,express,push
D018,U-0119,standard,upper
D018,U-0120,express,upper
D018,U-0121,standard,pull
D018,U-0122,standard,full_body
D018,U-0123,intense,legs
D018,U-0124,intense,upper
D018,U-0125,standard,pull
D018,U-0126,standard,pull
D018,U-0127,standard,full_body
D018,U-0128,standard,upper
D018,U-0129,standard,full_body
D018,U-0130,flexible,upper
D018,U-0131,standard,pull
D018,U-0132,intense,upper
D018,U-0133,express,legs
D018,U-0134,intense,legs
D018,U-0135,intense,pull
D018,U-0136,intense,push
D018,U-0137,standard,legs
D018,U-0138,express,pull
D018,U-0139,standard,push
D018,U-0140,standard,pull
D018,U-0141,express,push
D018,U-0142,express,pull
D018,U-0143,intense,upper
D018,U-0144,standard,legs
D018,U-0145,intense,legs
D018,U-0146,standard,push
D018,U-0147,flexible,upper
D018,U-0148,express,push
D018,U-0149,express,pull
D018,U-0150,intense,legs
D018,U-0151,standard,push
D018,U-0152,standard,legs
D018,U-0153,standard,upper
D018,U-0154,standard,full_body
D018,U-0155,intense,legs
D018,U-0156,flexible,legs
D018,U-0157,intense,full_body
D018,U-0158,intense,push
D018,U-0159,standard,legs
D018,U-0160,standard,push
D018,U-0161,flexible,push
D018,U-0162,flexible,pull
D018,U-0163,intense,pull
D018,U-0164,intense,legs
D018,U-0165,standard,upper
D018,U-0166,standard,legs
D018,U-0167,express,legs
D018,U-0168,express,legs
D018,U-0169,intense,upper
D018,U-0170,standard,upper
D018,U-0171,intense,push
D018,U-0172,flexible,upper
D018,U-0173,flexible,full_body
D018,U-0174,intense,legs
D018,U-0175,intense,push
D018,U-0176,standard,push
D018,U-0177,intense,pull
D018,U-0178,intense,pull
D018,U-0179,standard,full_body
D018,U-0180,intense,legs
D018,U-0181,intense,push
D018,U-0182,intense,upper
D018,U-0183,standard,upper
D018,U-0184,flexible,upper
D018,U-0185,flexible,push
D018,U-0186,standard,pull
D018,U-0187,express,push
D018,U-0188,standard,pull
D018,U-0189,intense,push
D018,U-0190,intense,pull
D018,U-0191,intense,full_body
D018,U-0192,intense,legs
D018,U-0193,flexible,upper
D018,U-0194,intense,pull
D018,U-0195,intense,pull
D018,U-0196,intense,upper
D018,U-0197,intense,legs
D018,U-0198,flexible,upper
D018,U-0199,express,legs
D018,U-0200,intense,push
D018,U-0201,flexible,full_body
D018,U-0202,flexible,upper
D018,U-0203,express,upper
D018,U-0204,intense,push
D018,U-0205,flexible,push
D018,U-0206,flexible,full_body
D018,U-0207,express,pull
D018,U-0208,intense,pull
D018,U-0209,flexible,pull
D018,U-0210,standard,legs
D018,U-0211,standard,upper
D018,U-0212,flexible,full_body
D018,U-0213,standard,pull
D018,U-0214,standard,legs
D018,U-0215,intense,legs
D018,U-0216,flexible,legs
D018,U-0217,flexible,upper
D018,U-0218,intense,pull
D018,U-0219,standard,full_body
D018,U-0220,intense,push
D018,U-0221,flexible,legs
D018,U-0222,standard,pull
D018,U-0223,standard,push
D018,U-0224,intense,legs
D018,U-0225,express,upper
D018,U-0226,intense,pull
D018,U-0227,express,pull
D018,U-0228,intense,push
D018,U-0229,express,push
D018,U-0230,flexible,upper
D018,U-0231,flexible,upper
D018,U-0232,standard,upper
D018,U-0233,standard,legs
D018,U-0234,flexible,pull
D018,U-0235,standard,push
D018,U-0236,flexible,full_body
D018,U-0237,intense,full_body
D018,U-0238,standard,push
D018,U-0239,intense,upper
D018,U-0240,standard,upper
D018,U-0241,flexible,legs
D018,U-0242,intense,full_body
D018,U-0243,flexible,full_body
D018,U-0244,flexible,upper
D018,U-0245,flexible,full_body
D018,U-0246,standard,legs
D018,U-0247,standard,full_body
D018,U-0248,standard,upper
D018,U-0249,standard,push
D018,U-0250,intense,upper
D018,U-0251,standard,push
D018,U-0252,intense,pull
D018,U-0253,standard,pull
D018,U-0254,flexible,pull
D018,U-0255,intense,legs
D018,U-0256,flexible,pull
D018,U-0257,flexible,upper
D018,U-0258,express,upper
D018,U-0259,intense,upper
D018,U-0260,intense,pull
D018,U-0261,standard,legs
D018,U-0262,flexible,push
D018,U-0263,standard,legs
D018,U-0264,intense,pull
D018,U-0265,flexible,upper
D018,U-0266,standard,full_body
D018,U-0267,intense,legs
D018,U-0268,intense,push
D018,U-0269,flexible,push
D018,U-0270,flexible,pull
D018,U-0271,express,pull
D018,U-0272,flexible,legs
D018,U-0273,standard,legs
D018,U-0274,flexible,legs
D018,U-0275,standard,push
D018,U-0276,intense,push
D018,U-0277,flexible,upper
D018,U-0278,intense,full_body
D018,U-0279,express,full_body
D018,U-0280,standard,pull
D018,U-0281,intense,pull
D018,U-0282,intense,pull
D018,U-0283,standard,legs
D018,U-0284,intense,push
D018,U-0285,standard,upper
D018,U-0286,flexible,pull
D018,U-0287,standard,legs
D018,U-0288,flexible,upper
D018,U-0289,intense,pull
D018,U-0290,standard,upper
D018,U-0291,express,push
D018,U-0292,express,push
D018,U-0293,standard,pull
D018,U-0294,standard,upper
D018,U-0295,intense,legs
D018,U-0296,intense,pull
D018,U-0297,intense,legs
D018,U-0298,flexible,legs
D018,U-0299,flexible,full_body
D018,U-0300,flexible,full_body
D018,U-0301,intense,pull
D018,U-0302,standard,legs
D018,U-0303,intense,pull
D018,U-0304,flexible,push
D018,U-0305,intense,full_body
D018,U-0306,standard,pull
D018,U-0307,intense,legs
D018,U-0308,standard,upper
D018,U-0309,flexible,pull
D018,U-0310,flexible,full_body
D018,U-0311,flexible,legs
D018,U-0312,flexible,upper
D018,U-0313,flexible,legs
D018,U-0314,flexible,full_body
D018,U-0315,standard,legs
D018,U-0316,intense,legs
D018,U-0317,flexible,push
D018,U-0318,standard,push
D018,U-0319,express,upper
D018,U-0320,intense,legs
D018,U-0321,express,pull
D018,U-0322,express,legs
D018,U-0323,flexible,push
D018,U-0324,standard,full_body
D018,U-0325,intense,push
D018,U-0326,intense,push
D018,U-0327,standard,upper
D018,U-0328,flexible,upper
D018,U-0329,express,push
D018,U-0330,express,legs
D018,U-0331,flexible,push
D018,U-0332,flexible,full_body
D018,U-0333,intense,full_body
D018,U-0334,flexible,legs
D018,U-0335,intense,pull
D018,U-0336,flexible,full_body
D018,U-0337,intense,pull
D018,U-0338,intense,push
D018,U-0339,flexible,upper
D018,U-0340,flexible,upper
D018,U-0341,standard,legs
D018,U-0342,flexible,upper
D018,U-0343,flexible,push
D018,U-0344,intense,pull
D018,U-0345,standard,upper
D018,U-0346,standard,pull
D018,U-0347,intense,push
D018,U-0348,standard,upper
D018,U-0349,flexible,push
D018,U-0350,intense,upper
D018,U-0351,intense,full_body
D018,U-0352,express,upper
D018,U-0353,flexible,full_body
D018,U-0354,standard,legs
D018,U-0355,express,legs
D018,U-0356,flexible,upper
D018,U-0357,intense,push
D018,U-0358,flexible,pull
D018,U-0359,intense,legs
D018,U-0360,standard,legs
D018,U-0361,intense,full_body
D018,U-0362,flexible,full_body
D018,U-0363,standard,push
D018,U-0364,intense,push
D018,U-0365,intense,pull
D018,U-0366,standard,push
D018,U-0367,intense,push
D018,U-0368,flexible,legs
D018,U-0369,standard,legs
D018,U-0370,flexible,legs
D018,U-0371,standard,pull
D018,U-0372,express,push
D018,U-0373,standard,legs
D018,U-0374,standard,pull
D018,U-0375,standard,upper
D018,U-0376,intense,pull
D018,U-0377,standard,push
D018,U-0378,standard,full_body
D018,U-0379,standard,upper
D018,U-0380,flexible,upper
D018,U-0381,flexible,full_body
D019,U-0001,standard,push
D019,U-0002,standard,full_body
D019,U-0003,intense,legs
D019,U-0004,intense,pull
D019,U-0005,flexible,full_body
D019,U-0006,intense,legs
D019,U-0007,standard,push
D019,U-0008,intense,pull
D019,U-0009,standard,legs
D019,U-0010,standard,upper
D019,U-0011,intense,upper
D019,U-0012,intense,pull
D019,U-0013,flexible,legs
D019,U-0014,flexible,upper
D019,U-0015,flexible,legs
D019,U-0016,flexible,legs
D019,U-0017,flexible,full_body
D019,U-0018,standard,full_body
D019,U-0019,intense,upper
D019,U-0020,standard,legs
D019,U-0021,intense,push
D019,U-0022,flexible,upper
D019,U-0023,flexible,full_body
D019,U-0024,flexible,pull
D019,U-0025,express,full_body
D019,U-0026,standard,pull
D019,U-0027,flexible,push
D019,U-0028,standard,upper
D019,U-0029,standard,push
D019,U-0030,standard,pull
D019,U-0031,flexible,pull
D019,U-0032,express,legs
D019,U-0033,express,full_body
D019,U-0034,flexible,pull
D019,U-0035,express,pull
D019,U-0036,flexible,pull
D019,U-0037,express,legs
D019,U-0038,standard,pull
D019,U-0039,standard,legs
D019,U-0040,flexible,upper
D019,U-0041,standard,upper
D019,U-0042,express,upper
D019,U-0043,flexible,legs
D019,U-0044,standard,full_body
D019,U-0045,intense,pull
D019,U-0046,intense,push
D019,U-0047,intense,legs
D019,U-0048,flexible,pull
D019,U-0049,flexible,push
D019,U-0050,standard,pull
D019,U-0051,flexible,upper
D019,U-0052,intense,pull
D019,U-0053,flexible,upper
D019,U-0054,flexible,full_body
D019,U-0055,flexible,full_body
D019,U-0056,intense,legs
D019,U-0057,flexible,full_body
D019,U-0058,standard,legs
D019,U-0059,intense,pull
D019,U-0060,flexible,upper
D019,U-0061,intense,pull
D019,U-0062,express,full_body
D019,U-0063,standard,legs
D019,U-0064,express,full_body
D019,U-0065,standard,upper
D019,U-0066,flexible,upper
D019,U-0067,intense,pull
D019,U-0068,intense,push
D019,U-0069,express,pull
D019,U-0070,intense,push
D019,U-0071,standard,full_body
D019,U-0072,flexible,push
D019,U-0073,express,pull
D019,U-0074,standard,pull
D019,U-0075,flexible,upper
D019,U-0076,intense,full_body
D019,U-0077,standard,pull
D019,U-0078,intense,legs
D019,U-0079,intense,full_body
D019,U-0080,intense,push
D019,U-0081,standard,push
D019,U-0082,standard,legs
D019,U-0083,intense,full_body
D019,U-0084,express,legs
D019,U-0085,standard,push
D019,U-0086,flexible,upper
D019,U-0087,flexible,full_body
D019,U-0088,standard,upper
D019,U-0089,flexible,upper
D019,U-0090,standard,legs
D019,U-0091,intense,push
D019,U-0092,intense,legs
D019,U-0093,intense,legs
D019,U-0094,express,pull
D019,U-0095,intense,full_body
D019,U-0096,express,legs
D019,U-0097,standard,push
D019,U-0098,intense,legs
D019,U-0099,intense,pull
D019,U-0100,flexible,push
D019,U-0101,intense,legs
D019,U-0102,flexible,full_body
D019,U-0103,flexible,full_body
D019,U-0104,intense,legs
D019,U-0105,flexible,legs
D019,U-0106,intense,legs
D019,U-0107,intense,full_body
D019,U-0108,flexible,pull
D019,U-0109,standard,full_body
D019,U-0110,flexible,legs
D019,U-0111,standard,full_body
D019,U-0112,standard,full_body
D019,U-0113,standard,full_body
D019,U-0114,intense,full_body
D019,U-0115,standard,upper
D019,U-0116,express,upper
D019,U-0117,intense,legs
D019,U-0118,intense,legs
D019,U-0119,flexible,full_body
D019,U-0120,standard,pull
D019,U-0121,intense,pull
D019,U-0122,standard,legs
D019,U-0123,flexible,full_body
D019,U-0124,flexible,full_body
D019,U-0125,express,full_body
D019,U-0126,standard,legs
D019,U-0127,flexible,upper
D019,U-0128,standard,pull
D019,U-0129,standard,upper
D019,U-0130,flexible,upper
D019,U-0131,intense,pull
D019,U-0132,standard,legs
D019,U-0133,intense,push
D019,U-0134,flexible,full_body
D019,U-0135,standard,legs
D019,U-0136,intense,pull
D019,U-0137,intense,legs
D019,U-0138,intense,legs
D019,U-0139,standard,upper
D019,U-0140,standard,upper
D019,U-0141,flexible,legs
D019,U-0142,express,push
D019,U-0143,intense,pull
D019,U-0144,express,pull
D019,U-0145,standard,pull
D019,U-0146,express,full_body
D019,U-0147,intense,push
D019,U-0148,intense,full_body
D019,U-0149,flexible,legs
D019,U-0150,standard,push
D019,U-0151,standard,full_body
D019,U-0152,flexible,push
D019,U-0153,intense,push
D019,U-0154,intense,push
D019,U-0155,intense,push
D019,U-0156,standard,legs
D019,U-0157,standard,upper
D019,U-0158,intense,upper
D019,U-0159,standard,full_body
D019,U-0160,standard,legs
D019,U-0161,flexible,pull
D019,U-0162,express,upper
D019,U-0163,express,upper
D019,U-0164,flexible,pull
D019,U-0165,express,push
D019,U-0166,express,push
D019,U-0167,intense,push
D019,U-0168,flexible,pull
D019,U-0169,flexible,pull
D019,U-0170,standard,upper
D019,U-0171,flexible,push
D019,U-0172,intense,pull
D019,U-0173,standard,push
D019,U-0174,flexible,upper
D019,U-0175,intense,legs
D019,U-0176,express,upper
D019,U-0177,flexible,pull
D019,U-0178,standard,legs
D019,U-0179,standard,upper
D019,U-0180,express,pull
D019,U-0181,flexible,upper
D019,U-0182,flexible,upper
D019,U-0183,intense,legs
D019,U-0184,flexible,upper
D019,U-0185,express,upper
D019,U-0186,flexible,upper
D019,U-0187,flexible,upper
D019,U-0188,standard,full_body
D019,U-0189,intense,push
D019,U-0190,express,upper
D019,U-0191,flexible,full_body
D019,U-0192,express,pull
D019,U-0193,flexible,full_body
D019,U-0194,flexible,push
D019,U-0195,standard,pull
D019,U-0196,express,push
D019,U-0197,standard,pull
D019,U-0198,flexible,upper
D019,U-0199,intense,push
D019,U-0200,flexible,full_body
D019,U-0201,flexible,push
D019,U-0202,flexible,push
D019,U-0203,flexible,full_body
D019,U-0204,flexible,upper
D019,U-0205,intense,legs
D019,U-0206,express,legs
D019,U-0207,flexible,full_body
D019,U-0208,flexible,pull
D019,U-0209,standard,upper
D019,U-0210,flexible,pull
D019,U-0211,flexible,full_body
D019,U-0212,flexible,pull
D019,U-0213,flexible,full_body
D019,U-0214,standard,upper
D019,U-0215,intense,legs
D019,U-0216,standard,upper
D019,U-0217,express,legs
D019,U-0218,standard,push
D019,U-0219,flexible,full_body
D019,U-0220,flexible,push
D019,U-0221,intense,full_body
D019,U-0222,intense,upper
D019,U-0223,intense,upper
D019,U-0224,intense,legs
D019,U-0225,flexible,full_body
D019,U-0226,flexible,push
D019,U-0227,flexible,pull
D019,U-0228,standard,pull
D019,U-0229,flexible,pull
D019,U-0230,standard,full_body
D019,U-0231,flexible,upper
D019,U-0232,intense,upper
D019,U-0233,intense,legs
D019,U-0234,standard,pull
D019,U-0235,express,push
D019,U-0236,express,push
D019,U-0237,standard,pull
D019,U-0238,express,pull
D019,U-0239,standard,upper
D019,U-0240,standard,pull
D019,U-0241,flexible,full_body
D019,U-0242,intense,pull
D019,U-0243,flexible,pull
D019,U-0244,standard,legs
D019,U-0245,intense,full_body
D019,U-0246,flexible,upper
D019,U-0247,standard,full_body
D019,U-0248,intense,push
D019,U-0249,flexible,full_body
D019,U-0250,intense,push
D019,U-0251,standard,upper
D019,U-0252,flexible,full_body
D019,U-0253,standard,pull
D019,U-0254,standard,legs
D019,U-0255,standard,upper
D019,U-0256,flexible,pull
D019,U-0257,standard,legs
D019,U-0258,flexible,upper
D019,U-0259,standard,legs
D019,U-0260,flexible,upper
D019,U-0261,intense,legs
D019,U-0262,standard,push
D019,U-0263,standard,full_body
D019,U-0264,intense,legs
D019,U-0265,standard,pull
D019,U-0266,intense,upper
D019,U-0267,standard,full_body
D019,U-0268,standard,legs
D019,U-0269,intense,pull
D019,U-0270,standard,legs
D019,U-0271,standard,legs
D019,U-0272,intense,upper
D019,U-0273,standard,upper
D019,U-0274,intense,pull
D019,U-0275,express,upper
D019,U-0276,flexible,upper
D019,U-0277,express,push
D019,U-0278,standard,pull
D019,U-0279,flexible,upper
D019,U-0280,intense,legs
D019,U-0281,intense,push
D019,U-0282,standard,full_body
D019,U-0283,standard,push
D019,U-0284,flexible,full_body
D019,U-0285,standard,upper
D019,U-0286,flexible,upper
D019,U-0287,intense,legs
D019,U-0288,standard,upper
D019,U-0289,express,pull
D019,U-0290,standard,legs
D019,U-0291,intense,legs
D019,U-0292,express,legs
D019,U-0293,express,upper
D019,U-0294,express,full_body
D019,U-0295,intense,push
D019,U-0296,intense,pull
D019,U-0297,standard,legs
D019,U-0298,standard,upper
D019,U-0299,standard,upper
D019,U-0300,intense,upper
D019,U-0301,express,legs
D019,U-0302,intense,pull
D019,U-0303,flexible,full_body
D019,U-0304,intense,pull
D019,U-0305,flexible,upper
D019,U-0306,standard,pull
D019,U-0307,flexible,pull
D019,U-0308,flexible,full_body
D019,U-0309,intense,upper
D019,U-0310,standard,full_body
D019,U-0311,flexible,legs
D019,U-0312,flexible,upper
D019,U-0313,intense,legs
D019,U-0314,intense,legs
D019,U-0315,flexible,upper
D019,U-0316,standard,upper
D019,U-0317,flexible,upper
D019,U-0318,standard,upper
D019,U-0319,express,full_body
D019,U-0320,intense,pull
D019,U-0321,intense,pull
D019,U-0322,standard,upper
D019,U-0323,intense,full_body
D019,U-0324,intense,pull
D019,U-0325,express,legs
D019,U-0326,standard,full_body
D019,U-0327,standard,push
D019,U-0328,standard,pull
D019,U-0329,flexible,upper
D019,U-0330,flexible,legs
D019,U-0331,express,push
D019,U-0332,express,upper
D019,U-0333,flexible,full_body
D019,U-0334,flexible,pull
D019,U-0335,standard,upper
D019,U-0336,standard,pull
D019,U-0337,standard,pull
D019,U-0338,intense,legs
D019,U-0339,flexible,pull
D019,U-0340,express,push
D019,U-0341,intense,push
D019,U-0342,intense,legs
D019,U-0343,intense,upper
D019,U-0344,intense,full_body
D019,U-0345,intense,full_body
D019,U-0346,intense,full_body
D019,U-0347,flexible,upper
D019,U-0348,intense,legs
D019,U-0349,standard,full_body
D019,U-0350,standard,pull
D019,U-0351,flexible,full_body
D019,U-0352,flexible,full_body
D019,U-0353,intense,pull
D019,U-0354,intense,upper
D019,U-0355,standard,full_body
D019,U-0356,standard,upper
D019,U-0357,flexible,upper
D019,U-0358,flexible,pull
D019,U-0359,standard,upper
D019,U-0360,standard,push
D019,U-0361,intense,full_body
D019,U-0362,standard,upper
D019,U-0363,standard,legs
D019,U-0364,flexible,pull
D019,U-0365,flexible,upper
D019,U-0366,intense,legs
D019,U-0367,flexible,full_body
D019,U-0368,intense,pull
D019,U-0369,intense,legs
D019,U-0370,intense,push
D019,U-0371,intense,pull
D019,U-0372,flexible,upper
D019,U-0373,express,legs
D019,U-0374,express,legs
D019,U-0375,flexible,legs
D019,U-0376,standard,push
D019,U-0377,standard,upper
D019,U-0378,standard,upper
D019,U-0379,standard,full_body
D019,U-0380,standard,push
D019,U-0381,flexible,full_body
D019,U-0382,standard,upper
D019,U-0383,flexible,legs
D019,U-0384,standard,full_body
D019,U-0385,intense,pull
D019,U-0386,flexible,full_body
D019,U-0387,flexible,full_body
D019,U-0388,standard,pull
D019,U-0389,flexible,legs
D019,U-0390,standard,upper
D019,U-0391,standard,legs
D019,U-0392,intense,legs
D019,U-0393,express,upper
D019,U-0394,intense,pull
D019,U-0395,standard,pull
D019,U-0396,express,full_body
D019,U-0397,express,legs
D019,U-0398,standard,upper
D019,U-0399,flexible,upper
D019,U-0400,standard,pull
D019,U-0401,standard,pull
D019,U-0402,express,push
D019,U-0403,standard,upper
D019,U-0404,standard,upper
D019,U-0405,express,pull
D019,U-0406,express,pull
D019,U-0407,standard,upper
D019,U-0408,standard,full_body
D019,U-0409,flexible,upper
D019,U-0410,express,push
D019,U-0411,standard,upper
D019,U-0412,intense,upper
D019,U-0413,intense,pull
D019,U-0414,intense,pull
D019,U-0415,standard,upper
D019,U-0416,flexible,pull
D019,U-0417,flexible,legs
D019,U-0418,express,push
D019,U-0419,standard,pull
D019,U-0420,standard,upper
D019,U-0421,intense,push
D019,U-0422,standard,legs
D019,U-0423,intense,pull
D019,U-0424,intense,legs
D019,U-0425,flexible,upper
D020,U-0001,intense,push
D020,U-0002,intense,legs
D020,U-0003,intense,legs
D020,U-0004,intense,pull
D020,U-0005,standard,pull
D020,U-0006,flexible,push
D020,U-0007,intense,push
D020,U-0008,flexible,upper
D020,U-0009,express,push
D020,U-0010,standard,full_body
D020,U-0011,intense,push
D020,U-0012,intense,pull
D020,U-0013,standard,upper
D020,U-0014,intense,upper
D020,U-0015,express,legs
D020,U-0016,express,upper
D020,U-0017,flexible,push
D020,U-0018,flexible,full_body
D020,U-0019,flexible,legs
D020,U-0020,standard,full_body
D020,U-0021,intense,push
D020,U-0022,flexible,push
D020,U-0023,intense,pull
D020,U-0024,standard,push
D020,U-0025,express,full_body
D020,U-0026,standard,pull
D020,U-0027,intense,legs
D020,U-0028,intense,push
D020,U-0029,flexible,upper
D020,U-0030,flexible,upper
D020,U-0031,intense,legs
D020,U-0032,flexible,full_body
D020,U-0033,intense,push
D020,U-0034,flexible,upper
D020,U-0035,standard,legs
D020,U-0036,intense,upper
D020,U-0037,flexible,upper
D020,U-0038,standard,legs
D020,U-0039,flexible,legs
D020,U-0040,intense,push
D020,U-0041,standard,pull
D020,U-0042,standard,push
D020,U-0043,standard,pull
D020,U-0044,intense,full_body
D020,U-0045,flexible,upper
D020,U-0046,intense,push
D020,U-0047,standard,push
D020,U-0048,flexible,legs
D020,U-0049,standard,upper
D020,U-0050,standard,push
D020,U-0051,standard,push
D020,U-0052,intense,pull
D020,U-0053,standard,legs
D020,U-0054,flexible,pull
D020,U-0055,express,upper
D020,U-0056,express,legs
D020,U-0057,flexible,upper
D020,U-0058,standard,legs
D020,U-0059,standard,upper
D020,U-0060,intense,push
D020,U-0061,intense,pull
D020,U-0062,flexible,push
D020,U-0063,flexible,upper
D020,U-0064,flexible,upper
D020,U-0065,flexible,push
D020,U-0066,standard,pull
D020,U-0067,flexible,legs
D020,U-0068,standard,upper
D020,U-0069,standard,push
D020,U-0070,intense,full_body
D020,U-0071,express,upper
D020,U-0072,express,legs
D020,U-0073,flexible,push
D020,U-0074,flexible,full_body
D020,U-0075,intense,pull
D020,U-0076,standard,full_body
D020,U-0077,flexible,legs
D020,U-0078,express,pull
D020,U-0079,flexible,push
D020,U-0080,intense,push
D020,U-0081,flexible,legs
D020,U-0082,express,upper
D020,U-0083,intense,upper
D020,U-0084,flexible,legs
D020,U-0085,intense,legs
D020,U-0086,intense,push
D020,U-0087,express,push
D020,U-0088,standard,legs
D020,U-0089,standard,pull
D020,U-0090,intense,push
D020,U-0091,standard,upper
D020,U-0092,intense,upper
D020,U-0093,flexible,full_body
D020,U-0094,flexible,push
D020,U-0095,intense,full_body
D020,U-0096,express,push
D020,U-0097,flexible,push
D020,U-0098,intense,push
D020,U-0099,intense,push
D020,U-0100,express,pull
D020,U-0101,standard,pull
D020,U-0102,flexible,full_body
D020,U-0103,flexible,upper
D020,U-0104,standard,push
D020,U-0105,intense,push
D020,U-0106,flexible,full_body
D020,U-0107,standard,push
D020,U-0108,standard,legs
D020,U-0109,standard,upper
D020,U-0110,flexible,legs
D020,U-0111,express,push
D020,U-0112,standard,upper
D020,U-0113,standard,legs
D020,U-0114,flexible,upper
D020,U-0115,standard,push
D020,U-0116,standard,pull
D020,U-0117,standard,pull
D020,U-0118,flexible,pull
D020,U-0119,standard,push
D020,U-0120,flexible,legs
D020,U-0121,express,upper
D020,U-0122,standard,pull
D020,U-0123,standard,legs
D020,U-0124,intense,legs
D020,U-0125,flexible,full_body
D020,U-0126,flexible,full_body
D020,U-0127,intense,push
D020,U-0128,intense,full_body
D020,U-0129,intense,pull
D020,U-0130,standard,legs
D020,U-0131,intense,pull
D020,U-0132,standard,upper
D020,U-0133,standard,upper
D020,U-0134,standard,upper
D020,U-0135,flexible,full_body
D020,U-0136,standard,push
D020,U-0137,flexible,push
D020,U-0138,standard,legs
D020,U-0139,standard,pull
D020,U-0140,standard,upper
D020,U-0141,intense,push
D020,U-0142,flexible,upper
D020,U-0143,standard,pull
D020,U-0144,intense,push
D020,U-0145,intense,legs
D020,U-0146,intense,push
D020,U-0147,flexible,legs
D020,U-0148,intense,legs
D020,U-0149,express,pull
D020,U-0150,flexible,pull
D020,U-0151,express,full_body
D020,U-0152,flexible,push
D020,U-0153,flexible,upper
D020,U-0154,standard,legs
D020,U-0155,standard,pull
D020,U-0156,standard,legs
D020,U-0157,flexible,upper
D020,U-0158,standard,push
D020,U-0159,express,upper
D020,U-0160,standard,upper
D020,U-0161,standard,upper
D020,U-0162,flexible,full_body
D020,U-0163,standard,push
D020,U-0164,express,upper
D020,U-0165,flexible,push
D020,U-0166,flexible,upper
D020,U-0167,flexible,upper
D020,U-0168,intense,full_body
D020,U-0169,intense,legs
D020,U-0170,intense,push
D020,U-0171,intense,pull
D020,U-0172,express,push
D020,U-0173,flexible,legs
D020,U-0174,standard,pull
D020,U-0175,flexible,full_body
D020,U-0176,flexible,push
D020,U-0177,flexible,legs
D020,U-0178,standard,upper
D020,U-0179,express,upper
D020,U-0180,standard,push
D020,U-0181,express,full_body
D020,U-0182,standard,upper
D020,U-0183,express,legs
D020,U-0184,standard,upper
D020,U-0185,express,push
D020,U-0186,intense,push
D020,U-0187,standard,legs
D020,U-0188,standard,pull
D020,U-0189,intense,pull
D020,U-0190,flexible,push
D020,U-0191,intense,pull
D020,U-0192,standard,legs
D020,U-0193,express,legs
D020,U-0194,standard,upper
D020,U-0195,flexible,push
D020,U-0196,standard,full_body
D020,U-0197,intense,legs
D020,U-0198,express,legs
D020,U-0199,express,push
D020,U-0200,intense,legs
D020,U-0201,intense,push
D020,U-0202,intense,upper
D020,U-0203,express,full_body
D020,U-0204,intense,push
D020,U-0205,flexible,upper
D020,U-0206,intense,legs
D020,U-0207,standard,push
D020,U-0208,standard,legs
D020,U-0209,intense,full_body
D020,U-0210,express,push
D020,U-0211,intense,legs
D020,U-0212,flexible,push
D020,U-0213,intense,upper
D020,U-0214,intense,push
D020,U-0215,flexible,full_body
D020,U-0216,standard,legs
D020,U-0217,standard,legs
D020,U-0218,intense,pull
D020,U-0219,intense,legs
D020,U-0220,standard,push
D020,U-0221,flexible,full_body
D020,U-0222,express,legs
D020,U-0223,express,legs
D020,U-0224,intense,pull
D020,U-0225,express,legs
D020,U-0226,standard,upper
D020,U-0227,intense,pull
D020,U-0228,standard,full_body
D020,U-0229,flexible,upper
D020,U-0230,express,pull
D020,U-0231,flexible,push
D020,U-0232,flexible,push
D020,U-0233,flexible,full_body
D020,U-0234,standard,upper
D020,U-0235,standard,push
D020,U-0236,flexible,upper
D020,U-0237,flexible,legs
D020,U-0238,intense,push
D020,U-0239,intense,full_body
D020,U-0240,flexible,upper
D020,U-0241,intense,legs
D020,U-0242,express,pull
D020,U-0243,intense,legs
D020,U-0244,standard,pull
D020,U-0245,intense,pull
D020,U-0246,flexible,full_body
D020,U-0247,express,upper
D020,U-0248,flexible,legs
D020,U-0249,standard,pull
D020,U-0250,standard,upper
D020,U-0251,intense,pull
D020,U-0252,express,full_body
D020,U-0253,express,legs
D020,U-0254,flexible,push
D020,U-0255,intense,push
D020,U-0256,flexible,legs
D020,U-0257,intense,full_body
D020,U-0258,flexible,pull
D020,U-0259,standard,legs
D020,U-0260,intense,legs
D020,U-0261,flexible,push
D020,U-0262,express,full_body
D020,U-0263,flexible,push
D020,U-0264,intense,pull
D020,U-0265,intense,push
D020,U-0266,flexible,full_body
D020,U-0267,standard,push
D020,U-0268,intense,legs
D020,U-0269,intense,pull
D020,U-0270,flexible,upper
D020,U-0271,standard,upper
D020,U-0272,intense,legs
D020,U-0273,intense,push
D020,U-0274,standard,legs
D020,U-0275,standard,pull
D020,U-0276,flexible,pull
D020,U-0277,intense,push
D020,U-0278,standard,legs
D020,U-0279,standard,push
D020,U-0280,intense,pull
D020,U-0281,flexible,full_body
D020,U-0282,intense,legs
D020,U-0283,express,pull
D020,U-0284,standard,legs
D020,U-0285,express,push
D020,U-0286,express,push
D020,U-0287,intense,legs
D020,U-0288,flexible,push
D020,U-0289,intense,push
D020,U-0290,intense,pull
D020,U-0291,intense,legs
D020,U-0292,intense,upper
D020,U-0293,standard,upper
D020,U-0294,flexible,upper
D020,U-0295,intense,push
D020,U-0296,standard,push
D020,U-0297,standard,push
D020,U-0298,express,upper
D020,U-0299,intense,full_body
D020,U-0300,standard,upper
D020,U-0301,express,legs
D020,U-0302,intense,legs
D020,U-0303,flexible,upper
D020,U-0304,standard,push
D020,U-0305,express,pull
D020,U-0306,intense,full_body
D020,U-0307,standard,full_body
D020,U-0308,intense,legs
D020,U-0309,flexible,full_body
D020,U-0310,flexible,legs
D020,U-0311,express,pull
D020,U-0312,express,upper
D020,U-0313,express,push
D020,U-0314,express,pull
D020,U-0315,intense,full_body
D020,U-0316,flexible,legs
D020,U-0317,standard,full_body
D020,U-0318,express,legs
D020,U-0319,intense,legs
D020,U-0320,express,upper
D020,U-0321,flexible,upper
D020,U-0322,standard,upper
D020,U-0323,flexible,upper
D020,U-0324,standard,legs
D020,U-0325,intense,upper
D020,U-0326,express,full_body
D020,U-0327,standard,legs
D020,U-0328,standard,pull
D020,U-0329,standard,full_body
D020,U-0330,standard,pull
D020,U-0331,intense,legs
D020,U-0332,intense,push
D020,U-0333,intense,legs
D020,U-0334,standard,push
D020,U-0335,standard,upper
D020,U-0336,intense,full_body
D020,U-0337,intense,legs
D020,U-0338,flexible,upper
D020,U-0339,intense,push
D020,U-0340,flexible,legs
D020,U-0341,standard,full_body
D020,U-0342,intense,upper
D020,U-0343,intense,legs
D020,U-0344,flexible,full_body
D020,U-0345,flexible,legs
D020,U-0346,intense,push
D020,U-0347,flexible,legs
D020,U-0348,intense,legs
D020,U-0349,intense,upper
D020,U-0350,express,pull
D020,U-0351,express,pull
D020,U-0352,flexible,full_body
D020,U-0353,express,legs
D020,U-0354,intense,pull
D020,U-0355,flexible,full_body
D020,U-0356,standard,pull
D020,U-0357,standard,push
D020,U-0358,flexible,push
D020,U-0359,intense,pull
D020,U-0360,intense,pull
D020,U-0361,flexible,upper
D020,U-0362,express,full_body
D020,U-0363,flexible,full_body
D020,U-0364,flexible,pull
D020,U-0365,intense,pull
D020,U-0366,intense,push
D020,U-0367,flexible,upper
D020,U-0368,flexible,full_body
D020,U-0369,standard,pull
D020,U-0370,standard,legs
D020,U-0371,flexible,upper
D020,U-0372,flexible,upper
D020,U-0373,standard,upper
D020,U-0374,express,upper
D020,U-0375,intense,push
D020,U-0376,intense,pull
D020,U-0377,intense,push
D020,U-0378,express,legs
D020,U-0379,standard,upper
D020,U-0380,intense,legs
D020,U-0381,standard,push
D020,U-0382,flexible,full_body
D020,U-0383,flexible,upper
D020,U-0384,flexible,full_body
D020,U-0385,intense,pull
D021,U-0001,intense,legs
D021,U-0002,express,upper
D021,U-0003,flexible,push
D021,U-0004,intense,upper
D021,U-0005,intense,push
D021,U-0006,standard,full_body
D021,U-0007,flexible,full_body
D021,U-0008,intense,pull
D021,U-0009,express,legs
D021,U-0010,flexible,full_body
D021,U-0011,flexible,legs
D021,U-0012,standard,pull
D021,U-0013,flexible,push
D021,U-0014,standard,legs
D021,U-0015,intense,upper
D021,U-0016,flexible,push
D021,U-0017,flexible,full_body
D021,U-0018,standard,push
D021,U-0019,flexible,upper
D021,U-0020,intense,upper
D021,U-0021,intense,legs
D021,U-0022,express,full_body
D021,U-0023,flexible,pull
D021,U-0024,express,push
D021,U-0025,flexible,pull
D021,U-0026,express,full_body
D021,U-0027,intense,pull
D021,U-0028,intense,legs
D021,U-0029,express,upper
D021,U-0030,intense,upper
D021,U-0031,standard,upper
D021,U-0032,flexible,pull
D021,U-0033,flexible,legs
D021,U-0034,flexible,upper
D021,U-0035,intense,push
D021,U-0036,flexible,push
D021,U-0037,standard,upper
D021,U-0038,flexible,pull
D021,U-0039,intense,full_body
D021,U-0040,express,upper
D021,U-0041,express,full_body
D021,U-0042,flexible,upper
D021,U-0043,flexible,full_body
D021,U-0044,intense,full_body
D021,U-0045,standard,push
D021,U-0046,intense,upper
D021,U-0047,intense,full_body
D021,U-0048,express,pull
D021,U-0049,flexible,full_body
D021,U-0050,intense,push
D021,U-0051,standard,legs
D021,U-0052,standard,pull
D021,U-0053,intense,push
D021,U-0054,flexible,push
D021,U-0055,flexible,legs
D021,U-0056,flexible,legs
D021,U-0057,intense,push
D021,U-0058,express,pull
D021,U-0059,standard,push
D021,U-0060,flexible,full_body
D021,U-0061,flexible,upper
D021,U-0062,express,push
D021,U-0063,standard,full_body
D021,U-0064,standard,push
D021,U-0065,intense,pull
D021,U-0066,standard,legs
D021,U-0067,intense,push
D021,U-0068,standard,push
D021,U-0069,standard,full_body
D021,U-0070,express,full_body
D021,U-0071,flexible,push
D021,U-0072,flexible,upper
D021,U-0073,intense,upper
D021,U-0074,standard,legs
D021,U-0075,flexible,upper
D021,U-0076,intense,full_body
D021,U-0077,intense,upper
D021,U-0078,express,upper
D021,U-0079,express,legs
D021,U-0080,standard,legs
D021,U-0081,standard,pull
D021,U-0082,flexible,upper
D021,U-0083,intense,pull
D021,U-0084,standard,push
D021,U-0085,intense,pull
D021,U-0086,flexible,upper
D021,U-0087,flexible,pull
D021,U-0088,express,legs
D021,U-0089,standard,upper
D021,U-0090,express,upper
D021,U-0091,express,full_body
D021,U-0092,flexible,legs
D021,U-0093,express,push
D021,U-0094,flexible,full_body
D021,U-0095,express,full_body
D021,U-0096,flexible,full_body
D021,U-0097,standard,pull
D021,U-0098,flexible,full_body
D021,U-0099,flexible,upper
D021,U-0100,express,push
D021,U-0101,flexible,upper
D021,U-0102,standard,push
D021,U-0103,standard,upper
D021,U-0104,express,full_body
D021,U-0105,flexible,push
D021,U-0106,flexible,full_body
D021,U-0107,flexible,upper
D021,U-0108,standard,legs
D021,U-0109,flexible,push
D021,U-0110,standard,pull
D021,U-0111,flexible,upper
D021,U-0112,flexible,push
D021,U-0113,express,pull
D021,U-0114,standard,upper
D021,U-0115,intense,legs
D021,U-0116,intense,pull
D021,U-0117,standard,push
D021,U-0118,flexible,upper
D021,U-0119,flexible,upper
D021,U-0120,flexible,upper
D021,U-0121,express,pull
D021,U-0122,standard,push
D021,U-0123,express,push
D021,U-0124,express,push
D021,U-0125,flexible,upper
D021,U-0126,flexible,upper
D021,U-0127,standard,upper
D021,U-0128,standard,full_body
D021,U-0129,express,pull
D021,U-0130,flexible,pull
D021,U-0131,standard,upper
D021,U-0132,standard,upper
D021,U-0133,express,upper
D021,U-0134,express,legs
D021,U-0135,standard,pull
D021,U-0136,standard,push
D021,U-0137,standard,push
D021,U-0138,intense,legs
D021,U-0139,express,legs
D021,U-0140,express,upper
D021,U-0141,express,legs
D021,U-0142,standard,push
D021,U-0143,express,legs
D021,U-0144,intense,upper
D021,U-0145,intense,legs
D021,U-0146,standard,push
D021,U-0147,standard,legs
D021,U-0148,intense,push
D021,U-0149,flexible,upper
D021,U-0150,flexible,full_body
D021,U-0151,express,push
D021,U-0152,standard,upper
D021,U-0153,express,legs
D021,U-0154,flexible,full_body
D021,U-0155,flexible,upper
D021,U-0156,intense,push
D021,U-0157,standard,legs
D021,U-0158,express,legs
D021,U-0159,flexible,full_body
D021,U-0160,flexible,legs
D021,U-0161,flexible,push
D021,U-0162,flexible,legs
D021,U-0163,flexible,upper
D021,U-0164,intense,upper
D021,U-0165,flexible,full_body
D021,U-0166,express,upper
D021,U-0167,standard,full_body
D021,U-0168,standard,pull
D021,U-0169,intense,pull
D021,U-0170,standard,upper
D021,U-0171,standard,upper
D021,U-0172,intense,upper
D021,U-0173,intense,legs
D021,U-0174,standard,full_body
D021,U-0175,flexible,pull
D021,U-0176,intense,upper
D021,U-0177,express,pull
D021,U-0178,express,full_body
D021,U-0179,express,full_body
D021,U-0180,flexible,full_body
D021,U-0181,intense,push
D021,U-0182,standard,full_body
D021,U-0183,express,push
D021,U-0184,standard,full_body
D021,U-0185,express,legs
D021,U-0186,standard,legs
D021,U-0187,flexible,push
D021,U-0188,flexible,full_body
D021,U-0189,intense,push
D021,U-0190,standard,full_body
D021,U-0191,flexible,upper
D021,U-0192,intense,pull
D021,U-0193,flexible,push
D021,U-0194,intense,pull
D021,U-0195,intense,pull
D021,U-0196,intense,push
D021,U-0197,standard,push
D021,U-0198,flexible,full_body
D021,U-0199,standard,full_body
D021,U-0200,flexible,push
D021,U-0201,flexible,full_body
D021,U-0202,intense,legs
D021,U-0203,flexible,upper
D021,U-0204,express,legs
D021,U-0205,intense,legs
D021,U-0206,intense,pull
D021,U-0207,intense,legs
D021,U-0208,flexible,upper
D021,U-0209,intense,pull
D021,U-0210,express,legs
D021,U-0211,intense,push
D021,U-0212,flexible,upper
D021,U-0213,flexible,full_body
D021,U-0214,standard,push
D021,U-0215,intense,legs
D021,U-0216,intense,push
D021,U-0217,standard,pull
D021,U-0218,flexible,full_body
D021,U-0219,intense,upper
D021,U-0220,standard,upper
D021,U-0221,flexible,push
D021,U-0222,standard,legs
D021,U-0223,intense,push
D021,U-0224,standard,full_body
D021,U-0225,intense,pull
D021,U-0226,flexible,legs
D021,U-0227,express,full_body
D021,U-0228,express,legs
D021,U-0229,flexible,legs
D021,U-0230,intense,push
D021,U-0231,intense,push
D021,U-0232,standard,upper
D021,U-0233,flexible,pull
D021,U-0234,intense,pull
D021,U-0235,intense,upper
D021,U-0236,standard,pull
D021,U-0237,standard,upper
D021,U-0238,standard,full_body
D021,U-0239,flexible,pull
D021,U-0240,intense,upper
D021,U-0241,intense,pull
D021,U-0242,flexible,full_body
D021,U-0243,standard,pull
D021,U-0244,flexible,full_body
D021,U-0245,flexible,upper
D021,U-0246,intense,push
D021,U-0247,intense,push
D021,U-0248,flexible,upper
D021,U-0249,standard,legs
D021,U-0250,intense,full_body
D021,U-0251,standard,push
D021,U-0252,flexible,upper
D021,U-0253,express,full_body
D021,U-0254,express,pull
D021,U-0255,flexible,full_body
D021,U-0256,standard,push
D021,U-0257,standard,pull
D021,U-0258,flexible,upper
D021,U-0259,intense,pull
D021,U-0260,intense,upper
D021,U-0261,flexible,upper
D021,U-0262,intense,push
D021,U-0263,standard,full_body
D021,U-0264,standard,pull
D021,U-0265,standard,legs
D021,U-0266,express,upper
D021,U-0267,standard,upper
D021,U-0268,intense,upper
D021,U-0269,standard,push
D021,U-0270,standard,push
D021,U-0271,flexible,pull
D021,U-0272,intense,pull
D021,U-0273,standard,legs
D021,U-0274,express,upper
D021,U-0275,express,push
D021,U-0276,intense,pull
D021,U-0277,express,pull
D021,U-0278,flexible,pull
D021,U-0279,intense,legs
D021,U-0280,flexible,full_body
D021,U-0281,intense,pull
D021,U-0282,standard,push
D021,U-0283,intense,pull
D021,U-0284,flexible,full_body
D021,U-0285,intense,legs
D021,U-0286,standard,upper
D021,U-0287,standard,push
D021,U-0288,flexible,full_body
D021,U-0289,express,legs
D021,U-0290,standard,legs
D021,U-0291,express,full_body
D021,U-0292,flexible,pull
D021,U-0293,intense,pull
D021,U-0294,standard,pull
D021,U-0295,intense,full_body
D021,U-0296,standard,upper
D021,U-0297,flexible,push
D021,U-0298,flexible,upper
D021,U-0299,flexible,legs
D021,U-0300,standard,push
D021,U-0301,flexible,legs
D021,U-0302,standard,legs
D021,U-0303,intense,push
D021,U-0304,flexible,full_body
D021,U-0305,standard,upper
D021,U-0306,standard,legs
D021,U-0307,intense,legs
D021,U-0308,flexible,full_body
D021,U-0309,intense,full_body
D021,U-0310,intense,legs
D021,U-0311,express,pull
D021,U-0312,standard,push
D021,U-0313,intense,push
D021,U-0314,standard,legs
D021,U-0315,flexible,push
D021,U-0316,intense,legs
D021,U-0317,standard,legs
D021,U-0318,flexible,legs
D021,U-0319,intense,push
D021,U-0320,standard,upper
D021,U-0321,standard,legs
D021,U-0322,standard,full_body
D021,U-0323,flexible,full_body
D021,U-0324,intense,upper
D021,U-0325,standard,legs
D021,U-0326,flexible,upper
D021,U-0327,flexible,full_body
D021,U-0328,standard,full_body
D021,U-0329,intense,legs
D021,U-0330,express,full_body
D021,U-0331,standard,legs
D021,U-0332,flexible,pull
D021,U-0333,standard,legs
D021,U-0334,intense,push
D021,U-0335,intense,push
D021,U-0336,flexible,pull
D021,U-0337,flexible,full_body
D021,U-0338,standard,upper
D021,U-0339,standard,pull
D021,U-0340,flexible,upper
D021,U-0341,flexible,push
D021,U-0342,standard,legs
D021,U-0343,flexible,full_body
D021,U-0344,express,full_body
D021,U-0345,flexible,upper
D021,U-0346,intense,full_body
D021,U-0347,flexible,legs
D021,U-0348,standard,upper
D021,U-0349,standard,push
D021,U-0350,standard,push
D021,U-0351,flexible,legs
D021,U-0352,express,push
D021,U-0353,standard,push
D021,U-0354,intense,push
D021,U-0355,intense,pull
D021,U-0356,intense,push
D021,U-0357,intense,pull
D021,U-0358,express,push
D021,U-0359,standard,upper
D021,U-0360,flexible,upper
D021,U-0361,flexible,upper
D021,U-0362,standard,upper
D021,U-0363,intense,pull
D021,U-0364,flexible,upper
D021,U-0365,flexible,push
D021,U-0366,flexible,full_body
D021,U-0367,flexible,pull
D021,U-0368,flexible,legs
D021,U-0369,standard,upper
D021,U-0370,intense,pull
D021,U-0371,intense,legs
D021,U-0372,standard,full_body
D021,U-0373,intense,legs
D021,U-0374,flexible,full_body
D021,U-0375,flexible,push
D021,U-0376,flexible,upper
D021,U-0377,standard,upper
D021,U-0378,intense,pull
D021,U-0379,intense,legs
D021,U-0380,intense,upper
D021,U-0381,intense,legs
D021,U-0382,flexible,upper
D021,U-0383,express,upper
D021,U-0384,standard,upper
D021,U-0385,intense,legs
D021,U-0386,standard,upper
D021,U-0387,standard,pull
D021,U-0388,intense,push
D022,U-0001,standard,full_body
D022,U-0002,intense,upper
D022,U-0003,intense,push
D022,U-0004,standard,push
D022,U-0005,express,legs
D022,U-0006,flexible,upper
D022,U-0007,standard,full_body
D022,U-0008,flexible,pull
D022,U-0009,intense,push
D022,U-0010,standard,full_body
D022,U-0011,flexible,push
D022,U-0012,flexible,legs
D022,U-0013,intense,full_body
D022,U-0014,standard,push
D022,U-0015,express,upper
D022,U-0016,intense,push
D022,U-0017,standard,pull
D022,U-0018,intense,legs
D022,U-0019,standard,push
D022,U-0020,intense,push
D022,U-0021,flexible,legs
D022,U-0022,flexible,upper
D022,U-0023,intense,push
D022,U-0024,intense,push
D022,U-0025,intense,legs
D022,U-0026,express,pull
D022,U-0027,express,upper
D022,U-0028,express,push
D022,U-0029,standard,upper
D022,U-0030,standard,upper
D022,U-0031,flexible,legs
D022,U-0032,intense,pull
D022,U-0033,standard,full_body
D022,U-0034,flexible,pull
D022,U-0035,intense,upper
D022,U-0036,flexible,full_body
D022,U-0037,intense,legs
D022,U-0038,standard,full_body
D022,U-0039,standard,upper
D022,U-0040,flexible,upper
D022,U-0041,flexible,legs
D022,U-0042,intense,legs
D022,U-0043,intense,legs
D022,U-0044,intense,legs
D022,U-0045,standard,upper
D022,U-0046,standard,push
D022,U-0047,flexible,full_body
D022,U-0048,flexible,full_body
D022,U-0049,express,push
D022,U-0050,express,upper
D022,U-0051,standard,legs
D022,U-0052,express,pull
D022,U-0053,standard,push
D022,U-0054,intense,push
D022,U-0055,standard,legs
D022,U-0056,standard,push
D022,U-0057,flexible,upper
D022,U-0058,flexible,full_body
D022,U-0059,flexible,push
D022,U-0060,intense,push
D022,U-0061,intense,push
D022,U-0062,flexible,upper
D022,U-0063,intense,pull
D022,U-0064,express,pull
D022,U-0065,standard,full_body
D022,U-0066,standard,legs
D022,U-0067,intense,upper
D022,U-0068,standard,pull
D022,U-0069,intense,full_body
D022,U-0070,intense,pull
D022,U-0071,intense,push
D022,U-0072,flexible,push
D022,U-0073,standard,legs
D022,U-0074,intense,pull
D022,U-0075,standard,legs
D022,U-0076,intense,push
D022,U-0077,standard,legs
D022,U-0078,intense,legs
D022,U-0079,flexible,push
D022,U-0080,express,pull
D022,U-0081,flexible,full_body
D022,U-0082,express,upper
D022,U-0083,flexible,push
D022,U-0084,standard,upper
D022,U-0085,intense,upper
D022,U-0086,flexible,upper
D022,U-0087,standard,legs
D022,U-0088,standard,legs
D022,U-0089,standard,pull
D022,U-0090,flexible,upper
D022,U-0091,standard,push
D022,U-0092,express,full_body
D022,U-0093,intense,push
D022,U-0094,flexible,legs
D022,U-0095,intense,pull
D022,U-0096,standard,legs
D022,U-0097,standard,push
D022,U-0098,intense,legs
D022,U-0099,standard,full_body
D022,U-0100,intense,legs
D022,U-0101,flexible,legs
D022,U-0102,standard,pull
D022,U-0103,standard,legs
D022,U-0104,flexible,upper
D022,U-0105,standard,push
D022,U-0106,flexible,upper
D022,U-0107,standard,push
D022,U-0108,intense,full_body
D022,U-0109,intense,pull
D022,U-0110,intense,full_body
D022,U-0111,flexible,legs
D022,U-0112,flexible,upper
D022,U-0113,flexible,full_body
D022,U-0114,intense,full_body
D022,U-0115,standard,upper
D022,U-0116,intense,upper
D022,U-0117,intense,push
D022,U-0118,standard,pull
D022,U-0119,standard,push
D022,U-0120,standard,push
D022,U-0121,flexible,full_body
D022,U-0122,flexible,full_body
D022,U-0123,standard,push
D022,U-0124,standard,pull
D022,U-0125,flexible,full_body
D022,U-0126,flexible,legs
D022,U-0127,flexible,legs
D022,U-0128,standard,pull
D022,U-0129,intense,legs
D022,U-0130,intense,pull
D022,U-0131,intense,legs
D022,U-0132,standard,full_body
D022,U-0133,standard,push
D022,U-0134,standard,full_body
D022,U-0135,flexible,pull
D022,U-0136,intense,upper
D022,U-0137,standard,upper
D022,U-0138,flexible,push
D022,U-0139,intense,legs
D022,U-0140,flexible,full_body
D022,U-0141,standard,upper
D022,U-0142,flexible,upper
D022,U-0143,express,legs
D022,U-0144,standard,upper
D022,U-0145,flexible,full_body
D022,U-0146,intense,pull
D022,U-0147,standard,push
D022,U-0148,intense,push
D022,U-0149,express,push
D022,U-0150,standard,legs
D022,U-0151,flexible,upper
D022,U-0152,flexible,full_body
D022,U-0153,intense,pull
D022,U-0154,intense,pull
D022,U-0155,standard,pull
D022,U-0156,intense,push
D022,U-0157,intense,pull
D022,U-0158,standard,pull
D022,U-0159,intense,push
D022,U-0160,intense,legs
D022,U-0161,intense,legs
D022,U-0162,flexible,full_body
D022,U-0163,standard,legs
D022,U-0164,standard,legs
D022,U-0165,intense,push
D022,U-0166,express,full_body
D022,U-0167,standard,pull
D022,U-0168,standard,full_body
D022,U-0169,standard,legs
D022,U-0170,intense,full_body
D022,U-0171,standard,pull
D022,U-0172,standard,pull
D022,U-0173,flexible,full_body
D022,U-0174,flexible,full_body
D022,U-0175,standard,legs
D022,U-0176,intense,upper
D022,U-0177,intense,pull
D022,U-0178,intense,full_body
D022,U-0179,intense,push
D022,U-0180,intense,push
D022,U-0181,express,upper
D022,U-0182,intense,legs
D022,U-0183,standard,push
D022,U-0184,intense,legs
D022,U-0185,standard,full_body
D022,U-0186,express,pull
D022,U-0187,flexible,pull
D022,U-0188,standard,push
D022,U-0189,express,push
D022,U-0190,standard,push
D022,U-0191,standard,full_body
D022,U-0192,standard,legs
D022,U-0193,flexible,upper
D022,U-0194,intense,upper
D022,U-0195,standard,legs
D022,U-0196,intense,full_body
D022,U-0197,flexible,legs
D022,U-0198,intense,legs
D022,U-0199,intense,pull
D022,U-0200,standard,full_body
D022,U-0201,flexible,legs
D022,U-0202,standard,upper
D022,U-0203,standard,pull
D022,U-0204,express,upper
D022,U-0205,standard,push
D022,U-0206,standard,upper
D022,U-0207,intense,push
D022,U-0208,standard,upper
D022,U-0209,flexible,pull
D022,U-0210,intense,legs
D022,U-0211,flexible,full_body
D022,U-0212,intense,pull
D022,U-0213,standard,push
D022,U-0214,standard,upper
D022,U-0215,standard,upper
D022,U-0216,standard,push
D022,U-0217,flexible,upper
D022,U-0218,standard,upper
D022,U-0219,standard,legs
D022,U-0220,express,upper
D022,U-0221,standard,legs
D022,U-0222,flexible,full_body
D022,U-0223,flexible,upper
D022,U-0224,intense,push
D022,U-0225,flexible,upper
D022,U-0226,intense,pull
D022,U-0227,standard,legs
D022,U-0228,flexible,upper
D022,U-0229,flexible,legs
D022,U-0230,standard,legs
D022,U-0231,express,push
D022,U-0232,flexible,upper
D022,U-0233,intense,pull
D022,U-0234,intense,push
D022,U-0235,intense,legs
D022,U-0236,intense,push
D022,U-0237,intense,legs
D022,U-0238,flexible,full_body
D022,U-0239,standard,full_body
D022,U-0240,flexible,full_body
D022,U-0241,intense,pull
D022,U-0242,flexible,full_body
D022,U-0243,intense,upper
D022,U-0244,intense,push
D022,U-0245,express,upper
D022,U-0246,express,upper
D022,U-0247,express,pull
D022,U-0248,standard,upper
D022,U-0249,flexible,upper
D022,U-0250,intense,push
D022,U-0251,express,legs
D022,U-0252,flexible,push
D022,U-0253,express,legs
D022,U-0254,flexible,pull
D022,U-0255,flexible,full_body
D022,U-0256,intense,upper
D022,U-0257,flexible,upper
D022,U-0258,intense,legs
D022,U-0259,express,upper
D022,U-0260,intense,push
D022,U-0261,standard,upper
D022,U-0262,intense,upper
D022,U-0263,flexible,full_body
D022,U-0264,intense,upper
D022,U-0265,flexible,pull
D022,U-0266,standard,upper
D022,U-0267,express,legs
D022,U-0268,flexible,push
D022,U-0269,flexible,legs
D022,U-0270,intense,push
D022,U-0271,intense,legs
D022,U-0272,express,push
D022,U-0273,intense,upper
D022,U-0274,flexible,push
D022,U-0275,standard,upper
D022,U-0276,express,push
D022,U-0277,flexible,pull
D022,U-0278,flexible,legs
D022,U-0279,intense,upper
D022,U-0280,intense,push
D022,U-0281,standard,legs
D022,U-0282,intense,push
D022,U-0283,standard,upper
D022,U-0284,intense,pull
D022,U-0285,flexible,full_body
D022,U-0286,express,push
D022,U-0287,standard,upper
D022,U-0288,flexible,legs
D022,U-0289,standard,push
D022,U-0290,flexible,push
D022,U-0291,flexible,push
D022,U-0292,intense,upper
D022,U-0293,standard,legs
D022,U-0294,intense,legs
D022,U-0295,intense,legs
D022,U-0296,standard,legs
D022,U-0297,flexible,legs
D022,U-0298,flexible,full_body
D022,U-0299,flexible,push
D022,U-0300,intense,upper
D022,U-0301,standard,upper
D022,U-0302,standard,upper
D022,U-0303,express,pull
D022,U-0304,flexible,full_body
D022,U-0305,flexible,legs
D022,U-0306,intense,pull
D022,U-0307,standard,legs
D022,U-0308,intense,pull
D022,U-0309,express,upper
D022,U-0310,express,upper
D022,U-0311,standard,pull
D022,U-0312,standard,pull
D022,U-0313,flexible,full_body
D022,U-0314,intense,legs
D022,U-0315,flexible,pull
D022,U-0316,standard,push
D022,U-0317,flexible,upper
D022,U-0318,standard,push
D022,U-0319,standard,full_body
D022,U-0320,intense,push
D022,U-0321,flexible,upper
D022,U-0322,flexible,pull
D022,U-0323,standard,pull
D022,U-0324,express,legs
D022,U-0325,express,pull
D022,U-0326,intense,pull
D022,U-0327,standard,upper
D022,U-0328,flexible,legs
D022,U-0329,flexible,pull
D022,U-0330,express,legs
D022,U-0331,flexible,pull
D022,U-0332,flexible,push
D022,U-0333,standard,upper
D022,U-0334,flexible,legs
D022,U-0335,standard,legs
D022,U-0336,intense,upper
D022,U-0337,flexible,upper
D022,U-0338,flexible,push
D022,U-0339,flexible,push
D022,U-0340,intense,pull
D022,U-0341,flexible,upper
D022,U-0342,express,push
D022,U-0343,standard,push
D022,U-0344,standard,push
D022,U-0345,intense,pull
D022,U-0346,flexible,legs
D022,U-0347,standard,legs
D022,U-0348,flexible,full_body
D022,U-0349,express,push
D022,U-0350,flexible,legs
D022,U-0351,standard,full_body
D022,U-0352,intense,legs
D022,U-0353,intense,push
D022,U-0354,intense,pull
D022,U-0355,intense,full_body
D022,U-0356,intense,push
D022,U-0357,standard,push
D022,U-0358,flexible,upper
D022,U-0359,flexible,full_body
D022,U-0360,intense,push
D022,U-0361,flexible,push
D022,U-0362,standard,upper
D022,U-0363,intense,pull
D022,U-0364,intense,push
D022,U-0365,intense,upper
D022,U-0366,flexible,upper
D022,U-0367,intense,legs
D022,U-0368,intense,full_body
D022,U-0369,flexible,push
D022,U-0370,intense,upper
D022,U-0371,intense,full_body
D022,U-0372,express,upper
D022,U-0373,flexible,pull
D022,U-0374,express,upper
D022,U-0375,flexible,full_body
D022,U-0376,express,upper
D022,U-0377,intense,legs
D022,U-0378,flexible,legs
D022,U-0379,flexible,full_body
D022,U-0380,intense,upper
D022,U-0381,intense,full_body
D022,U-0382,express,pull
D022,U-0383,express,push
D022,U-0384,standard,pull
D022,U-0385,express,push
D022,U-0386,standard,pull
D022,U-0387,flexible,pull
D022,U-0388,intense,legs
D022,U-0389,standard,pull
D022,U-0390,express,upper
D022,U-0391,flexible,push
D022,U-0392,intense,upper
D022,U-0393,express,push
D022,U-0394,intense,push
D022,U-0395,standard,full_body
D022,U-0396,standard,pull
D022,U-0397,intense,full_body
D022,U-0398,express,upper
D022,U-0399,standard,full_body
D022,U-0400,standard,pull
D022,U-0401,intense,push
D022,U-0402,intense,legs
D022,U-0403,standard,full_body
D022,U-0404,intense,full_body
D022,U-0405,intense,pull
D022,U-0406,standard,upper
D022,U-0407,intense,push
D022,U-0408,intense,push
D022,U-0409,intense,full_body
D022,U-0410,flexible,upper
D022,U-0411,standard,upper
D022,U-0412,intense,push
D022,U-0413,standard,push
D022,U-0414,standard,legs
D022,U-0415,intense,push
D022,U-0416,intense,pull
D022,U-0417,flexible,push
D022,U-0418,standard,push
D023,U-0001,standard,upper
D023,U-0002,flexible,push
D023,U-0003,express,push
D023,U-0004,standard,upper
D023,U-0005,intense,pull
D023,U-0006,standard,legs
D023,U-0007,express,push
D023,U-0008,standard,push
D023,U-0009,intense,full_body
D023,U-0010,flexible,pull
D023,U-0011,intense,legs
D023,U-0012,flexible,upper
D023,U-0013,intense,legs
D023,U-0014,intense,full_body
D023,U-0015,standard,upper
D023,U-0016,standard,legs
D023,U-0017,flexible,upper
D023,U-0018,flexible,full_body
D023,U-0019,flexible,upper
D023,U-0020,flexible,push
D023,U-0021,standard,push
D023,U-0022,flexible,pull
D023,U-0023,standard,pull
D023,U-0024,flexible,upper
D023,U-0025,flexible,pull
D023,U-0026,standard,legs
D023,U-0027,express,upper
D023,U-0028,express,upper
D023,U-0029,flexible,upper
D023,U-0030,standard,pull
D023,U-0031,flexible,upper
D023,U-0032,standard,legs
D023,U-0033,flexible,full_body
D023,U-0034,flexible,legs
D023,U-0035,standard,push
D023,U-0036,intense,upper
D023,U-0037,standard,upper
D023,U-0038,standard,upper
D023,U-0039,standard,legs
D023,U-0040,express,upper
D023,U-0041,flexible,legs
D023,U-0042,standard,upper
D023,U-0043,standard,push
D023,U-0044,intense,legs
D023,U-0045,flexible,push
D023,U-0046,flexible,upper
D023,U-0047,standard,legs
D023,U-0048,express,legs
D023,U-0049,intense,legs
D023,U-0050,flexible,upper
D023,U-0051,standard,legs
D023,U-0052,flexible,upper
D023,U-0053,flexible,upper
D023,U-0054,standard,full_body
D023,U-0055,intense,legs
D023,U-0056,intense,upper
D023,U-0057,intense,push
D023,U-0058,standard,upper
D023,U-0059,intense,full_body
D023,U-0060,standard,upper
D023,U-0061,flexible,pull
D023,U-0062,intense,push
D023,U-0063,intense,pull
D023,U-0064,express,pull
D023,U-0065,express,push
D023,U-0066,intense,full_body
D023,U-0067,standard,legs
D023,U-0068,express,push
D023,U-0069,standard,full_body
D023,U-0070,flexible,upper
D023,U-0071,intense,push
D023,U-0072,standard,legs
D023,U-0073,standard,legs
D023,U-0074,intense,push
D023,U-0075,standard,pull
D023,U-0076,flexible,push
D023,U-0077,flexible,pull
D023,U-0078,standard,push
D023,U-0079,intense,push
D023,U-0080,intense,full_body
D023,U-0081,flexible,full_body
D023,U-0082,flexible,full_body
D023,U-0083,intense,full_body
D023,U-0084,standard,legs
D023,U-0085,flexible,upper
D023,U-0086,standard,full_body
D023,U-0087,express,upper
D023,U-0088,standard,pull
D023,U-0089,flexible,full_body
D023,U-0090,intense,upper
D023,U-0091,intense,push
D023,U-0092,flexible,legs
D023,U-0093,standard,upper
D023,U-0094,intense,push
D023,U-0095,intense,legs
D023,U-0096,express,upper
D023,U-0097,standard,legs
D023,U-0098,standard,upper
D023,U-0099,flexible,legs
D023,U-0100,standard,upper
D023,U-0101,express,pull
D023,U-0102,flexible,upper
D023,U-0103,express,pull
D023,U-0104,standard,upper
D023,U-0105,standard,upper
D023,U-0106,flexible,full_body
D023,U-0107,flexible,push
D023,U-0108,standard,legs
D023,U-0109,flexible,legs
D023,U-0110,flexible,pull
D023,U-0111,flexible,full_body
D023,U-0112,standard,push
D023,U-0113,standard,push
D023,U-0114,standard,pull
D023,U-0115,standard,pull
D023,U-0116,express,upper
D023,U-0117,flexible,full_body
D023,U-0118,intense,push
D023,U-0119,standard,upper
D023,U-0120,standard,upper
D023,U-0121,standard,legs
D023,U-0122,standard,push
D023,U-0123,flexible,pull
D023,U-0124,flexible,upper
D023,U-0125,express,push
D023,U-0126,intense,full_body
D023,U-0127,standard,legs
D023,U-0128,intense,legs
D023,U-0129,standard,pull
D023,U-0130,standard,full_body
D023,U-0131,express,upper
D023,U-0132,intense,legs
D023,U-0133,flexible,full_body
D023,U-0134,flexible,full_body
D023,U-0135,intense,push
D023,U-0136,standard,legs
D023,U-0137,flexible,upper
D023,U-0138,standard,legs
D023,U-0139,express,upper
D023,U-0140,standard,push
D023,U-0141,flexible,full_body
D023,U-0142,flexible,upper
D023,U-0143,flexible,pull
D023,U-0144,standard,full_body
D023,U-0145,standard,upper
D023,U-0146,standard,push
D023,U-0147,intense,legs
D023,U-0148,standard,push
D023,U-0149,standard,full_body
D023,U-0150,intense,full_body
D023,U-0151,express,legs
D023,U-0152,flexible,full_body
D023,U-0153,intense,push
D023,U-0154,flexible,full_body
D023,U-0155,standard,upper
D023,U-0156,flexible,full_body
D023,U-0157,express,legs
D023,U-0158,intense,push
D023,U-0159,express,full_body
D023,U-0160,express,pull
D023,U-0161,standard,push
D023,U-0162,intense,legs
D023,U-0163,flexible,pull
D023,U-0164,intense,pull
D023,U-0165,flexible,full_body
D023,U-0166,flexible,push
D023,U-0167,express,full_body
D023,U-0168,intense,pull
D023,U-0169,flexible,upper
D023,U-0170,flexible,pull
D023,U-0171,intense,legs
D023,U-0172,intense,pull
D023,U-0173,flexible,upper
D023,U-0174,intense,push
D023,U-0175,standard,upper
D023,U-0176,flexible,push
D023,U-0177,flexible,upper
D023,U-0178,standard,full_body
D023,U-0179,flexible,upper
D023,U-0180,standard,legs
D023,U-0181,express,pull
D023,U-0182,flexible,upper
D023,U-0183,standard,full_body
D023,U-0184,flexible,push
D023,U-0185,express,upper
D023,U-0186,express,upper
D023,U-0187,intense,legs
D023,U-0188,intense,push
D023,U-0189,flexible,pull
D023,U-0190,standard,legs
D023,U-0191,intense,legs
D023,U-0192,standard,pull
D023,U-0193,flexible,upper
D023,U-0194,intense,pull
D023,U-0195,standard,push
D023,U-0196,flexible,push
D023,U-0197,standard,full_body
D023,U-0198,standard,pull
D023,U-0199,intense,legs
D023,U-0200,intense,full_body
D023,U-0201,standard,upper
D023,U-0202,express,push
D023,U-0203,intense,pull
D023,U-0204,intense,upper
D023,U-0205,intense,legs
D023,U-0206,flexible,full_body
D023,U-0207,standard,legs
D023,U-0208,intense,push
D023,U-0209,express,legs
D023,U-0210,intense,full_body
D023,U-0211,flexible,push
D023,U-0212,standard,full_body
D023,U-0213,standard,full_body
D023,U-0214,intense,full_body
D023,U-0215,intense,pull
D023,U-0216,flexible,pull
D023,U-0217,flexible,upper
D023,U-0218,standard,legs
D023,U-0219,intense,upper
D023,U-0220,express,pull
D023,U-0221,intense,legs
D023,U-0222,standard,pull
D023,U-0223,flexible,upper
D023,U-0224,standard,legs
D023,U-0225,standard,pull
D023,U-0226,standard,upper
D023,U-0227,flexible,upper
D023,U-0228,intense,upper
D023,U-0229,express,upper
D023,U-0230,intense,push
D023,U-0231,express,upper
D023,U-0232,flexible,full_body
D023,U-0233,intense,pull
D023,U-0234,flexible,push
D023,U-0235,express,push
D023,U-0236,flexible,full_body
D023,U-0237,flexible,legs
D023,U-0238,express,pull
D023,U-0239,flexible,legs
D023,U-0240,intense,legs
D023,U-0241,flexible,push
D023,U-0242,express,push
D023,U-0243,flexible,push
D023,U-0244,standard,pull
D023,U-0245,intense,legs
D023,U-0246,intense,upper
D023,U-0247,standard,pull
D023,U-0248,express,pull
D023,U-0249,flexible,upper
D023,U-0250,intense,push
D023,U-0251,flexible,legs
D023,U-0252,flexible,legs
D023,U-0253,express,full_body
D023,U-0254,flexible,upper
D023,U-0255,express,legs
D023,U-0256,flexible,full_body
D023,U-0257,standard,pull
D023,U-0258,express,legs
D023,U-0259,express,upper
D023,U-0260,express,pull
D023,U-0261,flexible,legs
D023,U-0262,intense,push
D023,U-0263,flexible,legs
D023,U-0264,standard,push
D023,U-0265,standard,legs
D023,U-0266,standard,pull
D023,U-0267,intense,full_body
D023,U-0268,flexible,push
D023,U-0269,intense,upper
D023,U-0270,flexible,pull
D023,U-0271,standard,push
D023,U-0272,intense,full_body
D023,U-0273,intense,legs
D023,U-0274,standard,full_body
D023,U-0275,intense,legs
D023,U-0276,standard,upper
D023,U-0277,intense,push
D023,U-0278,standard,legs
D023,U-0279,standard,push
D023,U-0280,intense,pull
D023,U-0281,express,pull
D023,U-0282,intense,push
D023,U-0283,express,push
D023,U-0284,express,push
D023,U-0285,intense,pull
D023,U-0286,standard,full_body
D023,U-0287,intense,upper
D023,U-0288,flexible,upper
D023,U-0289,express,full_body
D023,U-0290,flexible,full_body
D023,U-0291,standard,pull
D023,U-0292,standard,full_body
D023,U-0293,standard,push
D023,U-0294,intense,upper
D023,U-0295,standard,pull
D023,U-0296,express,full_body
D023,U-0297,flexible,upper
D023,U-0298,intense,push
D023,U-0299,standard,full_body
D023,U-0300,standard,upper
D023,U-0301,flexible,legs
D023,U-0302,express,upper
D023,U-0303,flexible,pull
D023,U-0304,standard,push
D023,U-0305,express,upper
D023,U-0306,standard,upper
D023,U-0307,intense,upper
D023,U-0308,intense,pull
D023,U-0309,intense,pull
D023,U-0310,intense,legs
D023,U-0311,intense,legs
D023,U-0312,intense,full_body
D023,U-0313,standard,full_body
D023,U-0314,flexible,pull
D023,U-0315,flexible,upper
D023,U-0316,flexible,upper
D023,U-0317,express,legs
D023,U-0318,standard,push
D023,U-0319,intense,legs
D023,U-0320,intense,legs
D023,U-0321,intense,pull
D023,U-0322,flexible,legs
D023,U-0323,intense,pull
D023,U-0324,flexible,upper
D023,U-0325,intense,legs
D023,U-0326,intense,push
D023,U-0327,intense,full_body
D023,U-0328,intense,pull
D023,U-0329,standard,upper
D023,U-0330,express,push
D023,U-0331,standard,legs
D023,U-0332,intense,legs
D023,U-0333,intense,push
D023,U-0334,standard,upper
D023,U-0335,standard,pull
D023,U-0336,flexible,upper
D023,U-0337,standard,upper
D023,U-0338,standard,pull
D023,U-0339,flexible,pull
D023,U-0340,flexible,upper
D023,U-0341,intense,push
D023,U-0342,flexible,pull
D023,U-0343,intense,legs
D023,U-0344,standard,upper
D023,U-0345,intense,pull
D023,U-0346,standard,pull
D023,U-0347,standard,pull
D023,U-0348,intense,full_body
D023,U-0349,standard,upper
D023,U-0350,intense,legs
D023,U-0351,flexible,full_body
D023,U-0352,flexible,pull
D023,U-0353,standard,pull
D023,U-0354,express,pull
D023,U-0355,flexible,upper
D023,U-0356,standard,upper
D023,U-0357,express,full_body
D023,U-0358,express,legs
D023,U-0359,express,upper
D023,U-0360,intense,legs
D023,U-0361,flexible,full_body
D023,U-0362,intense,pull
D023,U-0363,standard,push
D023,U-0364,express,full_body
D023,U-0365,standard,pull
D023,U-0366,flexible,full_body
D023,U-0367,standard,full_body
D023,U-0368,intense,push
D023,U-0369,standard,push
D023,U-0370,intense,push
D023,U-0371,flexible,upper
D023,U-0372,intense,push
D023,U-0373,intense,full_body
D023,U-0374,intense,push
D023,U-0375,intense,push
D023,U-0376,flexible,upper
D023,U-0377,intense,push
D023,U-0378,standard,push
D023,U-0379,flexible,legs
D023,U-0380,flexible,push
D023,U-0381,flexible,pull
D023,U-0382,standard,push
D023,U-0383,intense,pull
D023,U-0384,standard,pull
D023,U-0385,flexible,push
D023,U-0386,flexible,upper
D023,U-0387,intense,push
D023,U-0388,flexible,push
D023,U-0389,standard,legs
D023,U-0390,standard,push
D023,U-0391,intense,upper
D023,U-0392,flexible,legs
D023,U-0393,express,legs
D023,U-0394,intense,push
D023,U-0395,standard,upper
D023,U-0396,standard,legs
D023,U-0397,flexible,full_body
D023,U-0398,intense,legs
D023,U-0399,standard,legs
D023,U-0400,flexible,full_body
D023,U-0401,express,full_body
D023,U-0402,flexible,push
D023,U-0403,intense,push
D024,U-0001,express,pull
D024,U-0002,intense,pull
D024,U-0003,flexible,upper
D024,U-0004,express,push
D024,U-0005,standard,pull
D024,U-0006,standard,upper
D024,U-0007,standard,upper
D024,U-0008,express,upper
D024,U-0009,flexible,full_body
D024,U-0010,intense,push
D024,U-0011,flexible,push
D024,U-0012,flexible,pull
D024,U-0013,intense,full_body
D024,U-0014,intense,full_body
D024,U-0015,flexible,upper
D024,U-0016,standard,legs
D024,U-0017,flexible,push
D024,U-0018,standard,full_body
D024,U-0019,express,legs
D024,U-0020,express,push
D024,U-0021,standard,legs
D024,U-0022,standard,legs
D024,U-0023,flexible,full_body
D024,U-0024,intense,push
D024,U-0025,standard,upper
D024,U-0026,standard,push
D024,U-0027,flexible,full_body
D024,U-0028,flexible,full_body
D024,U-0029,express,push
D024,U-0030,flexible,legs
D024,U-0031,express,upper
D024,U-0032,flexible,upper
D024,U-0033,express,full_body
D024,U-0034,flexible,full_body
D024,U-0035,flexible,pull
D024,U-0036,standard,push
D024,U-0037,intense,push
D024,U-0038,intense,pull
D024,U-0039,flexible,upper
D024,U-0040,express,push
D024,U-0041,flexible,legs
D024,U-0042,intense,upper
D024,U-0043,intense,push
D024,U-0044,intense,pull
D024,U-0045,intense,legs
D024,U-0046,standard,upper
D024,U-0047,flexible,upper
D024,U-0048,flexible,full_body
D024,U-0049,express,legs
D024,U-0050,standard,full_body
D024,U-0051,flexible,upper
D024,U-0052,standard,full_body
D024,U-0053,flexible,full_body
D024,U-0054,standard,full_body
D024,U-0055,standard,full_body
D024,U-0056,intense,upper
D024,U-0057,flexible,upper
D024,U-0058,standard,pull
D024,U-0059,intense,push
D024,U-0060,intense,full_body
D024,U-0061,intense,push
D024,U-0062,flexible,pull
D024,U-0063,flexible,push
D024,U-0064,express,full_body
D024,U-0065,flexible,pull
D024,U-0066,intense,upper
D024,U-0067,standard,push
D024,U-0068,intense,push
D024,U-0069,intense,legs
D024,U-0070,flexible,upper
D024,U-0071,express,full_body
D024,U-0072,flexible,upper
D024,U-0073,standard,upper
D024,U-0074,standard,legs
D024,U-0075,flexible,upper
D024,U-0076,standard,push
D024,U-0077,intense,full_body
D024,U-0078,flexible,pull
D024,U-0079,standard,legs
D024,U-0080,standard,legs
D024,U-0081,intense,legs
D024,U-0082,flexible,upper
D024,U-0083,intense,pull
D024,U-0084,standard,push
D024,U-0085,standard,full_body
D024,U-0086,intense,pull
D024,U-0087,flexible,upper
D024,U-0088,express,push
D024,U-0089,flexible,pull
D024,U-0090,standard,push
D024,U-0091,intense,push
D024,U-0092,standard,upper
D024,U-0093,express,upper
D024,U-0094,flexible,full_body
D024,U-0095,standard,upper
D024,U-0096,intense,push
D024,U-0097,intense,push
D024,U-0098,standard,legs
D024,U-0099,flexible,upper
D024,U-0100,flexible,upper
D024,U-0101,flexible,full_body
D024,U-0102,intense,pull
D024,U-0103,standard,upper
D024,U-0104,standard,upper
D024,U-0105,intense,pull
D024,U-0106,standard,push
D024,U-0107,flexible,pull
D024,U-0108,intense,pull
D024,U-0109,standard,push
D024,U-0110,standard,full_body
D024,U-0111,intense,full_body
D024,U-0112,flexible,upper
D024,U-0113,intense,pull
D024,U-0114,intense,pull
D024,U-0115,intense,pull
D024,U-0116,standard,pull
D024,U-0117,intense,legs
D024,U-0118,standard,pull
D024,U-0119,standard,full_body
D024,U-0120,standard,push
D024,U-0121,express,legs
D024,U-0122,intense,upper
D024,U-0123,flexible,legs
D024,U-0124,intense,legs
D024,U-0125,standard,upper
D024,U-0126,flexible,pull
D024,U-0127,intense,pull
D024,U-0128,standard,upper
D024,U-0129,standard,upper
D024,U-0130,express,pull
D024,U-0131,standard,pull
D024,U-0132,flexible,full_body
D024,U-0133,standard,upper
D024,U-0134,intense,push
D024,U-0135,flexible,full_body
D024,U-0136,flexible,full_body
D024,U-0137,flexible,upper
D024,U-0138,standard,pull
D024,U-0139,standard,full_body
D024,U-0140,standard,upper
D024,U-0141,intense,push
D024,U-0142,standard,upper
D024,U-0143,flexible,legs
D024,U-0144,standard,full_body
D024,U-0145,standard,upper
D024,U-0146,intense,pull
D024,U-0147,flexible,full_body
D024,U-0148,intense,legs
D024,U-0149,standard,upper
D024,U-0150,intense,full_body
D024,U-0151,intense,upper
D024,U-0152,intense,push
D024,U-0153,standard,legs
D024,U-0154,intense,pull
D024,U-0155,intense,full_body
D024,U-0156,intense,upper
D024,U-0157,intense,push
D024,U-0158,standard,upper
D024,U-0159,express,upper
D024,U-0160,flexible,pull
D024,U-0161,standard,upper
D024,U-0162,flexible,push
D024,U-0163,flexible,upper
D024,U-0164,standard,legs
D024,U-0165,express,push
D024,U-0166,standard,pull
D024,U-0167,flexible,push
D024,U-0168,intense,push
D024,U-0169,standard,upper
D024,U-0170,intense,full_body
D024,U-0171,express,pull
D024,U-0172,standard,push
D024,U-0173,intense,upper
D024,U-0174,express,pull
D024,U-0175,flexible,full_body
D024,U-0176,express,pull
D024,U-0177,flexible,upper
D024,U-0178,intense,push
D024,U-0179,flexible,pull
D024,U-0180,intense,legs
D024,U-0181,standard,full_body
D024,U-0182,flexible,legs
D024,U-0183,standard,pull
D024,U-0184,express,full_body
D024,U-0185,flexible,full_body
D024,U-0186,flexible,legs
D024,U-0187,standard,pull
D024,U-0188,standard,upper
D024,U-0189,flexible,push
D024,U-0190,flexible,push
D024,U-0191,standard,legs
D024,U-0192,flexible,upper
D024,U-0193,intense,legs
D024,U-0194,standard,legs
D024,U-0195,flexible,upper
D024,U-0196,intense,pull
D024,U-0197,standard,legs
D024,U-0198,standard,full_body
D024,U-0199,standard,legs
D024,U-0200,express,push
D024,U-0201,flexible,pull
D024,U-0202,standard,legs
D024,U-0203,express,upper
D024,U-0204,flexible,upper
D024,U-0205,intense,upper
D024,U-0206,intense,pull
D024,U-0207,intense,full_body
D024,U-0208,express,pull
D024,U-0209,intense,upper
D024,U-0210,express,push
D024,U-0211,intense,push
D024,U-0212,standard,full_body
D024,U-0213,express,push
D024,U-0214,flexible,upper
D024,U-0215,standard,full_body
D024,U-0216,standard,pull
D024,U-0217,intense,upper
D024,U-0218,standard,upper
D024,U-0219,intense,push
D024,U-0220,flexible,upper
D024,U-0221,standard,full_body
D024,U-0222,standard,full_body
D024,U-0223,express,full_body
D024,U-0224,express,legs
D024,U-0225,flexible,full_body
D024,U-0226,standard,upper
D024,U-0227,flexible,full_body
D024,U-0228,intense,push
D024,U-0229,express,upper
D024,U-0230,flexible,legs
D024,U-0231,standard,legs
D024,U-0232,intense,push
D024,U-0233,flexible,pull
D024,U-0234,intense,push
D024,U-0235,standard,upper
D024,U-0236,standard,legs
D024,U-0237,standard,legs
D024,U-0238,flexible,full_body
D024,U-0239,express,legs
D024,U-0240,flexible,legs
D024,U-0241,flexible,legs
D024,U-0242,standard,pull
D024,U-0243,intense,full_body
D024,U-0244,intense,pull
D024,U-0245,express,push
D024,U-0246,standard,pull
D024,U-0247,intense,push
D024,U-0248,flexible,upper
D024,U-0249,flexible,legs
D024,U-0250,express,legs
D024,U-0251,standard,pull
D024,U-0252,standard,upper
D024,U-0253,standard,pull
D024,U-0254,flexible,upper
D024,U-0255,express,legs
D024,U-0256,flexible,full_body
D024,U-0257,express,legs
D024,U-0258,intense,pull
D024,U-0259,standard,full_body
D024,U-0260,flexible,legs
D024,U-0261,standard,full_body
D024,U-0262,flexible,push
D024,U-0263,flexible,upper
D024,U-0264,flexible,upper
D024,U-0265,express,pull
D024,U-0266,express,pull
D024,U-0267,express,upper
D024,U-0268,standard,upper
D024,U-0269,standard,upper
D024,U-0270,flexible,legs
D024,U-0271,flexible,pull
D024,U-0272,flexible,legs
D024,U-0273,express,pull
D024,U-0274,standard,full_body
D024,U-0275,standard,upper
D024,U-0276,intense,full_body
D024,U-0277,standard,legs
D024,U-0278,flexible,legs
D024,U-0279,intense,push
D024,U-0280,intense,push
D024,U-0281,standard,upper
D024,U-0282,intense,push
D024,U-0283,intense,pull
D024,U-0284,standard,full_body
D024,U-0285,standard,push
D024,U-0286,flexible,upper
D024,U-0287,standard,legs
D024,U-0288,intense,push
D024,U-0289,flexible,upper
D024,U-0290,standard,push
D024,U-0291,intense,legs
D024,U-0292,standard,upper
D024,U-0293,intense,pull
D024,U-0294,intense,push
D024,U-0295,flexible,legs
D024,U-0296,intense,push
D024,U-0297,standard,full_body
D024,U-0298,flexible,full_body
D024,U-0299,flexible,full_body
D024,U-0300,flexible,upper
D024,U-0301,express,full_body
D024,U-0302,intense,legs
D024,U-0303,standard,pull
D024,U-0304,flexible,legs
D024,U-0305,intense,upper
D024,U-0306,flexible,push
D024,U-0307,standard,push
D024,U-0308,intense,full_body
D024,U-0309,express,pull
D024,U-0310,intense,legs
D024,U-0311,flexible,push
D024,U-0312,standard,legs
D024,U-0313,standard,upper
D024,U-0314,intense,push
D024,U-0315,intense,pull
D024,U-0316,intense,legs
D024,U-0317,flexible,upper
D024,U-0318,flexible,upper
D024,U-0319,flexible,legs
D024,U-0320,intense,legs
D024,U-0321,intense,upper
D024,U-0322,intense,legs
D024,U-0323,flexible,upper
D024,U-0324,express,upper
D024,U-0325,express,push
D024,U-0326,standard,pull
D024,U-0327,flexible,pull
D024,U-0328,standard,upper
D024,U-0329,flexible,push
D024,U-0330,intense,pull
D024,U-0331,standard,upper
D024,U-0332,flexible,upper
D024,U-0333,standard,legs
D024,U-0334,flexible,push
D024,U-0335,intense,full_body
D024,U-0336,standard,pull
D024,U-0337,standard,upper
D024,U-0338,express,pull
D024,U-0339,standard,pull
D024,U-0340,intense,push
D024,U-0341,flexible,upper
D024,U-0342,flexible,push
D024,U-0343,standard,pull
D024,U-0344,standard,legs
D024,U-0345,intense,upper
D024,U-0346,flexible,upper
D024,U-0347,flexible,full_body
D024,U-0348,standard,pull
D024,U-0349,intense,legs
D024,U-0350,intense,upper
D024,U-0351,intense,full_body
D024,U-0352,flexible,push
D024,U-0353,flexible,upper
D024,U-0354,express,pull
D024,U-0355,express,pull
D024,U-0356,standard,full_body
D024,U-0357,intense,push
D024,U-0358,flexible,upper
D024,U-0359,intense,pull
D024,U-0360,flexible,full_body
D024,U-0361,intense,push
D024,U-0362,intense,legs
D024,U-0363,standard,upper
D024,U-0364,standard,pull
D024,U-0365,flexible,legs
D024,U-0366,express,pull
D024,U-0367,express,full_body
D024,U-0368,express,full_body
D024,U-0369,intense,push
D024,U-0370,flexible,upper
D024,U-0371,standard,upper
D024,U-0372,intense,push
D024,U-0373,standard,pull
D025,U-0001,flexible,push
D025,U-0002,flexible,push
D025,U-0003,express,upper
D025,U-0004,intense,push
D025,U-0005,express,upper
D025,U-0006,standard,legs
D025,U-0007,standard,push
D025,U-0008,flexible,upper
D025,U-0009,flexible,pull
D025,U-0010,standard,push
D025,U-0011,standard,upper
D025,U-0012,intense,push
D025,U-0013,standard,pull
D025,U-0014,standard,legs
D025,U-0015,standard,legs
D025,U-0016,standard,push
D025,U-0017,standard,legs
D025,U-0018,intense,pull
D025,U-0019,standard,pull
D025,U-0020,flexible,upper
D025,U-0021,standard,push
D025,U-0022,intense,pull
D025,U-0023,standard,push
D025,U-0024,express,upper
D025,U-0025,flexible,pull
D025,U-0026,standard,legs
D025,U-0027,standard,push
D025,U-0028,express,full_body
D025,U-0029,express,legs
D025,U-0030,flexible,pull
D025,U-0031,flexible,upper
D025,U-0032,express,push
D025,U-0033,flexible,full_body
D025,U-0034,flexible,push
D025,U-0035,intense,pull
D025,U-0036,standard,upper
D025,U-0037,intense,push
D025,U-0038,standard,push
D025,U-0039,intense,pull
D025,U-0040,intense,push
D025,U-0041,standard,pull
D025,U-0042,intense,upper
D025,U-0043,express,pull
D025,U-0044,standard,pull
D025,U-0045,flexible,pull
D025,U-0046,intense,pull
D025,U-0047,flexible,full_body
D025,U-0048,intense,pull
D025,U-0049,flexible,pull
D025,U-0050,express,push
D025,U-0051,intense,legs
D025,U-0052,intense,pull
D025,U-0053,intense,push
D025,U-0054,intense,push
D025,U-0055,standard,upper
D025,U-0056,intense,upper
D025,U-0057,standard,upper
D025,U-0058,express,pull
D025,U-0059,standard,legs
D025,U-0060,intense,pull
D025,U-0061,express,upper
D025,U-0062,flexible,pull
D025,U-0063,intense,pull
D025,U-0064,flexible,push
D025,U-0065,intense,push
D025,U-0066,express,pull
D025,U-0067,standard,legs
D025,U-0068,flexible,upper
D025,U-0069,intense,legs
D025,U-0070,standard,full_body
D025,U-0071,flexible,pull
D025,U-0072,flexible,upper
D025,U-0073,standard,full_body
D025,U-0074,express,pull
D025,U-0075,flexible,full_body
D025,U-0076,express,full_body
D025,U-0077,standard,upper
D025,U-0078,standard,pull
D025,U-0079,intense,legs
D025,U-0080,flexible,legs
D025,U-0081,standard,pull
D025,U-0082,standard,legs
D025,U-0083,flexible,full_body
D025,U-0084,flexible,upper
D025,U-0085,intense,pull
D025,U-0086,express,full_body
D025,U-0087,express,push
D025,U-0088,standard,full_body
D025,U-0089,flexible,full_body
D025,U-0090,intense,full_body
D025,U-0091,standard,full_body
D025,U-0092,express,pull
D025,U-0093,standard,full_body
D025,U-0094,flexible,legs
D025,U-0095,standard,upper
D025,U-0096,flexible,upper
D025,U-0097,flexible,legs
D025,U-0098,intense,upper
D025,U-0099,intense,push
D025,U-0100,flexible,upper
D025,U-0101,intense,legs
D025,U-0102,intense,push
D025,U-0103,standard,legs
D025,U-0104,express,legs
D025,U-0105,standard,pull
D025,U-0106,flexible,legs
D025,U-0107,flexible,legs
D025,U-0108,standard,full_body
D025,U-0109,standard,legs
D025,U-0110,standard,full_body
D025,U-0111,intense,upper
D025,U-0112,flexible,full_body
D025,U-0113,standard,full_body
D025,U-0114,flexible,pull
D025,U-0115,flexible,pull
D025,U-0116,intense,push
D025,U-0117,flexible,upper
D025,U-0118,flexible,legs
D025,U-0119,flexible,pull
D025,U-0120,express,legs
D025,U-0121,standard,legs
D025,U-0122,express,pull
D025,U-0123,express,full_body
D025,U-0124,intense,push
D025,U-0125,intense,push
D025,U-0126,express,push
D025,U-0127,flexible,full_body
D025,U-0128,intense,push
D025,U-0129,express,legs
D025,U-0130,intense,push
D025,U-0131,intense,upper
D025,U-0132,express,upper
D025,U-0133,express,push
D025,U-0134,intense,pull
D025,U-0135,express,pull
D025,U-0136,express,push
D025,U-0137,express,legs
D025,U-0138,standard,pull
D025,U-0139,flexible,push
D025,U-0140,standard,legs
D025,U-0141,standard,upper
D025,U-0142,intense,pull
D025,U-0143,standard,push
D025,U-0144,express,full_body
D025,U-0145,standard,upper
D025,U-0146,intense,upper
D025,U-0147,standard,full_body
D025,U-0148,intense,pull
D025,U-0149,express,upper
D025,U-0150,standard,legs
D025,U-0151,standard,upper
D025,U-0152,express,legs
D025,U-0153,flexible,upper
D025,U-0154,flexible,pull
D025,U-0155,flexible,upper
D025,U-0156,flexible,upper
D025,U-0157,flexible,legs
D025,U-0158,express,upper
D025,U-0159,intense,pull
D025,U-0160,standard,upper
D025,U-0161,flexible,pull
D025,U-0162,intense,upper
D025,U-0163,express,full_body
D025,U-0164,intense,push
D025,U-0165,intense,pull
D025,U-0166,express,push
D025,U-0167,flexible,upper
D025,U-0168,flexible,push
D025,U-0169,intense,push
D025,U-0170,express,legs
D025,U-0171,flexible,upper
D025,U-0172,standard,pull
D025,U-0173,intense,legs
D025,U-0174,standard,upper
D025,U-0175,intense,push
D025,U-0176,flexible,pull
D025,U-0177,standard,pull
D025,U-0178,flexible,pull
D025,U-0179,intense,pull
D025,U-0180,flexible,full_body
D025,U-0181,intense,legs
D025,U-0182,standard,full_body
D025,U-0183,standard,pull
D025,U-0184,intense,legs
D025,U-0185,flexible,upper
D025,U-0186,standard,upper
D025,U-0187,flexible,full_body
D025,U-0188,intense,push
D025,U-0189,intense,push
D025,U-0190,intense,pull
D025,U-0191,intense,upper
D025,U-0192,intense,legs
D025,U-0193,standard,pull
D025,U-0194,express,push
D025,U-0195,flexible,upper
D025,U-0196,intense,pull
D025,U-0197,standard,full_body
D025,U-0198,intense,legs
D025,U-0199,standard,legs
D025,U-0200,flexible,upper
D025,U-0201,flexible,legs
D025,U-0202,intense,legs
D025,U-0203,express,pull
D025,U-0204,standard,legs
D025,U-0205,flexible,upper
D025,U-0206,flexible,full_body
D025,U-0207,intense,push
D025,U-0208,standard,legs
D025,U-0209,standard,pull
D025,U-0210,intense,push
D025,U-0211,intense,legs
D025,U-0212,standard,legs
D025,U-0213,standard,legs
D025,U-0214,standard,push
D025,U-0215,flexible,pull
D025,U-0216,standard,full_body
D025,U-0217,intense,legs
D025,U-0218,intense,legs
D025,U-0219,intense,push
D025,U-0220,intense,legs
D025,U-0221,standard,full_body
D025,U-0222,standard,pull
D025,U-0223,flexible,upper
D025,U-0224,flexible,legs
D025,U-0225,intense,pull
D025,U-0226,intense,upper
D025,U-0227,intense,legs
D025,U-0228,intense,push
D025,U-0229,intense,push
D025,U-0230,standard,upper
D025,U-0231,intense,push
D025,U-0232,express,push
D025,U-0233,standard,full_body
D025,U-0234,flexible,upper
D025,U-0235,express,upper
D025,U-0236,intense,upper
D025,U-0237,standard,full_body
D025,U-0238,flexible,upper
D025,U-0239,flexible,full_body
D025,U-0240,standard,legs
D025,U-0241,flexible,upper
D025,U-0242,intense,upper
D025,U-0243,intense,upper
D025,U-0244,flexible,full_body
D025,U-0245,standard,full_body
D025,U-0246,express,upper
D025,U-0247,flexible,upper
D025,U-0248,express,pull
D025,U-0249,standard,push
D025,U-0250,express,upper
D025,U-0251,flexible,push
D025,U-0252,intense,pull
D025,U-0253,standard,full_body
D025,U-0254,standard,full_body
D025,U-0255,express,legs
D025,U-0256,flexible,legs
D025,U-0257,standard,full_body
D025,U-0258,standard,push
D025,U-0259,flexible,pull
D025,U-0260,standard,full_body
D025,U-0261,flexible,upper
D025,U-0262,flexible,pull
D025,U-0263,standard,pull
D025,U-0264,flexible,full_body
D025,U-0265,express,legs
D025,U-0266,flexible,pull
D025,U-0267,flexible,upper
D025,U-0268,standard,legs
D025,U-0269,flexible,full_body
D025,U-0270,flexible,full_body
D025,U-0271,flexible,pull
D025,U-0272,flexible,legs
D025,U-0273,standard,legs
D025,U-0274,intense,full_body
D025,U-0275,standard,push
D025,U-0276,standard,upper
D025,U-0277,intense,pull
D025,U-0278,intense,legs
D025,U-0279,flexible,push
D025,U-0280,standard,full_body
D025,U-0281,standard,push
D025,U-0282,express,upper
D025,U-0283,standard,upper
D025,U-0284,flexible,pull
D025,U-0285,flexible,full_body
D025,U-0286,flexible,upper
D025,U-0287,express,full_body
D025,U-0288,intense,pull
D025,U-0289,standard,upper
D025,U-0290,express,legs
D025,U-0291,standard,push
D025,U-0292,standard,upper
D025,U-0293,flexible,pull
D025,U-0294,flexible,upper
D025,U-0295,intense,pull
D025,U-0296,standard,upper
D025,U-0297,standard,push
D025,U-0298,flexible,upper
D025,U-0299,standard,upper
D025,U-0300,standard,upper
D025,U-0301,flexible,push
D025,U-0302,flexible,legs
D025,U-0303,standard,legs
D025,U-0304,standard,push
D025,U-0305,express,upper
D025,U-0306,flexible,pull
D025,U-0307,flexible,upper
D025,U-0308,intense,push
D025,U-0309,standard,push
D025,U-0310,flexible,pull
D025,U-0311,intense,push
D025,U-0312,flexible,push
D025,U-0313,standard,push
D025,U-0314,intense,push
D025,U-0315,express,push
D025,U-0316,intense,pull
D025,U-0317,standard,push
D025,U-0318,express,pull
D025,U-0319,standard,legs
D025,U-0320,intense,legs
D025,U-0321,standard,legs
D025,U-0322,intense,pull
D025,U-0323,intense,pull
D025,U-0324,standard,legs
D025,U-0325,intense,push
D025,U-0326,standard,legs
D025,U-0327,standard,upper
D025,U-0328,flexible,upper
D025,U-0329,standard,full_body
D025,U-0330,flexible,push
D025,U-0331,standard,upper
D025,U-0332,standard,pull
D025,U-0333,standard,upper
D025,U-0334,flexible,push
D025,U-0335,flexible,upper
D025,U-0336,intense,legs
D025,U-0337,standard,upper
D025,U-0338,intense,push
D025,U-0339,standard,push
D025,U-0340,flexible,upper
D025,U-0341,intense,pull
D025,U-0342,intense,push
D025,U-0343,express,push
D025,U-0344,standard,push
D025,U-0345,flexible,legs
D025,U-0346,standard,push
D025,U-0347,standard,upper
D025,U-0348,standard,push
D025,U-0349,flexible,pull
D025,U-0350,express,push
D025,U-0351,intense,pull
D025,U-0352,intense,pull
D025,U-0353,flexible,upper
D025,U-0354,standard,upper
D025,U-0355,intense,pull
D025,U-0356,intense,legs
D025,U-0357,flexible,upper
D025,U-0358,express,legs
D025,U-0359,intense,pull
D025,U-0360,intense,legs
D025,U-0361,intense,full_body
D025,U-0362,flexible,upper
D025,U-0363,standard,full_body
D025,U-0364,flexible,upper
D025,U-0365,flexible,legs
D025,U-0366,intense,upper
D025,U-0367,flexible,legs
D025,U-0368,intense,push
D025,U-0369,flexible,pull
D025,U-0370,standard,upper
D025,U-0371,flexible,upper
D025,U-0372,express,legs
D025,U-0373,flexible,upper
D025,U-0374,standard,full_body
D025,U-0375,intense,legs
D025,U-0376,intense,pull
D025,U-0377,standard,full_body
D025,U-0378,express,upper
D025,U-0379,standard,full_body
D025,U-0380,standard,upper
D026,U-0001,flexible,full_body
D026,U-0002,standard,legs
D026,U-0003,intense,legs
D026,U-0004,flexible,pull
D026,U-0005,standard,legs
D026,U-0006,standard,upper
D026,U-0007,flexible,upper
D026,U-0008,flexible,push
D026,U-0009,standard,upper
D026,U-0010,flexible,upper
D026,U-0011,flexible,push
D026,U-0012,flexible,push
D026,U-0013,standard,full_body
D026,U-0014,standard,push
D026,U-0015,flexible,push
D026,U-0016,flexible,upper
D026,U-0017,intense,push
D026,U-0018,express,full_body
D026,U-0019,standard,upper
D026,U-0020,flexible,full_body
D026,U-0021,standard,pull
D026,U-0022,standard,pull
D026,U-0023,standard,full_body
D026,U-0024,flexible,legs
D026,U-0025,standard,pull
D026,U-0026,flexible,upper
D026,U-0027,standard,pull
D026,U-0028,flexible,full_body
D026,U-0029,standard,pull
D026,U-0030,intense,push
D026,U-0031,intense,full_body
D026,U-0032,flexible,legs
D026,U-0033,express,legs
D026,U-0034,intense,legs
D026,U-0035,express,push
D026,U-0036,flexible,full_body
D026,U-0037,express,upper
D026,U-0038,flexible,upper
D026,U-0039,flexible,legs
D026,U-0040,flexible,pull
D026,U-0041,intense,push
D026,U-0042,intense,pull
D026,U-0043,standard,legs
D026,U-0044,intense,pull
D026,U-0045,express,upper
D026,U-0046,standard,legs
D026,U-0047,intense,push
D026,U-0048,flexible,full_body
D026,U-0049,flexible,upper
D026,U-0050,flexible,upper
D026,U-0051,intense,legs
D026,U-0052,intense,push
D026,U-0053,standard,upper
D026,U-0054,express,legs
D026,U-0055,intense,legs
D026,U-0056,flexible,push
D026,U-0057,flexible,pull
D026,U-0058,flexible,upper
D026,U-0059,flexible,full_body
D026,U-0060,flexible,legs
D026,U-0061,intense,upper
D026,U-0062,intense,full_body
D026,U-0063,flexible,upper
D026,U-0064,intense,pull
D026,U-0065,standard,pull
D026,U-0066,intense,legs
D026,U-0067,standard,full_body
D026,U-0068,standard,pull
D026,U-0069,intense,push
D026,U-0070,standard,pull
D026,U-0071,standard,full_body
D026,U-0072,flexible,upper
D026,U-0073,standard,pull
D026,U-0074,standard,full_body
D026,U-0075,standard,full_body
D026,U-0076,flexible,upper
D026,U-0077,standard,upper
D026,U-0078,flexible,full_body
D026,U-0079,express,full_body
D026,U-0080,express,legs
D026,U-0081,standard,upper
D026,U-0082,flexible,pull
D026,U-0083,standard,pull
D026,U-0084,intense,legs
D026,U-0085,express,upper
D026,U-0086,intense,legs
D026,U-0087,express,legs
D026,U-0088,flexible,pull
D026,U-0089,standard,legs
D026,U-0090,standard,legs
D026,U-0091,flexible,full_body
D026,U-0092,intense,pull
D026,U-0093,flexible,pull
D026,U-0094,standard,legs
D026,U-0095,express,legs
D026,U-0096,intense,push
D026,U-0097,intense,upper
D026,U-0098,standard,pull
D026,U-0099,standard,full_body
D026,U-0100,standard,upper
D026,U-0101,intense,push
D026,U-0102,intense,pull
D026,U-0103,intense,pull
D026,U-0104,express,upper
D026,U-0105,flexible,upper
D026,U-0106,flexible,pull
D026,U-0107,flexible,full_body
D026,U-0108,intense,legs
D026,U-0109,intense,push
D026,U-0110,standard,legs
D026,U-0111,standard,full_body
D026,U-0112,flexible,full_body
D026,U-0113,intense,upper
D026,U-0114,flexible,pull
D026,U-0115,intense,upper
D026,U-0116,intense,legs
D026,U-0117,flexible,upper
D026,U-0118,standard,upper
D026,U-0119,flexible,pull
D026,U-0120,flexible,upper
D026,U-0121,intense,upper
D026,U-0122,flexible,legs
D026,U-0123,standard,upper
D026,U-0124,standard,legs
D026,U-0125,standard,pull
D026,U-0126,flexible,upper
D026,U-0127,express,pull
D026,U-0128,intense,upper
D026,U-0129,standard,full_body
D026,U-0130,express,upper
D026,U-0131,intense,legs
D026,U-0132,standard,pull
D026,U-0133,flexible,full_body
D026,U-0134,express,upper
D026,U-0135,standard,legs
D026,U-0136,express,push
D026,U-0137,flexible,upper
D026,U-0138,flexible,upper
D026,U-0139,express,push
D026,U-0140,intense,legs
D026,U-0141,intense,push
D026,U-0142,flexible,push
D026,U-0143,express,pull
D026,U-0144,flexible,upper
D026,U-0145,standard,upper
D026,U-0146,standard,legs
D026,U-0147,standard,upper
D026,U-0148,flexible,pull
D026,U-0149,intense,push
D026,U-0150,standard,full_body
D026,U-0151,intense,full_body
D026,U-0152,standard,legs
D026,U-0153,intense,pull
D026,U-0154,express,legs
D026,U-0155,intense,legs
D026,U-0156,intense,push
D026,U-0157,flexible,full_body
D026,U-0158,flexible,upper
D026,U-0159,standard,pull
D026,U-0160,standard,upper
D026,U-0161,standard,pull
D026,U-0162,intense,pull
D026,U-0163,intense,upper
D026,U-0164,flexible,push
D026,U-0165,standard,full_body
D026,U-0166,express,legs
D026,U-0167,intense,pull
D026,U-0168,standard,push
D026,U-0169,standard,upper
D026,U-0170,standard,legs
D026,U-0171,standard,pull
D026,U-0172,intense,pull
D026,U-0173,flexible,upper
D026,U-0174,flexible,legs
D026,U-0175,flexible,upper
D026,U-0176,flexible,upper
D026,U-0177,flexible,full_body
D026,U-0178,intense,pull
D026,U-0179,intense,upper
D026,U-0180,express,full_body
D026,U-0181,flexible,full_body
D026,U-0182,flexible,legs
D026,U-0183,intense,legs
D026,U-0184,standard,legs
D026,U-0185,flexible,upper
D026,U-0186,intense,upper
D026,U-0187,intense,pull
D026,U-0188,flexible,pull
D026,U-0189,standard,legs
D026,U-0190,standard,full_body
D026,U-0191,standard,legs
D026,U-0192,intense,legs
D026,U-0193,intense,legs
D026,U-0194,flexible,full_body
D026,U-0195,standard,legs
D026,U-0196,intense,pull
D026,U-0197,flexible,full_body
D026,U-0198,flexible,upper
D026,U-0199,standard,full_body
D026,U-0200,standard,upper
D026,U-0201,intense,pull
D026,U-0202,standard,upper
D026,U-0203,flexible,full_body
D026,U-0204,flexible,full_body
D026,U-0205,flexible,pull
D026,U-0206,standard,upper
D026,U-0207,flexible,upper
D026,U-0208,standard,push
D026,U-0209,standard,pull
D026,U-0210,intense,push
D026,U-0211,standard,upper
D026,U-0212,standard,full_body
D026,U-0213,intense,legs
D026,U-0214,intense,legs
D026,U-0215,flexible,push
D026,U-0216,express,pull
D026,U-0217,intense,push
D026,U-0218,flexible,pull
D026,U-0219,intense,push
D026,U-0220,intense,push
D026,U-0221,standard,upper
D026,U-0222,flexible,upper
D026,U-0223,intense,pull
D026,U-0224,intense,full_body
D026,U-0225,standard,upper
D026,U-0226,intense,push
D026,U-0227,intense,pull
D026,U-0228,intense,upper
D026,U-0229,intense,legs
D026,U-0230,intense,push
D026,U-0231,express,pull
D026,U-0232,express,full_body
D026,U-0233,standard,push
D026,U-0234,flexible,upper
D026,U-0235,standard,legs
D026,U-0236,intense,upper
D026,U-0237,standard,legs
D026,U-0238,standard,full_body
D026,U-0239,standard,legs
D026,U-0240,flexible,push
D026,U-0241,standard,full_body
D026,U-0242,flexible,push
D026,U-0243,intense,pull
D026,U-0244,intense,pull
D026,U-0245,flexible,upper
D026,U-0246,standard,upper
D026,U-0247,standard,full_body
D026,U-0248,intense,upper
D026,U-0249,intense,push
D026,U-0250,intense,upper
D026,U-0251,flexible,pull
D026,U-0252,intense,legs
D026,U-0253,intense,pull
D026,U-0254,standard,upper
D026,U-0255,flexible,upper
D026,U-0256,flexible,full_body
D026,U-0257,flexible,push
D026,U-0258,flexible,pull
D026,U-0259,intense,legs
D026,U-0260,standard,push
D026,U-0261,intense,push
D026,U-0262,express,full_body
D026,U-0263,intense,upper
D026,U-0264,intense,push
D026,U-0265,flexible,upper
D026,U-0266,flexible,legs
D026,U-0267,flexible,pull
D026,U-0268,intense,push
D026,U-0269,flexible,full_body
D026,U-0270,express,legs
D026,U-0271,flexible,legs
D026,U-0272,flexible,push
D026,U-0273,standard,legs
D026,U-0274,standard,upper
D026,U-0275,flexible,upper
D026,U-0276,flexible,pull
D026,U-0277,intense,push
D026,U-0278,intense,full_body
D026,U-0279,intense,legs
D026,U-0280,standard,pull
D026,U-0281,intense,pull
D026,U-0282,standard,push
D026,U-0283,intense,push
D026,U-0284,express,push
D026,U-0285,express,full_body
D026,U-0286,flexible,pull
D026,U-0287,standard,full_body
D026,U-0288,intense,pull
D026,U-0289,standard,pull
D026,U-0290,standard,legs
D026,U-0291,standard,pull
D026,U-0292,standard,legs
D026,U-0293,flexible,full_body
D026,U-0294,standard,pull
D026,U-0295,intense,upper
D026,U-0296,intense,push
D026,U-0297,standard,legs
D026,U-0298,standard,push
D026,U-0299,flexible,pull
D026,U-0300,standard,full_body
D026,U-0301,standard,push
D026,U-0302,standard,push
D026,U-0303,standard,legs
D026,U-0304,flexible,upper
D026,U-0305,intense,legs
D026,U-0306,express,upper
D026,U-0307,flexible,legs
D026,U-0308,standard,push
D026,U-0309,standard,pull
D026,U-0310,standard,push
D026,U-0311,intense,upper
D026,U-0312,flexible,upper
D026,U-0313,flexible,upper
D026,U-0314,flexible,upper
D026,U-0315,flexible,legs
D026,U-0316,intense,legs
D026,U-0317,flexible,upper
D026,U-0318,standard,pull
D026,U-0319,intense,legs
D026,U-0320,express,pull
D026,U-0321,standard,pull
D026,U-0322,express,upper
D026,U-0323,standard,upper
D026,U-0324,express,pull
D026,U-0325,intense,full_body
D026,U-0326,standard,upper
D026,U-0327,flexible,push
D026,U-0328,express,full_body
D026,U-0329,intense,pull
D026,U-0330,intense,push
D026,U-0331,standard,pull
D026,U-0332,standard,legs
D026,U-0333,standard,legs
D026,U-0334,standard,upper
D026,U-0335,flexible,pull
D026,U-0336,flexible,upper
D026,U-0337,intense,legs
D026,U-0338,intense,legs
D026,U-0339,intense,pull
D026,U-0340,standard,full_body
D026,U-0341,intense,pull
D026,U-0342,standard,pull
D026,U-0343,intense,legs
D026,U-0344,standard,upper
D026,U-0345,express,upper
D026,U-0346,intense,legs
D026,U-0347,standard,pull
D026,U-0348,intense,legs
D026,U-0349,flexible,upper
D026,U-0350,flexible,push
D026,U-0351,intense,push
D026,U-0352,express,legs
D026,U-0353,flexible,upper
D026,U-0354,intense,legs
D026,U-0355,flexible,pull
D026,U-0356,express,push
D026,U-0357,express,pull
D026,U-0358,standard,upper
D026,U-0359,flexible,pull
D026,U-0360,intense,push
D026,U-0361,standard,push
D026,U-0362,intense,upper
D026,U-0363,standard,legs
D026,U-0364,standard,push
D026,U-0365,standard,pull
D026,U-0366,flexible,pull
D026,U-0367,intense,legs
D026,U-0368,express,pull
D027,U-0001,standard,upper
D027,U-0002,intense,legs
D027,U-0003,express,legs
D027,U-0004,intense,upper
D027,U-0005,intense,push
D027,U-0006,flexible,full_body
D027,U-0007,intense,legs
D027,U-0008,standard,push
D027,U-0009,express,legs
D027,U-0010,intense,push
D027,U-0011,express,push
D027,U-0012,intense,upper
D027,U-0013,flexible,legs
D027,U-0014,flexible,full_body
D027,U-0015,intense,legs
D027,U-0016,intense,pull
D027,U-0017,flexible,upper
D027,U-0018,flexible,pull
D027,U-0019,standard,legs
D027,U-0020,intense,pull
D027,U-0021,standard,pull
D027,U-0022,intense,pull
D027,U-0023,express,pull
D027,U-0024,standard,upper
D027,U-0025,flexible,full_body
D027,U-0026,standard,push
D027,U-0027,intense,legs
D027,U-0028,standard,pull
D027,U-0029,flexible,pull
D027,U-0030,standard,upper
D027,U-0031,standard,pull
D027,U-0032,intense,push
D027,U-0033,express,legs
D027,U-0034,standard,legs
D027,U-0035,flexible,full_body
D027,U-0036,standard,push
D027,U-0037,flexible,full_body
D027,U-0038,flexible,pull
D027,U-0039,standard,pull
D027,U-0040,intense,pull
D027,U-0041,flexible,pull
D027,U-0042,intense,push
D027,U-0043,flexible,full_body
D027,U-0044,flexible,full_body
D027,U-0045,express,upper
D027,U-0046,standard,legs
D027,U-0047,intense,push
D027,U-0048,standard,pull
D027,U-0049,express,pull
D027,U-0050,flexible,upper
D027,U-0051,intense,pull
D027,U-0052,flexible,pull
D027,U-0053,standard,upper
D027,U-0054,flexible,upper
D027,U-0055,standard,legs
D027,U-0056,intense,upper
D027,U-0057,standard,push
D027,U-0058,standard,pull
D027,U-0059,intense,push
D027,U-0060,intense,push
D027,U-0061,express,pull
D027,U-0062,flexible,full_body
D027,U-0063,standard,upper
D027,U-0064,express,legs
D027,U-0065,express,legs
D027,U-0066,intense,push
D027,U-0067,flexible,full_body
D027,U-0068,standard,full_body
D027,U-0069,flexible,upper
D027,U-0070,standard,upper
D027,U-0071,standard,upper
D027,U-0072,intense,push
D027,U-0073,intense,pull
D027,U-0074,standard,push
D027,U-0075,flexible,push
D027,U-0076,flexible,pull
D027,U-0077,intense,legs
D027,U-0078,flexible,push
D027,U-0079,standard,full_body
D027,U-0080,standard,push
D027,U-0081,standard,push
D027,U-0082,flexible,legs
D027,U-0083,intense,legs
D027,U-0084,standard,upper
D027,U-0085,standard,legs
D027,U-0086,standard,upper
D027,U-0087,express,push
D027,U-0088,intense,upper
D027,U-0089,intense,legs
D027,U-0090,flexible,pull
D027,U-0091,standard,upper
D027,U-0092,standard,full_body
D027,U-0093,intense,upper
D027,U-0094,flexible,legs
D027,U-0095,flexible,pull
D027,U-0096,standard,pull
D027,U-0097,express,legs
D027,U-0098,flexible,full_body
D027,U-0099,standard,push
D027,U-0100,flexible,legs
D027,U-0101,intense,full_body
D027,U-0102,intense,legs
D027,U-0103,intense,push
D027,U-0104,standard,push
D027,U-0105,flexible,push
D027,U-0106,flexible,legs
D027,U-0107,flexible,push
D027,U-0108,standard,pull
D027,U-0109,intense,upper
D027,U-0110,flexible,push
D027,U-0111,flexible,full_body
D027,U-0112,intense,pull
D027,U-0113,standard,upper
D027,U-0114,flexible,push
D027,U-0115,standard,upper
D027,U-0116,intense,legs
D027,U-0117,flexible,full_body
D027,U-0118,intense,full_body
D027,U-0119,intense,legs
D027,U-0120,standard,legs
D027,U-0121,flexible,legs
D027,U-0122,flexible,full_body
D027,U-0123,express,upper
D027,U-0124,standard,push
D027,U-0125,standard,full_body
D027,U-0126,standard,full_body
D027,U-0127,intense,push
D027,U-0128,intense,push
D027,U-0129,standard,upper
D027,U-0130,standard,pull
D027,U-0131,intense,upper
D027,U-0132,flexible,upper
D027,U-0133,express,pull
D027,U-0134,express,legs
D027,U-0135,flexible,legs
D027,U-0136,standard,full_body
D027,U-0137,express,legs
D027,U-0138,standard,upper
D027,U-0139,intense,upper
D027,U-0140,flexible,full_body
D027,U-0141,intense,legs
D027,U-0142,flexible,upper
D027,U-0143,flexible,full_body
D027,U-0144,standard,upper
D027,U-0145,flexible,pull
D027,U-0146,flexible,push
D027,U-0147,express,pull
D027,U-0148,flexible,full_body
D027,U-0149,standard,full_body
D027,U-0150,standard,push
D027,U-0151,flexible,push
D027,U-0152,standard,pull
D027,U-0153,standard,upper
D027,U-0154,flexible,upper
D027,U-0155,standard,pull
D027,U-0156,intense,legs
D027,U-0157,flexible,pull
D027,U-0158,standard,push
D027,U-0159,express,upper
D027,U-0160,standard,upper
D027,U-0161,standard,pull
D027,U-0162,standard,full_body
D027,U-0163,intense,pull
D027,U-0164,intense,push
D027,U-0165,flexible,legs
D027,U-0166,flexible,pull
D027,U-0167,intense,pull
D027,U-0168,intense,legs
D027,U-0169,flexible,push
D027,U-0170,standard,upper
D027,U-0171,standard,push
D027,U-0172,intense,legs
D027,U-0173,intense,full_body
D027,U-0174,intense,push
D027,U-0175,flexible,full_body
D027,U-0176,express,upper
D027,U-0177,flexible,upper
D027,U-0178,express,push
D027,U-0179,flexible,upper
D027,U-0180,flexible,push
D027,U-0181,express,upper
D027,U-0182,intense,legs
D027,U-0183,intense,push
D027,U-0184,intense,push
D027,U-0185,standard,legs
D027,U-0186,flexible,legs
D027,U-0187,intense,pull
D027,U-0188,intense,pull
D027,U-0189,standard,pull
D027,U-0190,standard,upper
D027,U-0191,standard,upper
D027,U-0192,intense,legs
D027,U-0193,flexible,full_body
D027,U-0194,flexible,push
D027,U-0195,standard,push
D027,U-0196,flexible,pull
D027,U-0197,flexible,pull
D027,U-0198,intense,push
D027,U-0199,flexible,legs
D027,U-0200,standard,upper
D027,U-0201,intense,full_body
D027,U-0202,express,legs
D027,U-0203,standard,legs
D027,U-0204,intense,pull
D027,U-0205,standard,push
D027,U-0206,intense,legs
D027,U-0207,express,full_body
D027,U-0208,intense,push
D027,U-0209,express,push
D027,U-0210,standard,pull
D027,U-0211,express,push
D027,U-0212,express,upper
D027,U-0213,standard,pull
D027,U-0214,express,upper
D027,U-0215,express,upper
D027,U-0216,intense,legs
D027,U-0217,intense,full_body
D027,U-0218,intense,legs
D027,U-0219,intense,push
D027,U-0220,standard,pull
D027,U-0221,standard,upper
D027,U-0222,express,upper
D027,U-0223,intense,pull
D027,U-0224,standard,full_body
D027,U-0225,express,pull
D027,U-0226,flexible,upper
D027,U-0227,flexible,legs
D027,U-0228,flexible,pull
D027,U-0229,standard,pull
D027,U-0230,standard,upper
D027,U-0231,flexible,push
D027,U-0232,flexible,legs
D027,U-0233,flexible,pull
D027,U-0234,express,legs
D027,U-0235,flexible,push
D027,U-0236,intense,upper
D027,U-0237,express,upper
D027,U-0238,standard,legs
D027,U-0239,standard,legs
D027,U-0240,express,pull
D027,U-0241,express,push
D027,U-0242,flexible,upper
D027,U-0243,standard,pull
D027,U-0244,standard,legs
D027,U-0245,flexible,legs
D027,U-0246,flexible,pull
D027,U-0247,standard,pull
D027,U-0248,flexible,upper
D027,U-0249,intense,legs
D027,U-0250,flexible,legs
D027,U-0251,standard,upper
D027,U-0252,flexible,full_body
D027,U-0253,intense,legs
D027,U-0254,flexible,pull
D027,U-0255,flexible,push
D027,U-0256,standard,upper
D027,U-0257,express,pull
D027,U-0258,flexible,full_body
D027,U-0259,flexible,push
D027,U-0260,standard,push
D027,U-0261,intense,push
D027,U-0262,intense,full_body
D027,U-0263,flexible,legs
D027,U-0264,flexible,upper
D027,U-0265,intense,upper
D027,U-0266,flexible,upper
D027,U-0267,flexible,upper
D027,U-0268,standard,upper
D027,U-0269,flexible,full_body
D027,U-0270,standard,upper
D027,U-0271,standard,push
D027,U-0272,flexible,legs
D027,U-0273,intense,push
D027,U-0274,intense,pull
D027,U-0275,standard,full_body
D027,U-0276,intense,push
D027,U-0277,express,upper
D027,U-0278,express,legs
D027,U-0279,standard,legs
D027,U-0280,standard,pull
D027,U-0281,intense,push
D027,U-0282,standard,upper
D027,U-0283,intense,pull
D027,U-0284,standard,push
D027,U-0285,flexible,upper
D027,U-0286,flexible,upper
D027,U-0287,standard,upper
D027,U-0288,intense,push
D027,U-0289,flexible,legs
D027,U-0290,intense,pull
D027,U-0291,standard,upper
D027,U-0292,intense,pull
D027,U-0293,flexible,upper
D027,U-0294,flexible,push
D027,U-0295,express,pull
D027,U-0296,standard,legs
D027,U-0297,intense,full_body
D027,U-0298,flexible,upper
D027,U-0299,express,pull
D027,U-0300,standard,legs
D027,U-0301,flexible,legs
D027,U-0302,standard,pull
D027,U-0303,flexible,pull
D027,U-0304,intense,upper
D027,U-0305,standard,full_body
D027,U-0306,intense,pull
D027,U-0307,standard,upper
D027,U-0308,standard,legs
D027,U-0309,standard,full_body
D027,U-0310,express,upper
D027,U-0311,intense,full_body
D027,U-0312,standard,push
D027,U-0313,express,pull
D027,U-0314,flexible,pull
D027,U-0315,express,push
D027,U-0316,flexible,upper
D027,U-0317,flexible,upper
D027,U-0318,flexible,pull
D027,U-0319,standard,push
D027,U-0320,intense,full_body
D027,U-0321,intense,push
D027,U-0322,standard,legs
D027,U-0323,flexible,upper
D027,U-0324,flexible,push
D027,U-0325,standard,full_body
D027,U-0326,standard,push
D027,U-0327,standard,pull
D027,U-0328,flexible,full_body
D027,U-0329,flexible,upper
D027,U-0330,express,upper
D027,U-0331,standard,legs
D027,U-0332,standard,upper
D027,U-0333,standard,full_body
D027,U-0334,flexible,upper
D027,U-0335,intense,legs
D027,U-0336,standard,legs
D027,U-0337,flexible,upper
D027,U-0338,intense,legs
D027,U-0339,intense,full_body
D027,U-0340,standard,pull
D027,U-0341,intense,upper
D027,U-0342,standard,upper
D027,U-0343,express,upper
D027,U-0344,intense,push
D027,U-0345,flexible,upper
D027,U-0346,intense,full_body
D027,U-0347,intense,legs
D027,U-0348,flexible,push
D027,U-0349,intense,legs
D027,U-0350,express,push
D027,U-0351,flexible,upper
D027,U-0352,intense,pull
D027,U-0353,intense,pull
D027,U-0354,intense,legs
D027,U-0355,standard,upper
D027,U-0356,intense,legs
D027,U-0357,flexible,upper
D027,U-0358,flexible,legs
D027,U-0359,flexible,pull
D027,U-0360,flexible,full_body
D027,U-0361,intense,legs
D027,U-0362,standard,push
D027,U-0363,standard,push
D027,U-0364,standard,pull
D027,U-0365,flexible,pull
D027,U-0366,standard,push
D027,U-0367,express,push
D027,U-0368,flexible,push
D027,U-0369,intense,legs
D027,U-0370,standard,push
D027,U-0371,standard,upper
D027,U-0372,standard,push
D027,U-0373,standard,upper
D027,U-0374,standard,legs
D027,U-0375,express,pull
D027,U-0376,intense,push
D027,U-0377,flexible,upper
D027,U-0378,standard,legs
D027,U-0379,express,pull
D027,U-0380,intense,upper
D027,U-0381,express,upper
D027,U-0382,standard,upper
D027,U-0383,standard,pull
D027,U-0384,flexible,push
D027,U-0385,express,push
D027,U-0386,intense,push
D028,U-0001,flexible,upper
D028,U-0002,standard,upper
D028,U-0003,intense,full_body
D028,U-0004,standard,full_body
D028,U-0005,intense,upper
D028,U-0006,flexible,push
D028,U-0007,intense,push
D028,U-0008,flexible,upper
D028,U-0009,flexible,upper
D028,U-0010,intense,upper
D028,U-0011,standard,upper
D028,U-0012,standard,upper
D028,U-0013,flexible,legs
D028,U-0014,standard,upper
D028,U-0015,flexible,upper
D028,U-0016,intense,upper
D028,U-0017,intense,upper
D028,U-0018,intense,push
D028,U-0019,flexible,pull
D028,U-0020,intense,pull
D028,U-0021,standard,upper
D028,U-0022,intense,pull
D028,U-0023,flexible,upper
D028,U-0024,flexible,upper
D028,U-0025,standard,pull
D028,U-0026,standard,upper
D028,U-0027,intense,push
D028,U-0028,intense,legs
D028,U-0029,intense,legs
D028,U-0030,standard,legs
D028,U-0031,flexible,legs
D028,U-0032,intense,push
D028,U-0033,intense,upper
D028,U-0034,standard,pull
D028,U-0035,intense,legs
D028,U-0036,standard,legs
D028,U-0037,express,legs
D028,U-0038,intense,push
D028,U-0039,flexible,upper
D028,U-0040,flexible,upper
D028,U-0041,intense,pull
D028,U-0042,intense,push
D028,U-0043,flexible,full_body
D028,U-0044,standard,full_body
D028,U-0045,flexible,upper
D028,U-0046,standard,full_body
D028,U-0047,express,upper
D028,U-0048,express,pull
D028,U-0049,flexible,upper
D028,U-0050,intense,push
D028,U-0051,intense,upper
D028,U-0052,flexible,full_body
D028,U-0053,standard,pull
D028,U-0054,intense,push
D028,U-0055,intense,legs
D028,U-0056,flexible,pull
D028,U-0057,flexible,full_body
D028,U-0058,intense,legs
D028,U-0059,standard,pull
D028,U-0060,intense,full_body
D028,U-0061,express,push
D028,U-0062,standard,legs
D028,U-0063,intense,pull
D028,U-0064,standard,full_body
D028,U-0065,express,full_body
D028,U-0066,express,push
D028,U-0067,intense,upper
D028,U-0068,intense,upper
D028,U-0069,standard,upper
D028,U-0070,express,upper
D028,U-0071,standard,pull
D028,U-0072,standard,full_body
D028,U-0073,express,upper
D028,U-0074,intense,push
D028,U-0075,express,pull
D028,U-0076,standard,push
D028,U-0077,standard,push
D028,U-0078,standard,push
D028,U-0079,standard,full_body
D028,U-0080,flexible,pull
D028,U-0081,flexible,full_body
D028,U-0082,intense,upper
D028,U-0083,flexible,full_body
D028,U-0084,flexible,push
D028,U-0085,express,push
D028,U-0086,standard,pull
D028,U-0087,intense,legs
D028,U-0088,standard,full_body
D028,U-0089,flexible,pull
D028,U-0090,standard,upper
D028,U-0091,intense,legs
D028,U-0092,express,pull
D028,U-0093,express,full_body
D028,U-0094,standard,legs
D028,U-0095,flexible,push
D028,U-0096,standard,push
D028,U-0097,standard,full_body
D028,U-0098,intense,pull
D028,U-0099,intense,push
D028,U-0100,express,push
D028,U-0101,flexible,upper
D028,U-0102,standard,upper
D028,U-0103,flexible,full_body
D028,U-0104,flexible,upper
D028,U-0105,flexible,pull
D028,U-0106,standard,full_body
D028,U-0107,standard,upper
D028,U-0108,intense,push
D028,U-0109,standard,push
D028,U-0110,flexible,push
D028,U-0111,flexible,full_body
D028,U-0112,express,legs
D028,U-0113,flexible,upper
D028,U-0114,standard,upper
D028,U-0115,intense,upper
D028,U-0116,flexible,push
D028,U-0117,express,legs
D028,U-0118,flexible,full_body
D028,U-0119,standard,pull
D028,U-0120,flexible,full_body
D028,U-0121,standard,legs
D028,U-0122,standard,upper
D028,U-0123,intense,pull
D028,U-0124,flexible,push
D028,U-0125,intense,push
D028,U-0126,intense,push
D028,U-0127,flexible,full_body
D028,U-0128,express,pull
D028,U-0129,flexible,full_body
D028,U-0130,intense,pull
D028,U-0131,standard,upper
D028,U-0132,flexible,upper
D028,U-0133,express,pull
D028,U-0134,standard,legs
D028,U-0135,flexible,pull
D028,U-0136,flexible,full_body
D028,U-0137,standard,push
D028,U-0138,intense,pull
D028,U-0139,flexible,upper
D028,U-0140,standard,upper
D028,U-0141,standard,push
D028,U-0142,intense,pull
D028,U-0143,standard,push
D028,U-0144,intense,full_body
D028,U-0145,express,pull
D028,U-0146,flexible,full_body
D028,U-0147,express,pull
D028,U-0148,intense,legs
D028,U-0149,intense,push
D028,U-0150,standard,pull
D028,U-0151,standard,legs
D028,U-0152,express,full_body
D028,U-0153,intense,pull
D028,U-0154,flexible,full_body
D028,U-0155,standard,legs
D028,U-0156,flexible,upper
D028,U-0157,express,push
D028,U-0158,flexible,upper
D028,U-0159,intense,legs
D028,U-0160,intense,legs
D028,U-0161,intense,pull
D028,U-0162,flexible,legs
D028,U-0163,flexible,legs
D028,U-0164,intense,full_body
D028,U-0165,flexible,upper
D028,U-0166,flexible,legs
D028,U-0167,standard,full_body
D028,U-0168,flexible,legs
D028,U-0169,express,full_body
D028,U-0170,intense,pull
D028,U-0171,standard,upper
D028,U-0172,flexible,upper
D028,U-0173,express,upper
D028,U-0174,express,upper
D028,U-0175,flexible,legs
D028,U-0176,flexible,upper
D028,U-0177,standard,full_body
D028,U-0178,standard,full_body
D028,U-0179,express,upper
D028,U-0180,intense,push
D028,U-0181,intense,push
D028,U-0182,flexible,pull
D028,U-0183,express,upper
D028,U-0184,express,upper
D028,U-0185,intense,push
D028,U-0186,standard,full_body
D028,U-0187,standard,full_body
D028,U-0188,intense,full_body
D028,U-0189,intense,full_body
D028,U-0190,standard,legs
D028,U-0191,intense,legs
D028,U-0192,flexible,legs
D028,U-0193,standard,legs
D028,U-0194,intense,legs
D028,U-0195,express,legs
D028,U-0196,standard,upper
D028,U-0197,intense,pull
D028,U-0198,express,legs
D028,U-0199,standard,full_body
D028,U-0200,standard,pull
D028,U-0201,standard,full_body
D028,U-0202,standard,upper
D028,U-0203,standard,upper
D028,U-0204,flexible,legs
D028,U-0205,express,pull
D028,U-0206,standard,legs
D028,U-0207,intense,full_body
D028,U-0208,intense,pull
D028,U-0209,intense,legs
D028,U-0210,express,legs
D028,U-0211,flexible,full_body
D028,U-0212,standard,push
D028,U-0213,standard,pull
D028,U-0214,intense,push
D028,U-0215,flexible,full_body
D028,U-0216,standard,full_body
D028,U-0217,standard,upper
D028,U-0218,flexible,upper
D028,U-0219,flexible,upper
D028,U-0220,flexible,push
D028,U-0221,flexible,full_body
D028,U-0222,flexible,upper
D028,U-0223,flexible,legs
D028,U-0224,standard,push
D028,U-0225,flexible,upper
D028,U-0226,express,push
D028,U-0227,intense,upper
D028,U-0228,flexible,upper
D028,U-0229,express,pull
D028,U-0230,flexible,upper
D028,U-0231,flexible,legs
D028,U-0232,intense,upper
D028,U-0233,standard,legs
D028,U-0234,standard,push
D028,U-0235,flexible,legs
D028,U-0236,express,pull
D028,U-0237,standard,upper
D028,U-0238,standard,push
D028,U-0239,standard,push
D028,U-0240,standard,pull
D028,U-0241,express,upper
D028,U-0242,flexible,pull
D028,U-0243,flexible,upper
D028,U-0244,intense,push
D028,U-0245,flexible,upper
D028,U-0246,flexible,pull
D028,U-0247,flexible,legs
D028,U-0248,standard,legs
D028,U-0249,standard,upper
D028,U-0250,intense,legs
D028,U-0251,intense,push
D028,U-0252,standard,legs
D028,U-0253,express,full_body
D028,U-0254,standard,legs
D028,U-0255,flexible,legs
D028,U-0256,flexible,upper
D028,U-0257,express,pull
D028,U-0258,express,push
D028,U-0259,intense,push
D028,U-0260,intense,legs
D028,U-0261,express,push
D028,U-0262,standard,legs
D028,U-0263,flexible,full_body
D028,U-0264,intense,legs
D028,U-0265,intense,pull
D028,U-0266,flexible,pull
D028,U-0267,express,push
D028,U-0268,flexible,pull
D028,U-0269,intense,push
D028,U-0270,intense,full_body
D028,U-0271,standard,pull
D028,U-0272,standard,upper
D028,U-0273,flexible,full_body
D028,U-0274,flexible,push
D028,U-0275,intense,push
D028,U-0276,flexible,full_body
D028,U-0277,flexible,push
D028,U-0278,flexible,upper
D028,U-0279,intense,push
D028,U-0280,express,pull
D028,U-0281,standard,upper
D028,U-0282,standard,legs
D028,U-0283,standard,full_body
D028,U-0284,intense,full_body
D028,U-0285,flexible,push
D028,U-0286,flexible,upper
D028,U-0287,flexible,push
D028,U-0288,flexible,pull
D028,U-0289,standard,legs
D028,U-0290,flexible,pull
D028,U-0291,standard,legs
D028,U-0292,intense,push
D028,U-0293,flexible,push
D028,U-0294,express,pull
D028,U-0295,express,full_body
D028,U-0296,express,push
D028,U-0297,standard,upper
D028,U-0298,intense,legs
D028,U-0299,flexible,pull
D028,U-0300,intense,push
D028,U-0301,flexible,upper
D028,U-0302,flexible,full_body
D028,U-0303,intense,pull
D028,U-0304,standard,upper
D028,U-0305,standard,legs
D028,U-0306,standard,pull
D028,U-0307,flexible,full_body
D028,U-0308,intense,legs
D028,U-0309,standard,upper
D028,U-0310,express,pull
D028,U-0311,standard,pull
D028,U-0312,intense,pull
D028,U-0313,standard,push
D028,U-0314,express,pull
D028,U-0315,flexible,full_body
D028,U-0316,intense,legs
D028,U-0317,express,legs
D028,U-0318,standard,full_body
D028,U-0319,flexible,pull
D028,U-0320,intense,pull
D028,U-0321,express,upper
D028,U-0322,express,legs
D028,U-0323,intense,upper
D028,U-0324,standard,upper
D028,U-0325,intense,push
D028,U-0326,standard,upper
D028,U-0327,intense,legs
D028,U-0328,standard,upper
D028,U-0329,express,push
D028,U-0330,standard,upper
D028,U-0331,intense,legs
D028,U-0332,express,legs
D028,U-0333,intense,upper
D028,U-0334,intense,legs
D028,U-0335,flexible,legs
D028,U-0336,flexible,upper
D028,U-0337,flexible,full_body
D028,U-0338,express,pull
D028,U-0339,intense,legs
D028,U-0340,intense,upper
D028,U-0341,express,pull
D028,U-0342,flexible,upper
D028,U-0343,intense,legs
D028,U-0344,intense,pull
D028,U-0345,express,legs
D028,U-0346,standard,full_body
D028,U-0347,standard,push
D028,U-0348,intense,legs
D028,U-0349,standard,legs
D028,U-0350,express,legs
D028,U-0351,flexible,upper
D028,U-0352,express,push
D028,U-0353,express,pull
D028,U-0354,flexible,upper
D028,U-0355,express,legs
D028,U-0356,flexible,full_body
D028,U-0357,standard,upper
D028,U-0358,flexible,upper
D028,U-0359,intense,pull
D028,U-0360,standard,push
D028,U-0361,standard,push
D028,U-0362,flexible,pull
D028,U-0363,express,push
D028,U-0364,intense,upper
D028,U-0365,flexible,upper
D028,U-0366,intense,pull
D028,U-0367,standard,push
D028,U-0368,express,legs
D028,U-0369,flexible,upper
D028,U-0370,intense,pull
D028,U-0371,intense,pull
D028,U-0372,intense,legs
D028,U-0373,flexible,pull
D028,U-0374,intense,pull
D028,U-0375,express,push
D028,U-0376,intense,pull
D028,U-0377,intense,legs
D028,U-0378,standard,legs
D028,U-0379,standard,full_body
D028,U-0380,flexible,full_body
D028,U-0381,express,push
D028,U-0382,flexible,push
D028,U-0383,express,push
D028,U-0384,standard,push
D028,U-0385,intense,full_body
D028,U-0386,flexible,upper
D028,U-0387,standard,pull
D028,U-0388,intense,upper
D028,U-0389,flexible,upper
D028,U-0390,flexible,upper
D028,U-0391,express,upper
D028,U-0392,flexible,upper
D028,U-0393,express,upper
D029,U-0001,standard,upper
D029,U-0002,intense,pull
D029,U-0003,flexible,legs
D029,U-0004,flexible,upper
D029,U-0005,flexible,upper
D029,U-0006,flexible,upper
D029,U-0007,express,pull
D029,U-0008,standard,upper
D029,U-0009,express,legs
D029,U-0010,intense,push
D029,U-0011,flexible,upper
D029,U-0012,flexible,pull
D029,U-0013,standard,full_body
D029,U-0014,intense,push
D029,U-0015,standard,legs
D029,U-0016,standard,pull
D029,U-0017,flexible,full_body
D029,U-0018,intense,push
D029,U-0019,express,legs
D029,U-0020,standard,full_body
D029,U-0021,flexible,legs
D029,U-0022,flexible,full_body
D029,U-0023,standard,full_body
D029,U-0024,intense,push
D029,U-0025,intense,upper
D029,U-0026,flexible,full_body
D029,U-0027,flexible,full_body
D029,U-0028,flexible,full_body
D029,U-0029,standard,full_body
D029,U-0030,flexible,legs
D029,U-0031,standard,pull
D029,U-0032,intense,full_body
D029,U-0033,intense,upper
D029,U-0034,standard,push
D029,U-0035,standard,pull
D029,U-0036,flexible,upper
D029,U-0037,intense,push
D029,U-0038,express,push
D029,U-0039,express,upper
D029,U-0040,standard,legs
D029,U-0041,standard,upper
D029,U-0042,flexible,full_body
D029,U-0043,standard,legs
D029,U-0044,express,upper
D029,U-0045,intense,pull
D029,U-0046,standard,pull
D029,U-0047,standard,full_body
D029,U-0048,standard,pull
D029,U-0049,standard,pull
D029,U-0050,express,full_body
D029,U-0051,flexible,push
D029,U-0052,flexible,pull
D029,U-0053,intense,upper
D029,U-0054,intense,upper
D029,U-0055,flexible,full_body
D029,U-0056,flexible,pull
D029,U-0057,express,legs
D029,U-0058,express,push
D029,U-0059,express,full_body
D029,U-0060,intense,push
D029,U-0061,flexible,upper
D029,U-0062,intense,legs
D029,U-0063,flexible,legs
D029,U-0064,flexible,push
D029,U-0065,express,full_body
D029,U-0066,intense,upper
D029,U-0067,flexible,upper
D029,U-0068,flexible,push
D029,U-0069,intense,upper
D029,U-0070,flexible,upper
D029,U-0071,express,full_body
D029,U-0072,flexible,full_body
D029,U-0073,intense,push
D029,U-0074,standard,legs
D029,U-0075,intense,pull
D029,U-0076,intense,upper
D029,U-0077,flexible,full_body
D029,U-0078,intense,push
D029,U-0079,intense,pull
D029,U-0080,standard,legs
D029,U-0081,flexible,upper
D029,U-0082,intense,pull
D029,U-0083,standard,push
D029,U-0084,intense,pull
D029,U-0085,express,full_body
D029,U-0086,flexible,pull
D029,U-0087,intense,pull
D029,U-0088,flexible,full_body
D029,U-0089,standard,legs
D029,U-0090,flexible,push
D029,U-0091,standard,upper
D029,U-0092,intense,push
D029,U-0093,intense,push
D029,U-0094,express,legs
D029,U-0095,standard,legs
D029,U-0096,express,legs
D029,U-0097,intense,legs
D029,U-0098,intense,upper
D029,U-0099,flexible,full_body
D029,U-0100,standard,legs
D029,U-0101,flexible,push
D029,U-0102,flexible,legs
D029,U-0103,flexible,full_body
D029,U-0104,intense,pull
D029,U-0105,standard,push
D029,U-0106,express,push
D029,U-0107,flexible,upper
D029,U-0108,flexible,legs
D029,U-0109,intense,legs
D029,U-0110,flexible,push
D029,U-0111,intense,push
D029,U-0112,express,push
D029,U-0113,express,push
D029,U-0114,standard,pull
D029,U-0115,flexible,full_body
D029,U-0116,express,legs
D029,U-0117,express,legs
D029,U-0118,standard,pull
D029,U-0119,flexible,legs
D029,U-0120,flexible,push
D029,U-0121,standard,legs
D029,U-0122,intense,pull
D029,U-0123,flexible,upper
D029,U-0124,standard,full_body
D029,U-0125,flexible,pull
D029,U-0126,standard,legs
D029,U-0127,standard,upper
D029,U-0128,standard,upper
D029,U-0129,standard,legs
D029,U-0130,flexible,legs
D029,U-0131,intense,legs
D029,U-0132,intense,full_body
D029,U-0133,standard,legs
D029,U-0134,standard,full_body
D029,U-0135,intense,legs
D029,U-0136,express,legs
D029,U-0137,standard,full_body
D029,U-0138,standard,upper
D029,U-0139,intense,push
D029,U-0140,standard,push
D029,U-0141,standard,upper
D029,U-0142,standard,push
D029,U-0143,flexible,legs
D029,U-0144,intense,push
D029,U-0145,flexible,upper
D029,U-0146,flexible,push
D029,U-0147,flexible,upper
D029,U-0148,standard,push
D029,U-0149,standard,pull
D029,U-0150,standard,pull
D029,U-0151,express,push
D029,U-0152,intense,pull
D029,U-0153,standard,push
D029,U-0154,standard,pull
D029,U-0155,intense,push
D029,U-0156,intense,legs
D029,U-0157,intense,push
D029,U-0158,standard,push
D029,U-0159,standard,full_body
D029,U-0160,express,push
D029,U-0161,standard,push
D029,U-0162,intense,push
D029,U-0163,standard,full_body
D029,U-0164,express,upper
D029,U-0165,flexible,full_body
D029,U-0166,flexible,push
D029,U-0167,standard,push
D029,U-0168,flexible,legs
D029,U-0169,flexible,pull
D029,U-0170,flexible,upper
D029,U-0171,standard,full_body
D029,U-0172,flexible,upper
D029,U-0173,intense,upper
D029,U-0174,express,upper
D029,U-0175,intense,legs
D029,U-0176,standard,legs
D029,U-0177,express,full_body
D029,U-0178,intense,pull
D029,U-0179,flexible,pull
D029,U-0180,standard,upper
D029,U-0181,express,pull
D029,U-0182,standard,legs
D029,U-0183,intense,push
D029,U-0184,standard,push
D029,U-0185,flexible,push
D029,U-0186,intense,push
D029,U-0187,flexible,upper
D029,U-0188,flexible,push
D029,U-0189,intense,legs
D029,U-0190,flexible,full_body
D029,U-0191,intense,legs
D029,U-0192,flexible,pull
D029,U-0193,intense,legs
D029,U-0194,standard,push
D029,U-0195,flexible,push
D029,U-0196,express,push
D029,U-0197,express,pull
D029,U-0198,intense,legs
D029,U-0199,flexible,upper
D029,U-0200,standard,pull
D029,U-0201,standard,full_body
D029,U-0202,standard,upper
D029,U-0203,standard,pull
D029,U-0204,standard,pull
D029,U-0205,intense,upper
D029,U-0206,standard,upper
D029,U-0207,intense,pull
D029,U-0208,standard,upper
D029,U-0209,intense,pull
D029,U-0210,flexible,full_body
D029,U-0211,intense,full_body
D029,U-0212,standard,legs
D029,U-0213,flexible,full_body
D029,U-0214,standard,full_body
D029,U-0215,standard,pull
D029,U-0216,express,upper
D029,U-0217,express,upper
D029,U-0218,flexible,push
D029,U-0219,intense,legs
D029,U-0220,express,push
D029,U-0221,standard,upper
D029,U-0222,flexible,legs
D029,U-0223,standard,upper
D029,U-0224,express,pull
D029,U-0225,flexible,pull
D029,U-0226,express,full_body
D029,U-0227,standard,upper
D029,U-0228,flexible,upper
D029,U-0229,intense,push
D029,U-0230,intense,pull
D029,U-0231,intense,legs
D029,U-0232,flexible,legs
D029,U-0233,standard,upper
D029,U-0234,standard,push
D029,U-0235,flexible,full_body
D029,U-0236,express,upper
D029,U-0237,standard,legs
D029,U-0238,express,full_body
D029,U-0239,flexible,full_body
D029,U-0240,standard,pull
D029,U-0241,flexible,upper
D029,U-0242,express,upper
D029,U-0243,express,legs
D029,U-0244,flexible,pull
D029,U-0245,intense,pull
D029,U-0246,express,full_body
D029,U-0247,flexible,pull
D029,U-0248,standard,legs
D029,U-0249,express,upper
D029,U-0250,intense,legs
D029,U-0251,express,legs
D029,U-0252,flexible,upper
D029,U-0253,intense,pull
D029,U-0254,standard,push
D029,U-0255,standard,pull
D029,U-0256,flexible,upper
D029,U-0257,standard,legs
D029,U-0258,flexible,pull
D029,U-0259,standard,pull
D029,U-0260,standard,pull
D029,U-0261,intense,upper
D029,U-0262,intense,push
D029,U-0263,flexible,upper
D029,U-0264,express,pull
D029,U-0265,standard,pull
D029,U-0266,intense,pull
D029,U-0267,flexible,full_body
D029,U-0268,intense,push
D029,U-0269,express,pull
D029,U-0270,intense,push
D029,U-0271,intense,upper
D029,U-0272,flexible,full_body
D029,U-0273,intense,pull
D029,U-0274,flexible,push
D029,U-0275,standard,pull
D029,U-0276,standard,upper
D029,U-0277,express,full_body
D029,U-0278,standard,push
D029,U-0279,flexible,legs
D029,U-0280,intense,pull
D029,U-0281,flexible,full_body
D029,U-0282,express,legs
D029,U-0283,flexible,push
D029,U-0284,flexible,upper
D029,U-0285,standard,upper
D029,U-0286,intense,pull
D029,U-0287,flexible,legs
D029,U-0288,express,pull
D029,U-0289,intense,upper
D029,U-0290,flexible,full_body
D029,U-0291,intense,pull
D029,U-0292,standard,push
D029,U-0293,express,upper
D029,U-0294,standard,push
D029,U-0295,standard,full_body
D029,U-0296,express,full_body
D029,U-0297,standard,pull
D029,U-0298,standard,upper
D029,U-0299,intense,legs
D029,U-0300,flexible,full_body
D029,U-0301,standard,full_body
D029,U-0302,flexible,push
D029,U-0303,intense,push
D029,U-0304,flexible,upper
D029,U-0305,intense,pull
D029,U-0306,flexible,legs
D029,U-0307,intense,pull
D029,U-0308,intense,push
D029,U-0309,express,push
D029,U-0310,standard,upper
D029,U-0311,flexible,full_body
D029,U-0312,standard,upper
D029,U-0313,intense,legs
D029,U-0314,standard,full_body
D029,U-0315,flexible,push
D029,U-0316,intense,legs
D029,U-0317,express,push
D029,U-0318,intense,full_body
D029,U-0319,intense,push
D029,U-0320,flexible,legs
D029,U-0321,flexible,push
D029,U-0322,intense,upper
D029,U-0323,standard,pull
D029,U-0324,standard,legs
D029,U-0325,flexible,push
D029,U-0326,flexible,full_body
D029,U-0327,standard,legs
D029,U-0328,intense,pull
D029,U-0329,intense,pull
D029,U-0330,flexible,legs
D029,U-0331,express,push
D029,U-0332,express,pull
D029,U-0333,express,full_body
D029,U-0334,intense,legs
D029,U-0335,express,legs
D029,U-0336,intense,pull
D029,U-0337,intense,upper
D029,U-0338,intense,pull
D029,U-0339,flexible,full_body
D029,U-0340,standard,upper
D029,U-0341,flexible,legs
D029,U-0342,standard,push
D029,U-0343,intense,push
D029,U-0344,standard,upper
D029,U-0345,flexible,upper
D029,U-0346,flexible,push
D029,U-0347,standard,upper
D029,U-0348,standard,pull
D029,U-0349,standard,upper
D029,U-0350,express,push
D029,U-0351,express,upper
D029,U-0352,standard,push
D029,U-0353,standard,pull
D029,U-0354,flexible,legs
D029,U-0355,flexible,upper
D029,U-0356,intense,pull
D029,U-0357,intense,pull
D029,U-0358,express,legs
D029,U-0359,standard,push
D029,U-0360,flexible,pull
D029,U-0361,intense,push
D029,U-0362,flexible,push
D029,U-0363,standard,upper
D029,U-0364,express,upper
D029,U-0365,flexible,upper
D029,U-0366,standard,upper
D029,U-0367,standard,pull
D029,U-0368,express,upper
D029,U-0369,standard,legs
D029,U-0370,standard,pull
D029,U-0371,intense,pull
D029,U-0372,intense,push
D029,U-0373,flexible,pull
D029,U-0374,flexible,upper
D029,U-0375,flexible,full_body
D029,U-0376,standard,pull
D029,U-0377,standard,full_body
D029,U-0378,standard,legs
D029,U-0379,standard,push
D029,U-0380,flexible,full_body
D029,U-0381,express,upper
D029,U-0382,intense,push
D029,U-0383,standard,legs
D029,U-0384,express,upper
D029,U-0385,intense,legs
D029,U-0386,flexible,upper
D029,U-0387,intense,upper
D029,U-0388,intense,pull
D029,U-0389,intense,upper
D029,U-0390,intense,pull
D029,U-0391,standard,pull
D029,U-0392,standard,legs
D029,U-0393,standard,legs
D029,U-0394,standard,full_body
D029,U-0395,standard,pull
D029,U-0396,standard,full_body
D029,U-0397,express,upper
D030,U-0001,express,push
D030,U-0002,standard,full_body
D030,U-0003,flexible,legs
D030,U-0004,standard,push
D030,U-0005,express,upper
D030,U-0006,flexible,pull
D030,U-0007,intense,push
D030,U-0008,express,legs
D030,U-0009,intense,legs
D030,U-0010,standard,upper
D030,U-0011,express,full_body
D030,U-0012,express,legs
D030,U-0013,standard,upper
D030,U-0014,intense,upper
D030,U-0015,standard,push
D030,U-0016,flexible,legs
D030,U-0017,intense,upper
D030,U-0018,standard,pull
D030,U-0019,flexible,full_body
D030,U-0020,express,upper
D030,U-0021,standard,legs
D030,U-0022,flexible,push
D030,U-0023,flexible,full_body
D030,U-0024,flexible,legs
D030,U-0025,flexible,upper
D030,U-0026,flexible,upper
D030,U-0027,flexible,upper
D030,U-0028,express,upper
D030,U-0029,express,pull
D030,U-0030,standard,upper
D030,U-0031,standard,pull
D030,U-0032,express,upper
D030,U-0033,standard,pull
D030,U-0034,express,pull
D030,U-0035,standard,legs
D030,U-0036,standard,legs
D030,U-0037,flexible,push
D030,U-0038,standard,upper
D030,U-0039,standard,push
D030,U-0040,flexible,upper
D030,U-0041,intense,pull
D030,U-0042,intense,legs
D030,U-0043,intense,full_body
D030,U-0044,express,push
D030,U-0045,intense,legs
D030,U-0046,standard,push
D030,U-0047,express,pull
D030,U-0048,standard,full_body
D030,U-0049,intense,push
D030,U-0050,standard,push
D030,U-0051,standard,push
D030,U-0052,express,pull
D030,U-0053,intense,pull
D030,U-0054,intense,pull
D030,U-0055,flexible,upper
D030,U-0056,intense,upper
D030,U-0057,standard,legs
D030,U-0058,intense,pull
D030,U-0059,intense,push
D030,U-0060,intense,legs
D030,U-0061,standard,pull
D030,U-0062,flexible,push
D030,U-0063,standard,legs
D030,U-0064,intense,full_body
D030,U-0065,flexible,legs
D030,U-0066,standard,full_body
D030,U-0067,flexible,push
D030,U-0068,standard,legs
D030,U-0069,express,legs
D030,U-0070,express,pull
D030,U-0071,standard,legs
D030,U-0072,flexible,full_body
D030,U-0073,express,push
D030,U-0074,flexible,full_body
D030,U-0075,intense,legs
D030,U-0076,standard,upper
D030,U-0077,standard,upper
D030,U-0078,standard,pull
D030,U-0079,standard,full_body
D030,U-0080,express,pull
D030,U-0081,intense,legs
D030,U-0082,intense,push
D030,U-0083,flexible,upper
D030,U-0084,intense,upper
D030,U-0085,standard,full_body
D030,U-0086,intense,pull
D030,U-0087,express,push
D030,U-0088,standard,push
D030,U-0089,flexible,upper
D030,U-0090,intense,push
D030,U-0091,intense,pull
D030,U-0092,intense,legs
D030,U-0093,intense,pull
D030,U-0094,standard,full_body
D030,U-0095,intense,push
D030,U-0096,flexible,legs
D030,U-0097,standard,upper
D030,U-0098,intense,pull
D030,U-0099,intense,legs
D030,U-0100,intense,upper
D030,U-0101,standard,full_body
D030,U-0102,flexible,legs
D030,U-0103,flexible,upper
D030,U-0104,standard,pull
D030,U-0105,intense,push
D030,U-0106,express,upper
D030,U-0107,intense,full_body
D030,U-0108,intense,pull
D030,U-0109,flexible,upper
D030,U-0110,intense,push
D030,U-0111,standard,upper
D030,U-0112,flexible,push
D030,U-0113,flexible,upper
D030,U-0114,intense,pull
D030,U-0115,flexible,upper
D030,U-0116,flexible,full_body
D030,U-0117,standard,full_body
D030,U-0118,flexible,full_body
D030,U-0119,standard,legs
D030,U-0120,intense,upper
D030,U-0121,standard,legs
D030,U-0122,standard,legs
D030,U-0123,standard,full_body
D030,U-0124,flexible,full_body
D030,U-0125,flexible,pull
D030,U-0126,flexible,pull
D030,U-0127,intense,pull
D030,U-0128,express,legs
D030,U-0129,standard,full_body
D030,U-0130,flexible,upper
D030,U-0131,flexible,push
D030,U-0132,standard,pull
D030,U-0133,flexible,legs
D030,U-0134,standard,full_body
D030,U-0135,standard,upper
D030,U-0136,express,full_body
D030,U-0137,standard,legs
D030,U-0138,express,full_body
D030,U-0139,express,legs
D030,U-0140,express,upper
D030,U-0141,intense,legs
D030,U-0142,standard,upper
D030,U-0143,intense,legs
D030,U-0144,express,full_body
D030,U-0145,standard,full_body
D030,U-0146,intense,legs
D030,U-0147,intense,push
D030,U-0148,standard,legs
D030,U-0149,flexible,push
D030,U-0150,standard,push
D030,U-0151,express,upper
D030,U-0152,intense,push
D030,U-0153,flexible,push
D030,U-0154,express,pull
D030,U-0155,express,push
D030,U-0156,flexible,full_body
D030,U-0157,express,pull
D030,U-0158,intense,pull
D030,U-0159,flexible,push
D030,U-0160,intense,pull
D030,U-0161,standard,full_body
D030,U-0162,intense,pull
D030,U-0163,standard,pull
D030,U-0164,intense,upper
D030,U-0165,standard,legs
D030,U-0166,flexible,full_body
D030,U-0167,express,push
D030,U-0168,intense,pull
D030,U-0169,standard,legs
D030,U-0170,flexible,upper
D030,U-0171,express,legs
D030,U-0172,standard,push
D030,U-0173,intense,full_body
D030,U-0174,intense,legs
D030,U-0175,flexible,upper
D030,U-0176,flexible,full_body
D030,U-0177,flexible,pull
D030,U-0178,express,legs
D030,U-0179,express,push
D030,U-0180,intense,legs
D030,U-0181,standard,full_body
D030,U-0182,flexible,push
D030,U-0183,standard,push
D030,U-0184,express,legs
D030,U-0185,intense,upper
D030,U-0186,standard,upper
D030,U-0187,flexible,full_body
D030,U-0188,intense,pull
D030,U-0189,standard,upper
D030,U-0190,intense,pull
D030,U-0191,flexible,full_body
D030,U-0192,flexible,push
D030,U-0193,standard,full_body
D030,U-0194,standard,upper
D030,U-0195,express,push
D030,U-0196,express,full_body
D030,U-0197,flexible,full_body
D030,U-0198,standard,push
D030,U-0199,flexible,pull
D030,U-0200,flexible,pull
D030,U-0201,standard,upper
D030,U-0202,flexible,upper
D030,U-0203,standard,upper
D030,U-0204,flexible,full_body
D030,U-0205,standard,push
D030,U-0206,flexible,upper
D030,U-0207,intense,pull
D030,U-0208,flexible,push
D030,U-0209,standard,pull
D030,U-0210,standard,push
D030,U-0211,standard,upper
D030,U-0212,express,legs
D030,U-0213,express,pull
D030,U-0214,flexible,push
D030,U-0215,intense,full_body
D030,U-0216,intense,push
D030,U-0217,intense,upper
D030,U-0218,standard,upper
D030,U-0219,standard,pull
D030,U-0220,intense,push
D030,U-0221,intense,pull
D030,U-0222,standard,full_body
D030,U-0223,standard,upper
D030,U-0224,flexible,push
D030,U-0225,flexible,upper
D030,U-0226,intense,push
D030,U-0227,flexible,legs
D030,U-0228,flexible,full_body
D030,U-0229,standard,legs
D030,U-0230,flexible,pull
D030,U-0231,standard,upper
D030,U-0232,intense,legs
D030,U-0233,express,upper
D030,U-0234,standard,legs
D030,U-0235,intense,pull
D030,U-0236,express,upper
D030,U-0237,flexible,push
D030,U-0238,express,push
D030,U-0239,intense,push
D030,U-0240,express,full_body
D030,U-0241,standard,upper
D030,U-0242,flexible,upper
D030,U-0243,flexible,upper
D030,U-0244,standard,legs
D030,U-0245,flexible,full_body
D030,U-0246,intense,full_body
D030,U-0247,flexible,upper
D030,U-0248,flexible,upper
D030,U-0249,flexible,legs
D030,U-0250,intense,push
D030,U-0251,intense,push
D030,U-0252,intense,legs
D030,U-0253,intense,full_body
D030,U-0254,intense,legs
D030,U-0255,express,pull
D030,U-0256,intense,upper
D030,U-0257,intense,pull
D030,U-0258,flexible,push
D030,U-0259,intense,pull
D030,U-0260,standard,pull
D030,U-0261,express,full_body
D030,U-0262,intense,pull
D030,U-0263,standard,upper
D030,U-0264,standard,full_body
D030,U-0265,standard,pull
D030,U-0266,intense,pull
D030,U-0267,flexible,push
D030,U-0268,intense,push
D030,U-0269,express,legs
D030,U-0270,standard,legs
D030,U-0271,intense,push
D030,U-0272,flexible,pull
D030,U-0273,intense,push
D030,U-0274,express,push
D030,U-0275,intense,upper
D030,U-0276,standard,full_body
D030,U-0277,flexible,upper
D030,U-0278,standard,full_body
D030,U-0279,intense,upper
D030,U-0280,express,full_body
D030,U-0281,standard,push
D030,U-0282,intense,push
D030,U-0283,flexible,full_body
D030,U-0284,express,upper
D030,U-0285,standard,push
D030,U-0286,flexible,pull
D030,U-0287,express,legs
D030,U-0288,express,pull
D030,U-0289,flexible,legs
D030,U-0290,intense,full_body
D030,U-0291,intense,legs
D030,U-0292,standard,pull
D030,U-0293,flexible,legs
D030,U-0294,intense,upper
D030,U-0295,standard,full_body
D030,U-0296,standard,push
D030,U-0297,standard,pull
D030,U-0298,flexible,upper
D030,U-0299,flexible,full_body
D030,U-0300,flexible,push
D030,U-0301,flexible,upper
D030,U-0302,express,upper
D030,U-0303,flexible,legs
D030,U-0304,standard,full_body
D030,U-0305,standard,full_body
D030,U-0306,express,legs
D030,U-0307,express,push
D030,U-0308,standard,push
D030,U-0309,standard,pull
D030,U-0310,intense,pull
D030,U-0311,flexible,legs
D030,U-0312,standard,pull
D030,U-0313,flexible,pull
D030,U-0314,intense,pull
D030,U-0315,flexible,pull
D030,U-0316,standard,push
D030,U-0317,standard,legs
D030,U-0318,flexible,full_body
D030,U-0319,intense,upper
D030,U-0320,flexible,full_body
D030,U-0321,flexible,legs
D030,U-0322,flexible,full_body
D030,U-0323,flexible,push
D030,U-0324,standard,pull
D030,U-0325,standard,legs
D030,U-0326,intense,pull
D030,U-0327,flexible,upper
D030,U-0328,intense,pull
D030,U-0329,intense,pull
D030,U-0330,standard,push
D030,U-0331,express,full_body
D030,U-0332,intense,legs
D030,U-0333,standard,upper
D030,U-0334,intense,push
D030,U-0335,flexible,legs
D030,U-0336,standard,push
D030,U-0337,intense,push
D030,U-0338,intense,legs
D030,U-0339,flexible,pull
D030,U-0340,standard,upper
D030,U-0341,flexible,upper
D030,U-0342,standard,full_body
D030,U-0343,flexible,legs
D030,U-0344,flexible,pull
D030,U-0345,standard,pull
D030,U-0346,express,pull
D030,U-0347,express,upper
D030,U-0348,standard,pull
D030,U-0349,flexible,full_body
D030,U-0350,standard,push
D030,U-0351,intense,legs
D030,U-0352,intense,pull
D030,U-0353,express,legs
D030,U-0354,intense,push
D030,U-0355,flexible,push
D030,U-0356,intense,pull
D030,U-0357,standard,pull
D030,U-0358,standard,pull
D030,U-0359,standard,upper
D030,U-0360,standard,legs
D030,U-0361,flexible,push
D030,U-0362,flexible,push
D030,U-0363,intense,push
D030,U-0364,intense,legs
D030,U-0365,intense,push
D030,U-0366,flexible,full_body
D030,U-0367,intense,legs
D030,U-0368,flexible,legs
D030,U-0369,intense,legs
D030,U-0370,intense,full_body
D030,U-0371,flexible,legs
D031,U-0001,flexible,push
D031,U-0002,standard,push
D031,U-0003,flexible,upper
D031,U-0004,standard,pull
D031,U-0005,standard,legs
D031,U-0006,flexible,upper
D031,U-0007,express,upper
D031,U-0008,standard,upper
D031,U-0009,intense,full_body
D031,U-0010,standard,legs
D031,U-0011,intense,upper
D031,U-0012,standard,push
D031,U-0013,standard,push
D031,U-0014,intense,push
D031,U-0015,standard,push
D031,U-0016,flexible,full_body
D031,U-0017,express,pull
D031,U-0018,flexible,push
D031,U-0019,intense,legs
D031,U-0020,express,legs
D031,U-0021,express,pull
D031,U-0022,intense,pull
D031,U-0023,flexible,legs
D031,U-0024,standard,pull
D031,U-0025,standard,legs
D031,U-0026,standard,upper
D031,U-0027,intense,legs
D031,U-0028,intense,pull
D031,U-0029,intense,legs
D031,U-0030,intense,upper
D031,U-0031,flexible,legs
D031,U-0032,express,pull
D031,U-0033,express,full_body
D031,U-0034,express,upper
D031,U-0035,intense,pull
D031,U-0036,standard,push
D031,U-0037,flexible,pull
D031,U-0038,standard,push
D031,U-0039,flexible,push
D031,U-0040,standard,legs
D031,U-0041,standard,pull
D031,U-0042,standard,upper
D031,U-0043,flexible,push
D031,U-0044,flexible,legs
D031,U-0045,standard,upper
D031,U-0046,standard,push
D031,U-0047,intense,push
D031,U-0048,flexible,upper
D031,U-0049,intense,pull
D031,U-0050,flexible,upper
D031,U-0051,flexible,pull
D031,U-0052,standard,push
D031,U-0053,intense,legs
D031,U-0054,standard,full_body
D031,U-0055,flexible,upper
D031,U-0056,intense,push
D031,U-0057,standard,upper
D031,U-0058,intense,push
D031,U-0059,flexible,full_body
D031,U-0060,flexible,legs
D031,U-0061,flexible,full_body
D031,U-0062,standard,upper
D031,U-0063,flexible,pull
D031,U-0064,standard,push
D031,U-0065,standard,legs
D031,U-0066,intense,pull
D031,U-0067,standard,upper
D031,U-0068,flexible,full_body
D031,U-0069,standard,full_body
D031,U-0070,flexible,full_body
D031,U-0071,intense,pull
D031,U-0072,intense,upper
D031,U-0073,flexible,legs
D031,U-0074,intense,pull
D031,U-0075,intense,pull
D031,U-0076,intense,upper
D031,U-0077,intense,push
D031,U-0078,standard,upper
D031,U-0079,express,upper
D031,U-0080,standard,legs
D031,U-0081,flexible,push
D031,U-0082,flexible,full_body
D031,U-0083,intense,upper
D031,U-0084,flexible,full_body
D031,U-0085,standard,legs
D031,U-0086,flexible,pull
D031,U-0087,standard,upper
D031,U-0088,flexible,upper
D031,U-0089,standard,legs
D031,U-0090,intense,legs
D031,U-0091,standard,legs
D031,U-0092,standard,upper
D031,U-0093,intense,full_body
D031,U-0094,intense,pull
D031,U-0095,flexible,pull
D031,U-0096,intense,legs
D031,U-0097,standard,legs
D031,U-0098,flexible,full_body
D031,U-0099,standard,upper
D031,U-0100,standard,pull
D031,U-0101,express,upper
D031,U-0102,intense,upper
D031,U-0103,standard,legs
D031,U-0104,flexible,legs
D031,U-0105,flexible,full_body
D031,U-0106,express,upper
D031,U-0107,standard,upper
D031,U-0108,intense,pull
D031,U-0109,intense,push
D031,U-0110,flexible,full_body
D031,U-0111,intense,pull
D031,U-0112,flexible,push
D031,U-0113,flexible,pull
D031,U-0114,standard,upper
D031,U-0115,flexible,pull
D031,U-0116,intense,push
D031,U-0117,standard,push
D031,U-0118,flexible,upper
D031,U-0119,standard,pull
D031,U-0120,flexible,pull
D031,U-0121,express,full_body
D031,U-0122,intense,pull
D031,U-0123,standard,push
D031,U-0124,standard,push
D031,U-0125,express,pull
D031,U-0126,standard,push
D031,U-0127,flexible,upper
D031,U-0128,standard,full_body
D031,U-0129,intense,push
D031,U-0130,flexible,legs
D031,U-0131,intense,push
D031,U-0132,standard,full_body
D031,U-0133,standard,full_body
D031,U-0134,flexible,full_body
D031,U-0135,express,push
D031,U-0136,flexible,upper
D031,U-0137,flexible,pull
D031,U-0138,intense,upper
D031,U-0139,express,legs
D031,U-0140,flexible,full_body
D031,U-0141,express,pull
D031,U-0142,flexible,pull
D031,U-0143,standard,push
D031,U-0144,standard,push
D031,U-0145,flexible,upper
D031,U-0146,flexible,full_body
D031,U-0147,standard,upper
D031,U-0148,standard,full_body
D031,U-0149,express,upper
D031,U-0150,intense,pull
D031,U-0151,standard,legs
D031,U-0152,standard,upper
D031,U-0153,express,pull
D031,U-0154,standard,push
D031,U-0155,standard,full_body
D031,U-0156,flexible,upper
D031,U-0157,standard,legs
D031,U-0158,express,legs
D031,U-0159,flexible,upper
D031,U-0160,intense,push
D031,U-0161,flexible,full_body
D031,U-0162,express,full_body
D031,U-0163,flexible,push
D031,U-0164,intense,push
D031,U-0165,express,pull
D031,U-0166,standard,full_body
D031,U-0167,standard,push
D031,U-0168,standard,legs
D031,U-0169,intense,upper
D031,U-0170,intense,upper
D031,U-0171,flexible,upper
D031,U-0172,express,push
D031,U-0173,flexible,upper
D031,U-0174,intense,push
D031,U-0175,intense,pull
D031,U-0176,flexible,push
D031,U-0177,intense,upper
D031,U-0178,intense,push
D031,U-0179,flexible,full_body
D031,U-0180,intense,push
D031,U-0181,flexible,upper
D031,U-0182,intense,pull
D031,U-0183,express,full_body
D031,U-0184,flexible,legs
D031,U-0185,intense,legs
D031,U-0186,intense,legs
D031,U-0187,flexible,upper
D031,U-0188,express,push
D031,U-0189,standard,push
D031,U-0190,express,full_body
D031,U-0191,intense,legs
D031,U-0192,flexible,full_body
D031,U-0193,flexible,push
D031,U-0194,standard,push
D031,U-0195,flexible,upper
D031,U-0196,express,push
D031,U-0197,flexible,upper
D031,U-0198,intense,pull
D031,U-0199,flexible,full_body
D031,U-0200,standard,push
D031,U-0201,flexible,pull
D031,U-0202,intense,upper
D031,U-0203,flexible,full_body
D031,U-0204,standard,legs
D031,U-0205,standard,upper
D031,U-0206,standard,push
D031,U-0207,flexible,push
D031,U-0208,intense,pull
D031,U-0209,intense,pull
D031,U-0210,intense,push
D031,U-0211,standard,upper
D031,U-0212,flexible,legs
D031,U-0213,standard,push
D031,U-0214,standard,push
D031,U-0215,flexible,legs
D031,U-0216,flexible,upper
D031,U-0217,flexible,upper
D031,U-0218,intense,legs
D031,U-0219,standard,full_body
D031,U-0220,standard,push
D031,U-0221,flexible,legs
D031,U-0222,flexible,full_body
D031,U-0223,intense,upper
D031,U-0224,standard,legs
D031,U-0225,intense,legs
D031,U-0226,flexible,upper
D031,U-0227,flexible,full_body
D031,U-0228,flexible,pull
D031,U-0229,standard,push
D031,U-0230,flexible,upper
D031,U-0231,standard,upper
D031,U-0232,intense,push
D031,U-0233,intense,full_body
D031,U-0234,flexible,legs
D031,U-0235,express,upper
D031,U-0236,standard,full_body
D031,U-0237,intense,upper
D031,U-0238,flexible,upper
D031,U-0239,flexible,pull
D031,U-0240,intense,legs
D031,U-0241,flexible,legs
D031,U-0242,express,legs
D031,U-0243,flexible,full_body
D031,U-0244,intense,pull
D031,U-0245,standard,legs
D031,U-0246,intense,legs
D031,U-0247,flexible,full_body
D031,U-0248,express,pull
D031,U-0249,intense,upper
D031,U-0250,express,upper
D031,U-0251,express,push
D031,U-0252,express,pull
D031,U-0253,flexible,upper
D031,U-0254,express,legs
D031,U-0255,intense,push
D031,U-0256,flexible,legs
D031,U-0257,intense,pull
D031,U-0258,intense,legs
D031,U-0259,express,upper
D031,U-0260,intense,pull
D031,U-0261,intense,legs
D031,U-0262,standard,legs
D031,U-0263,intense,pull
D031,U-0264,flexible,upper
D031,U-0265,flexible,pull
D031,U-0266,intense,pull
D031,U-0267,intense,push
D031,U-0268,standard,push
D031,U-0269,intense,pull
D031,U-0270,standard,upper
D031,U-0271,flexible,upper
D031,U-0272,express,legs
D031,U-0273,intense,push
D031,U-0274,standard,pull
D031,U-0275,standard,push
D031,U-0276,express,pull
D031,U-0277,intense,legs
D031,U-0278,flexible,full_body
D031,U-0279,express,pull
D031,U-0280,intense,upper
D031,U-0281,flexible,upper
D031,U-0282,intense,upper
D031,U-0283,standard,push
D031,U-0284,standard,legs
D031,U-0285,intense,legs
D031,U-0286,flexible,upper
D031,U-0287,flexible,pull
D031,U-0288,standard,legs
D031,U-0289,standard,legs
D031,U-0290,express,full_body
D031,U-0291,flexible,upper
D031,U-0292,express,legs
D031,U-0293,flexible,push
D031,U-0294,standard,full_body
D031,U-0295,intense,pull
D031,U-0296,standard,push
D031,U-0297,express,full_body
D031,U-0298,intense,pull
D031,U-0299,flexible,upper
D031,U-0300,standard,legs
D031,U-0301,express,pull
D031,U-0302,intense,legs
D031,U-0303,flexible,pull
D031,U-0304,standard,full_body
D031,U-0305,standard,push
D031,U-0306,intense,upper
D031,U-0307,flexible,push
D031,U-0308,intense,push
D031,U-0309,flexible,push
D031,U-0310,intense,push
D031,U-0311,intense,pull
D031,U-0312,standard,legs
D031,U-0313,flexible,push
D031,U-0314,standard,upper
D031,U-0315,standard,pull
D031,U-0316,express,upper
D031,U-0317,standard,pull
D031,U-0318,standard,legs
D031,U-0319,express,push
D031,U-0320,express,full_body
D031,U-0321,flexible,upper
D031,U-0322,intense,upper
D031,U-0323,flexible,upper
D031,U-0324,express,full_body
D031,U-0325,express,pull
D031,U-0326,intense,push
D031,U-0327,standard,full_body
D031,U-0328,standard,upper
D031,U-0329,flexible,upper
D031,U-0330,express,pull
D031,U-0331,intense,push
D031,U-0332,standard,full_body
D031,U-0333,intense,upper
D031,U-0334,flexible,full_body
D031,U-0335,intense,full_body
D031,U-0336,flexible,push
D031,U-0337,intense,push
D031,U-0338,flexible,full_body
D031,U-0339,standard,push
D031,U-0340,express,full_body
D031,U-0341,intense,push
D031,U-0342,flexible,upper
D031,U-0343,flexible,upper
D031,U-0344,standard,push
D031,U-0345,flexible,upper
D031,U-0346,standard,upper
D031,U-0347,standard,upper
D031,U-0348,standard,push
D031,U-0349,intense,full_body
D031,U-0350,standard,full_body
D031,U-0351,flexible,upper
D031,U-0352,standard,upper
D031,U-0353,flexible,legs
D031,U-0354,flexible,full_body
D031,U-0355,flexible,pull
D031,U-0356,standard,upper
D031,U-0357,intense,push
D031,U-0358,flexible,full_body
D031,U-0359,express,push
D031,U-0360,intense,pull
D031,U-0361,standard,push
D031,U-0362,intense,pull
D031,U-0363,flexible,legs
D031,U-0364,standard,legs
D031,U-0365,standard,push
D031,U-0366,flexible,legs
D031,U-0367,flexible,full_body
D031,U-0368,flexible,legs
D031,U-0369,flexible,pull
D031,U-0370,flexible,push
D031,U-0371,standard,upper
D031,U-0372,express,full_body
D031,U-0373,flexible,full_body
D031,U-0374,intense,legs
D031,U-0375,flexible,legs
D031,U-0376,standard,upper
D031,U-0377,intense,pull
D031,U-0378,standard,push
D031,U-0379,standard,legs
D031,U-0380,standard,upper
D031,U-0381,express,legs
D031,U-0382,intense,legs
D031,U-0383,flexible,legs
D031,U-0384,standard,upper
D031,U-0385,flexible,legs
D031,U-0386,intense,legs
D031,U-0387,flexible,upper
D031,U-0388,intense,pull
D031,U-0389,standard,legs
D031,U-0390,standard,upper
D031,U-0391,flexible,full_body
D031,U-0392,flexible,legs
D031,U-0393,standard,upper
D031,U-0394,flexible,legs
D032,U-0001,standard,push
D032,U-0002,express,pull
D032,U-0003,flexible,upper
D032,U-0004,standard,pull
D032,U-0005,standard,pull
D032,U-0006,standard,full_body
D032,U-0007,flexible,full_body
D032,U-0008,standard,pull
D032,U-0009,standard,push
D032,U-0010,intense,pull
D032,U-0011,flexible,upper
D032,U-0012,flexible,upper
D032,U-0013,intense,full_body
D032,U-0014,standard,legs
D032,U-0015,standard,push
D032,U-0016,express,pull
D032,U-0017,flexible,full_body
D032,U-0018,intense,pull
D032,U-0019,flexible,push
D032,U-0020,flexible,push
D032,U-0021,standard,pull
D032,U-0022,intense,pull
D032,U-0023,intense,legs
D032,U-0024,standard,full_body
D032,U-0025,intense,pull
D032,U-0026,standard,pull
D032,U-0027,express,upper
D032,U-0028,standard,pull
D032,U-0029,intense,upper
D032,U-0030,flexible,full_body
D032,U-0031,intense,legs
D032,U-0032,intense,full_body
D032,U-0033,standard,push
D032,U-0034,flexible,push
D032,U-0035,express,pull
D032,U-0036,flexible,upper
D032,U-0037,intense,legs
D032,U-0038,flexible,full_body
D032,U-0039,intense,push
D032,U-0040,intense,push
D032,U-0041,intense,push
D032,U-0042,express,full_body
D032,U-0043,intense,upper
D032,U-0044,standard,pull
D032,U-0045,flexible,legs
D032,U-0046,flexible,upper
D032,U-0047,flexible,upper
D032,U-0048,intense,legs
D032,U-0049,flexible,pull
D032,U-0050,standard,upper
D032,U-0051,express,push
D032,U-0052,flexible,full_body
D032,U-0053,intense,push
D032,U-0054,flexible,upper
D032,U-0055,standard,pull
D032,U-0056,intense,pull
D032,U-0057,intense,full_body
D032,U-0058,flexible,full_body
D032,U-0059,flexible,upper
D032,U-0060,flexible,full_body
D032,U-0061,flexible,push
D032,U-0062,intense,push
D032,U-0063,standard,push
D032,U-0064,standard,upper
D032,U-0065,intense,full_body
D032,U-0066,standard,full_body
D032,U-0067,intense,legs
D032,U-0068,intense,upper
D032,U-0069,flexible,pull
D032,U-0070,flexible,legs
D032,U-0071,intense,full_body
D032,U-0072,flexible,pull
D032,U-0073,standard,upper
D032,U-0074,standard,upper
D032,U-0075,intense,pull
D032,U-0076,flexible,full_body
D032,U-0077,standard,upper
D032,U-0078,flexible,full_body
D032,U-0079,standard,upper
D032,U-0080,flexible,pull
D032,U-0081,standard,full_body
D032,U-0082,standard,legs
D032,U-0083,standard,pull
D032,U-0084,flexible,pull
D032,U-0085,flexible,pull
D032,U-0086,express,upper
D032,U-0087,flexible,full_body
D032,U-0088,standard,pull
D032,U-0089,flexible,full_body
D032,U-0090,intense,legs
D032,U-0091,standard,full_body
D032,U-0092,express,upper
D032,U-0093,flexible,full_body
D032,U-0094,flexible,full_body
D032,U-0095,intense,pull
D032,U-0096,flexible,upper
D032,U-0097,express,legs
D032,U-0098,standard,push
D032,U-0099,express,push
D032,U-0100,intense,pull
D032,U-0101,flexible,upper
D032,U-0102,flexible,pull
D032,U-0103,flexible,full_body
D032,U-0104,flexible,upper
D032,U-0105,flexible,upper
D032,U-0106,flexible,upper
D032,U-0107,flexible,upper
D032,U-0108,standard,push
D032,U-0109,standard,push
D032,U-0110,standard,upper
D032,U-0111,intense,pull
D032,U-0112,express,pull
D032,U-0113,flexible,legs
D032,U-0114,standard,pull
D032,U-0115,express,legs
D032,U-0116,flexible,pull
D032,U-0117,standard,full_body
D032,U-0118,express,push
D032,U-0119,express,pull
D032,U-0120,flexible,push
D032,U-0121,intense,pull
D032,U-0122,standard,legs
D032,U-0123,intense,legs
D032,U-0124,intense,legs
D032,U-0125,express,upper
D032,U-0126,intense,upper
D032,U-0127,standard,push
D032,U-0128,flexible,upper
D032,U-0129,flexible,upper
D032,U-0130,flexible,full_body
D032,U-0131,express,pull
D032,U-0132,standard,pull
D032,U-0133,standard,pull
D032,U-0134,flexible,push
D032,U-0135,flexible,pull
D032,U-0136,intense,push
D032,U-0137,standard,full_body
D032,U-0138,standard,pull
D032,U-0139,flexible,upper
D032,U-0140,intense,push
D032,U-0141,intense,legs
D032,U-0142,flexible,full_body
D032,U-0143,standard,upper
D032,U-0144,express,full_body
D032,U-0145,flexible,full_body
D032,U-0146,standard,legs
D032,U-0147,intense,push
D032,U-0148,express,push
D032,U-0149,flexible,full_body
D032,U-0150,flexible,full_body
D032,U-0151,intense,upper
D032,U-0152,express,pull
D032,U-0153,standard,pull
D032,U-0154,intense,upper
D032,U-0155,flexible,upper
D032,U-0156,flexible,pull
D032,U-0157,flexible,upper
D032,U-0158,express,upper
D032,U-0159,standard,upper
D032,U-0160,standard,upper
D032,U-0161,standard,legs
D032,U-0162,flexible,push
D032,U-0163,flexible,pull
D032,U-0164,intense,legs
D032,U-0165,intense,full_body
D032,U-0166,intense,legs
D032,U-0167,standard,full_body
D032,U-0168,intense,push
D032,U-0169,standard,legs
D032,U-0170,intense,pull
D032,U-0171,standard,pull
D032,U-0172,flexible,full_body
D032,U-0173,standard,legs
D032,U-0174,flexible,push
D032,U-0175,intense,pull
D032,U-0176,standard,pull
D032,U-0177,intense,pull
D032,U-0178,flexible,push
D032,U-0179,intense,push
D032,U-0180,flexible,legs
D032,U-0181,standard,legs
D032,U-0182,standard,pull
D032,U-0183,standard,push
D032,U-0184,standard,pull
D032,U-0185,flexible,upper
D032,U-0186,flexible,full_body
D032,U-0187,standard,upper
D032,U-0188,flexible,push
D032,U-0189,intense,pull
D032,U-0190,express,upper
D032,U-0191,express,legs
D032,U-0192,express,legs
D032,U-0193,intense,legs
D032,U-0194,intense,full_body
D032,U-0195,standard,full_body
D032,U-0196,standard,upper
D032,U-0197,flexible,upper
D032,U-0198,intense,push
D032,U-0199,flexible,push
D032,U-0200,flexible,pull
D032,U-0201,express,pull
D032,U-0202,flexible,upper
D032,U-0203,express,legs
D032,U-0204,express,push
D032,U-0205,flexible,full_body
D032,U-0206,intense,push
D032,U-0207,standard,full_body
D032,U-0208,intense,upper
D032,U-0209,intense,push
D032,U-0210,intense,pull
D032,U-0211,flexible,upper
D032,U-0212,flexible,full_body
D032,U-0213,flexible,push
D032,U-0214,intense,full_body
D032,U-0215,standard,push
D032,U-0216,express,pull
D032,U-0217,express,upper
D032,U-0218,standard,pull
D032,U-0219,intense,pull
D032,U-0220,intense,legs
D032,U-0221,intense,legs
D032,U-0222,standard,full_body
D032,U-0223,flexible,pull
D032,U-0224,flexible,pull
D032,U-0225,standard,push
D032,U-0226,standard,upper
D032,U-0227,intense,pull
D032,U-0228,express,push
D032,U-0229,flexible,upper
D032,U-0230,standard,upper
D032,U-0231,express,push
D032,U-0232,flexible,legs
D032,U-0233,flexible,full_body
D032,U-0234,flexible,legs
D032,U-0235,standard,pull
D032,U-0236,intense,pull
D032,U-0237,intense,legs
D032,U-0238,intense,pull
D032,U-0239,standard,pull
D032,U-0240,intense,upper
D032,U-0241,intense,full_body
D032,U-0242,intense,upper
D032,U-0243,standard,pull
D032,U-0244,express,pull
D032,U-0245,express,upper
D032,U-0246,flexible,full_body
D032,U-0247,standard,legs
D032,U-0248,flexible,upper
D032,U-0249,standard,upper
D032,U-0250,flexible,full_body
D032,U-0251,intense,legs
D032,U-0252,express,pull
D032,U-0253,flexible,upper
D032,U-0254,flexible,pull
D032,U-0255,intense,pull
D032,U-0256,flexible,upper
D032,U-0257,flexible,upper
D032,U-0258,express,full_body
D032,U-0259,intense,upper
D032,U-0260,intense,upper
D032,U-0261,flexible,upper
D032,U-0262,flexible,upper
D032,U-0263,standard,upper
D032,U-0264,intense,upper
D032,U-0265,intense,pull
D032,U-0266,standard,push
D032,U-0267,intense,full_body
D032,U-0268,standard,push
D032,U-0269,express,legs
D032,U-0270,flexible,upper
D032,U-0271,intense,full_body
D032,U-0272,standard,legs
D032,U-0273,flexible,upper
D032,U-0274,flexible,full_body
D032,U-0275,intense,pull
D032,U-0276,standard,full_body
D032,U-0277,express,upper
D032,U-0278,intense,legs
D032,U-0279,flexible,upper
D032,U-0280,standard,push
D032,U-0281,intense,full_body
D032,U-0282,standard,legs
D032,U-0283,intense,upper
D032,U-0284,flexible,upper
D032,U-0285,intense,pull
D032,U-0286,intense,legs
D032,U-0287,standard,legs
D032,U-0288,express,upper
D032,U-0289,intense,push
D032,U-0290,standard,upper
D032,U-0291,intense,legs
D032,U-0292,express,full_body
D032,U-0293,standard,legs
D032,U-0294,express,legs
D032,U-0295,standard,push
D032,U-0296,standard,legs
D032,U-0297,intense,full_body
D032,U-0298,express,pull
D032,U-0299,express,pull
D032,U-0300,standard,legs
D032,U-0301,flexible,push
D032,U-0302,intense,full_body
D032,U-0303,flexible,full_body
D032,U-0304,intense,legs
D032,U-0305,intense,full_body
D032,U-0306,intense,legs
D032,U-0307,flexible,upper
D032,U-0308,intense,push
D032,U-0309,intense,push
D032,U-0310,express,pull
D032,U-0311,flexible,upper
D032,U-0312,flexible,upper
D032,U-0313,intense,push
D032,U-0314,standard,upper
D032,U-0315,flexible,upper
D032,U-0316,standard,pull
D032,U-0317,intense,legs
D032,U-0318,intense,legs
D032,U-0319,intense,push
D032,U-0320,express,push
D032,U-0321,express,full_body
D032,U-0322,flexible,legs
D032,U-0323,express,upper
D032,U-0324,flexible,push
D032,U-0325,express,upper
D032,U-0326,flexible,full_body
D032,U-0327,standard,push
D032,U-0328,intense,push
D032,U-0329,flexible,legs
D032,U-0330,express,upper
D032,U-0331,standard,pull
D032,U-0332,intense,full_body
D032,U-0333,flexible,pull
D032,U-0334,flexible,legs
D032,U-0335,standard,pull
D032,U-0336,intense,pull
D032,U-0337,intense,full_body
D032,U-0338,express,pull
D032,U-0339,intense,legs
D032,U-0340,express,legs
D032,U-0341,flexible,pull
D032,U-0342,standard,pull
D032,U-0343,intense,pull
D032,U-0344,standard,upper
D032,U-0345,intense,legs
D032,U-0346,flexible,upper
D032,U-0347,intense,push
D032,U-0348,flexible,upper
D032,U-0349,standard,full_body
D032,U-0350,standard,legs
D032,U-0351,intense,upper
D032,U-0352,standard,legs
D032,U-0353,express,pull
D032,U-0354,flexible,legs
D032,U-0355,intense,pull
D032,U-0356,intense,pull
D032,U-0357,intense,full_body
D032,U-0358,intense,push
D032,U-0359,flexible,full_body
D032,U-0360,standard,push
D032,U-0361,express,pull
D032,U-0362,express,full_body
D032,U-0363,standard,legs
D032,U-0364,flexible,legs
D032,U-0365,express,full_body
D032,U-0366,express,push
D032,U-0367,flexible,pull
D032,U-0368,flexible,legs
D032,U-0369,express,full_body
D032,U-0370,intense,upper
D032,U-0371,intense,upper
D032,U-0372,intense,upper
D032,U-0373,flexible,legs
D032,U-0374,standard,upper
D032,U-0375,intense,pull
D032,U-0376,standard,legs
D032,U-0377,standard,pull
D032,U-0378,intense,pull
D032,U-0379,standard,pull
D032,U-0380,intense,push
D032,U-0381,intense,pull
D032,U-0382,express,full_body
D032,U-0383,intense,push
D032,U-0384,standard,push
D032,U-0385,flexible,legs
D032,U-0386,express,legs
D032,U-0387,standard,push
D032,U-0388,standard,full_body
D032,U-0389,intense,legs
D032,U-0390,intense,full_body
D032,U-0391,standard,pull
D032,U-0392,flexible,upper
D032,U-0393,flexible,full_body
D032,U-0394,express,push
D032,U-0395,flexible,full_body
D032,U-0396,flexible,push
D032,U-0397,standard,upper
D032,U-0398,standard,push
D032,U-0399,flexible,full_body
D032,U-0400,intense,push
D032,U-0401,standard,pull
D032,U-0402,express,full_body
D032,U-0403,intense,upper
D032,U-0404,standard,upper
D033,U-0001,express,legs
D033,U-0002,standard,upper
D033,U-0003,flexible,legs
D033,U-0004,flexible,upper
D033,U-0005,flexible,upper
D033,U-0006,intense,legs
D033,U-0007,flexible,full_body
D033,U-0008,standard,pull
D033,U-0009,flexible,legs
D033,U-0010,intense,full_body
D033,U-0011,flexible,full_body
D033,U-0012,express,push
D033,U-0013,intense,pull
D033,U-0014,standard,upper
D033,U-0015,standard,pull
D033,U-0016,standard,upper
D033,U-0017,standard,full_body
D033,U-0018,standard,pull
D033,U-0019,standard,pull
D033,U-0020,express,upper
D033,U-0021,flexible,pull
D033,U-0022,standard,legs
D033,U-0023,flexible,upper
D033,U-0024,standard,upper
D033,U-0025,intense,legs
D033,U-0026,standard,upper
D033,U-0027,flexible,upper
D033,U-0028,express,upper
D033,U-0029,express,push
D033,U-0030,standard,upper
D033,U-0031,express,legs
D033,U-0032,standard,pull
D033,U-0033,standard,push
D033,U-0034,standard,legs
D033,U-0035,standard,pull
D033,U-0036,express,full_body
D033,U-0037,intense,upper
D033,U-0038,express,legs
D033,U-0039,flexible,legs
D033,U-0040,flexible,full_body
D033,U-0041,flexible,full_body
D033,U-0042,standard,push
D033,U-0043,standard,legs
D033,U-0044,intense,pull
D033,U-0045,standard,pull
D033,U-0046,flexible,push
D033,U-0047,intense,upper
D033,U-0048,flexible,pull
D033,U-0049,flexible,upper
D033,U-0050,express,upper
D033,U-0051,flexible,legs
D033,U-0052,flexible,full_body
D033,U-0053,express,pull
D033,U-0054,standard,legs
D033,U-0055,intense,legs
D033,U-0056,standard,push
D033,U-0057,express,upper
D033,U-0058,express,legs
D033,U-0059,intense,full_body
D033,U-0060,standard,pull
D033,U-0061,standard,full_body
D033,U-0062,intense,full_body
D033,U-0063,flexible,full_body
D033,U-0064,express,legs
D033,U-0065,flexible,upper
D033,U-0066,flexible,full_body
D033,U-0067,express,legs
D033,U-0068,standard,legs
D033,U-0069,flexible,full_body
D033,U-0070,flexible,upper
D033,U-0071,flexible,pull
D033,U-0072,intense,pull
D033,U-0073,intense,push
D033,U-0074,flexible,push
D033,U-0075,intense,pull
D033,U-0076,intense,legs
D033,U-0077,express,legs
D033,U-0078,intense,legs
D033,U-0079,standard,legs
D033,U-0080,standard,full_body
D033,U-0081,intense,pull
D033,U-0082,intense,push
D033,U-0083,flexible,full_body
D033,U-0084,standard,upper
D033,U-0085,express,push
D033,U-0086,flexible,pull
D033,U-0087,intense,legs
D033,U-0088,express,full_body
D033,U-0089,intense,full_body
D033,U-0090,intense,upper
D033,U-0091,intense,pull
D033,U-0092,flexible,legs
D033,U-0093,standard,legs
D033,U-0094,intense,pull
D033,U-0095,intense,legs
D033,U-0096,flexible,upper
D033,U-0097,standard,full_body
D033,U-0098,standard,upper
D033,U-0099,standard,legs
D033,U-0100,express,pull
D033,U-0101,flexible,pull
D033,U-0102,intense,legs
D033,U-0103,flexible,full_body
D033,U-0104,flexible,legs
D033,U-0105,intense,push
D033,U-0106,express,full_body
D033,U-0107,flexible,full_body
D033,U-0108,intense,push
D033,U-0109,flexible,upper
D033,U-0110,flexible,upper
D033,U-0111,standard,upper
D033,U-0112,intense,legs
D033,U-0113,standard,legs
D033,U-0114,standard,pull
D033,U-0115,intense,full_body
D033,U-0116,flexible,pull
D033,U-0117,flexible,legs
D033,U-0118,flexible,upper
D033,U-0119,standard,pull
D033,U-0120,standard,legs
D033,U-0121,flexible,push
D033,U-0122,intense,pull
D033,U-0123,flexible,push
D033,U-0124,intense,push
D033,U-0125,flexible,legs
D033,U-0126,standard,push
D033,U-0127,intense,pull
D033,U-0128,standard,upper
D033,U-0129,flexible,push
D033,U-0130,standard,full_body
D033,U-0131,standard,push
D033,U-0132,flexible,push
D033,U-0133,flexible,upper
D033,U-0134,standard,full_body
D033,U-0135,flexible,upper
D033,U-0136,standard,push
D033,U-0137,intense,upper
D033,U-0138,intense,upper
D033,U-0139,flexible,pull
D033,U-0140,express,full_body
D033,U-0141,flexible,full_body
D033,U-0142,standard,upper
D033,U-0143,express,full_body
D033,U-0144,standard,upper
D033,U-0145,flexible,push
D033,U-0146,express,upper
D033,U-0147,express,pull
D033,U-0148,standard,pull
D033,U-0149,standard,upper
D033,U-0150,flexible,push
D033,U-0151,standard,push
D033,U-0152,intense,push
D033,U-0153,standard,full_body
D033,U-0154,express,push
D033,U-0155,flexible,pull
D033,U-0156,express,full_body
D033,U-0157,intense,legs
D033,U-0158,flexible,push
D033,U-0159,standard,upper
D033,U-0160,intense,legs
D033,U-0161,standard,legs
D033,U-0162,express,push
D033,U-0163,standard,push
D033,U-0164,intense,legs
D033,U-0165,standard,pull
D033,U-0166,flexible,upper
D033,U-0167,standard,upper
D033,U-0168,flexible,full_body
D033,U-0169,standard,upper
D033,U-0170,intense,pull
D033,U-0171,intense,upper
D033,U-0172,flexible,upper
D033,U-0173,flexible,push
D033,U-0174,intense,legs
D033,U-0175,flexible,pull
D033,U-0176,flexible,pull
D033,U-0177,express,pull
D033,U-0178,standard,upper
D033,U-0179,standard,pull
D033,U-0180,standard,upper
D033,U-0181,intense,legs
D033,U-0182,intense,legs
D033,U-0183,flexible,upper
D033,U-0184,express,upper
D033,U-0185,flexible,push
D033,U-0186,standard,full_body
D033,U-0187,intense,upper
D033,U-0188,express,legs
D033,U-0189,standard,upper
D033,U-0190,express,pull
D033,U-0191,intense,legs
D033,U-0192,flexible,full_body
D033,U-0193,standard,push
D033,U-0194,intense,pull
D033,U-0195,standard,legs
D033,U-0196,intense,legs
D033,U-0197,flexible,push
D033,U-0198,standard,push
D033,U-0199,standard,push
D033,U-0200,intense,upper
D033,U-0201,standard,full_body
D033,U-0202,flexible,upper
D033,U-0203,flexible,legs
D033,U-0204,standard,upper
D033,U-0205,standard,upper
D033,U-0206,flexible,full_body
D033,U-0207,standard,pull
D033,U-0208,standard,pull
D033,U-0209,intense,push
D033,U-0210,flexible,push
D033,U-0211,intense,full_body
D033,U-0212,intense,legs
D033,U-0213,intense,upper
D033,U-0214,flexible,upper
D033,U-0215,express,push
D033,U-0216,flexible,legs
D033,U-0217,standard,pull
D033,U-0218,intense,push
D033,U-0219,standard,full_body
D033,U-0220,standard,legs
D033,U-0221,flexible,pull
D033,U-0222,intense,push
D033,U-0223,intense,upper
D033,U-0224,standard,push
D033,U-0225,standard,upper
D033,U-0226,standard,pull
D033,U-0227,intense,pull
D033,U-0228,intense,pull
D033,U-0229,standard,full_body
D033,U-0230,express,pull
D033,U-0231,express,legs
D033,U-0232,intense,legs
D033,U-0233,express,upper
D033,U-0234,express,upper
D033,U-0235,standard,pull
D033,U-0236,express,legs
D033,U-0237,intense,full_body
D033,U-0238,intense,pull
D033,U-0239,flexible,pull
D033,U-0240,standard,legs
D033,U-0241,standard,upper
D033,U-0242,flexible,pull
D033,U-0243,standard,pull
D033,U-0244,standard,legs
D033,U-0245,flexible,upper
D033,U-0246,flexible,full_body
D033,U-0247,flexible,full_body
D033,U-0248,flexible,push
D033,U-0249,flexible,full_body
D033,U-0250,express,push
D033,U-0251,express,upper
D033,U-0252,intense,legs
D033,U-0253,intense,push
D033,U-0254,standard,pull
D033,U-0255,flexible,full_body
D033,U-0256,standard,upper
D033,U-0257,intense,push
D033,U-0258,standard,upper
D033,U-0259,flexible,push
D033,U-0260,standard,legs
D033,U-0261,intense,pull
D033,U-0262,flexible,upper
D033,U-0263,intense,push
D033,U-0264,intense,full_body
D033,U-0265,express,push
D033,U-0266,standard,full_body
D033,U-0267,flexible,upper
D033,U-0268,intense,upper
D033,U-0269,express,upper
D033,U-0270,flexible,full_body
D033,U-0271,standard,full_body
D033,U-0272,standard,pull
D033,U-0273,flexible,full_body
D033,U-0274,flexible,pull
D033,U-0275,intense,push
D033,U-0276,standard,legs
D033,U-0277,standard,legs
D033,U-0278,intense,push
D033,U-0279,intense,push
D033,U-0280,intense,pull
D033,U-0281,standard,pull
D033,U-0282,flexible,upper
D033,U-0283,standard,legs
D033,U-0284,flexible,upper
D033,U-0285,flexible,push
D033,U-0286,standard,pull
D033,U-0287,standard,push
D033,U-0288,standard,upper
D033,U-0289,intense,pull
D033,U-0290,standard,pull
D033,U-0291,express,upper
D033,U-0292,flexible,pull
D033,U-0293,standard,legs
D033,U-0294,standard,legs
D033,U-0295,standard,push
D033,U-0296,intense,pull
D033,U-0297,standard,upper
D033,U-0298,intense,pull
D033,U-0299,flexible,full_body
D033,U-0300,express,legs
D033,U-0301,flexible,push
D033,U-0302,express,upper
D033,U-0303,standard,full_body
D033,U-0304,intense,upper
D033,U-0305,flexible,legs
D033,U-0306,flexible,pull
D033,U-0307,flexible,legs
D033,U-0308,intense,legs
D033,U-0309,intense,legs
D033,U-0310,standard,pull
D033,U-0311,express,upper
D033,U-0312,flexible,legs
D033,U-0313,standard,legs
D033,U-0314,intense,push
D033,U-0315,express,pull
D033,U-0316,intense,legs
D033,U-0317,flexible,upper
D033,U-0318,intense,legs
D033,U-0319,flexible,upper
D033,U-0320,standard,upper
D033,U-0321,standard,upper
D033,U-0322,standard,push
D033,U-0323,intense,full_body
D033,U-0324,intense,legs
D033,U-0325,express,upper
D033,U-0326,standard,upper
D033,U-0327,flexible,pull
D033,U-0328,intense,push
D033,U-0329,intense,push
D033,U-0330,flexible,push
D033,U-0331,flexible,upper
D033,U-0332,intense,legs
D033,U-0333,standard,full_body
D033,U-0334,express,full_body
D033,U-0335,intense,push
D033,U-0336,intense,push
D033,U-0337,flexible,pull
D033,U-0338,flexible,upper
D033,U-0339,flexible,legs
D033,U-0340,standard,legs
D033,U-0341,standard,legs
D033,U-0342,intense,upper
D033,U-0343,intense,push
D033,U-0344,express,full_body
D033,U-0345,standard,push
D033,U-0346,flexible,full_body
D033,U-0347,express,push
D033,U-0348,intense,push
D033,U-0349,express,pull
D033,U-0350,intense,full_body
D033,U-0351,standard,upper
D033,U-0352,standard,full_body
D033,U-0353,flexible,push
D033,U-0354,express,full_body
D033,U-0355,flexible,legs
D033,U-0356,intense,upper
D033,U-0357,standard,legs
D033,U-0358,intense,pull
D033,U-0359,standard,pull
D033,U-0360,express,legs
D033,U-0361,flexible,legs
D033,U-0362,express,pull
D033,U-0363,express,full_body
D033,U-0364,flexible,upper
D033,U-0365,standard,pull
D033,U-0366,standard,push
D033,U-0367,intense,push
D033,U-0368,flexible,full_body
D033,U-0369,standard,push
D033,U-0370,standard,full_body
D033,U-0371,intense,pull
D033,U-0372,standard,full_body
D033,U-0373,standard,pull
D033,U-0374,standard,pull
D033,U-0375,flexible,upper
D033,U-0376,standard,legs
D033,U-0377,standard,pull
D033,U-0378,standard,full_body
D033,U-0379,standard,upper
D033,U-0380,express,pull
D033,U-0381,flexible,upper
D033,U-0382,intense,push
D033,U-0383,standard,push
D033,U-0384,intense,push
D033,U-0385,flexible,legs
D033,U-0386,standard,legs
D033,U-0387,flexible,push
D033,U-0388,standard,full_body
D034,U-0001,standard,push
D034,U-0002,standard,push
D034,U-0003,standard,legs
D034,U-0004,standard,legs
D034,U-0005,flexible,push
D034,U-0006,flexible,legs
D034,U-0007,flexible,full_body
D034,U-0008,flexible,upper
D034,U-0009,flexible,full_body
D034,U-0010,intense,full_body
D034,U-0011,standard,push
D034,U-0012,intense,pull
D034,U-0013,express,upper
D034,U-0014,intense,upper
D034,U-0015,standard,pull
D034,U-0016,standard,legs
D034,U-0017,intense,pull
D034,U-0018,standard,pull
D034,U-0019,intense,push
D034,U-0020,standard,pull
D034,U-0021,standard,full_body
D034,U-0022,flexible,legs
D034,U-0023,intense,pull
D034,U-0024,flexible,full_body
D034,U-0025,express,upper
D034,U-0026,intense,pull
D034,U-0027,intense,legs
D034,U-0028,standard,pull
D034,U-0029,standard,legs
D034,U-0030,flexible,upper
D034,U-0031,flexible,legs
D034,U-0032,flexible,push
D034,U-0033,flexible,legs
D034,U-0034,intense,upper
D034,U-0035,express,legs
D034,U-0036,standard,push
D034,U-0037,flexible,upper
D034,U-0038,intense,pull
D034,U-0039,intense,push
D034,U-0040,flexible,full_body
D034,U-0041,intense,legs
D034,U-0042,standard,legs
D034,U-0043,flexible,push
D034,U-0044,flexible,legs
D034,U-0045,intense,pull
D034,U-0046,intense,push
D034,U-0047,standard,push
D034,U-0048,standard,upper
D034,U-0049,standard,push
D034,U-0050,express,legs
D034,U-0051,flexible,push
D034,U-0052,standard,full_body
D034,U-0053,standard,legs
D034,U-0054,standard,upper
D034,U-0055,standard,full_body
D034,U-0056,express,full_body
D034,U-0057,express,push
D034,U-0058,express,legs
D034,U-0059,intense,legs
D034,U-0060,intense,full_body
D034,U-0061,intense,legs
D034,U-0062,intense,pull
D034,U-0063,intense,legs
D034,U-0064,flexible,full_body
D034,U-0065,flexible,pull
D034,U-0066,express,legs
D034,U-0067,flexible,upper
D034,U-0068,flexible,push
D034,U-0069,flexible,upper
D034,U-0070,standard,legs
D034,U-0071,express,upper
D034,U-0072,standard,push
D034,U-0073,standard,full_body
D034,U-0074,express,pull
D034,U-0075,intense,legs
D034,U-0076,standard,upper
D034,U-0077,flexible,push
D034,U-0078,flexible,full_body
D034,U-0079,flexible,upper
D034,U-0080,intense,upper
D034,U-0081,standard,pull
D034,U-0082,standard,pull
D034,U-0083,flexible,full_body
D034,U-0084,intense,pull
D034,U-0085,intense,legs
D034,U-0086,intense,pull
D034,U-0087,standard,push
D034,U-0088,flexible,full_body
D034,U-0089,intense,upper
D034,U-0090,standard,upper
D034,U-0091,flexible,legs
D034,U-0092,flexible,legs
D034,U-0093,intense,upper
D034,U-0094,intense,pull
D034,U-0095,intense,legs
D034,U-0096,flexible,push
D034,U-0097,express,upper
D034,U-0098,standard,pull
D034,U-0099,flexible,legs
D034,U-0100,standard,upper
D034,U-0101,standard,push
D034,U-0102,flexible,legs
D034,U-0103,flexible,push
D034,U-0104,express,upper
D034,U-0105,express,full_body
D034,U-0106,standard,full_body
D034,U-0107,intense,legs
D034,U-0108,flexible,push
D034,U-0109,intense,full_body
D034,U-0110,intense,push
D034,U-0111,intense,legs
D034,U-0112,flexible,upper
D034,U-0113,intense,pull
D034,U-0114,express,pull
D034,U-0115,standard,push
D034,U-0116,standard,full_body
D034,U-0117,intense,pull
D034,U-0118,standard,pull
D034,U-0119,standard,full_body
D034,U-0120,intense,full_body
D034,U-0121,standard,pull
D034,U-0122,standard,pull
D034,U-0123,flexible,pull
D034,U-0124,standard,upper
D034,U-0125,flexible,pull
D034,U-0126,standard,legs
D034,U-0127,standard,pull
D034,U-0128,intense,pull
D034,U-0129,express,pull
D034,U-0130,standard,full_body
D034,U-0131,flexible,full_body
D034,U-0132,flexible,pull
D034,U-0133,standard,full_body
D034,U-0134,express,push
D034,U-0135,standard,legs
D034,U-0136,standard,upper
D034,U-0137,flexible,upper
D034,U-0138,express,pull
D034,U-0139,intense,upper
D034,U-0140,flexible,full_body
D034,U-0141,flexible,push
D034,U-0142,flexible,legs
D034,U-0143,intense,full_body
D034,U-0144,intense,legs
D034,U-0145,standard,push
D034,U-0146,flexible,full_body
D034,U-0147,express,pull
D034,U-0148,intense,push
D034,U-0149,flexible,push
D034,U-0150,express,upper
D034,U-0151,standard,full_body
D034,U-0152,intense,push
D034,U-0153,flexible,upper
D034,U-0154,intense,legs
D034,U-0155,intense,push
D034,U-0156,standard,full_body
D034,U-0157,standard,push
D034,U-0158,flexible,upper
D034,U-0159,express,legs
D034,U-0160,flexible,full_body
D034,U-0161,intense,legs
D034,U-0162,flexible,full_body
D034,U-0163,flexible,legs
D034,U-0164,express,full_body
D034,U-0165,flexible,full_body
D034,U-0166,flexible,upper
D034,U-0167,flexible,push
D034,U-0168,flexible,push
D034,U-0169,standard,full_body
D034,U-0170,flexible,legs
D034,U-0171,express,full_body
D034,U-0172,express,pull
D034,U-0173,flexible,push
D034,U-0174,flexible,full_body
D034,U-0175,flexible,push
D034,U-0176,standard,upper
D034,U-0177,flexible,upper
D034,U-0178,standard,legs
D034,U-0179,intense,legs
D034,U-0180,flexible,pull
D034,U-0181,standard,upper
D034,U-0182,standard,legs
D034,U-0183,standard,upper
D034,U-0184,flexible,full_body
D034,U-0185,flexible,legs
D034,U-0186,flexible,upper
D034,U-0187,intense,push
D034,U-0188,intense,push
D034,U-0189,intense,upper
D034,U-0190,intense,pull
D034,U-0191,intense,pull
D034,U-0192,intense,full_body
D034,U-0193,flexible,legs
D034,U-0194,intense,push
D034,U-0195,flexible,legs
D034,U-0196,flexible,full_body
D034,U-0197,express,pull
D034,U-0198,flexible,push
D034,U-0199,flexible,upper
D034,U-0200,standard,upper
D034,U-0201,intense,full_body
D034,U-0202,flexible,upper
D034,U-0203,standard,upper
D034,U-0204,standard,upper
D034,U-0205,intense,pull
D034,U-0206,intense,pull
D034,U-0207,intense,pull
D034,U-0208,intense,pull
D034,U-0209,express,upper
D034,U-0210,flexible,legs
D034,U-0211,intense,upper
D034,U-0212,flexible,legs
D034,U-0213,flexible,full_body
D034,U-0214,intense,pull
D034,U-0215,flexible,upper
D034,U-0216,flexible,upper
D034,U-0217,standard,legs
D034,U-0218,intense,legs
D034,U-0219,flexible,push
D034,U-0220,standard,legs
D034,U-0221,standard,pull
D034,U-0222,standard,legs
D034,U-0223,flexible,full_body
D034,U-0224,express,upper
D034,U-0225,intense,pull
D034,U-0226,flexible,upper
D034,U-0227,intense,pull
D034,U-0228,intense,push
D034,U-0229,intense,pull
D034,U-0230,flexible,upper
D034,U-0231,flexible,pull
D034,U-0232,flexible,full_body
D034,U-0233,intense,legs
D034,U-0234,flexible,upper
D034,U-0235,flexible,upper
D034,U-0236,standard,upper
D034,U-0237,flexible,full_body
D034,U-0238,flexible,pull
D034,U-0239,intense,pull
D034,U-0240,flexible,full_body
D034,U-0241,flexible,full_body
D034,U-0242,standard,upper
D034,U-0243,express,legs
D034,U-0244,standard,full_body
D034,U-0245,flexible,full_body
D034,U-0246,standard,legs
D034,U-0247,flexible,upper
D034,U-0248,standard,upper
D034,U-0249,express,legs
D034,U-0250,intense,legs
D034,U-0251,express,upper
D034,U-0252,standard,pull
D034,U-0253,flexible,upper
D034,U-0254,flexible,upper
D034,U-0255,standard,legs
D034,U-0256,intense,pull
D034,U-0257,intense,legs
D034,U-0258,flexible,push
D034,U-0259,standard,legs
D034,U-0260,intense,push
D034,U-0261,intense,full_body
D034,U-0262,standard,push
D034,U-0263,express,upper
D034,U-0264,intense,pull
D034,U-0265,standard,push
D034,U-0266,flexible,legs
D034,U-0267,flexible,pull
D034,U-0268,flexible,upper
D034,U-0269,standard,legs
D034,U-0270,flexible,upper
D034,U-0271,intense,pull
D034,U-0272,standard,legs
D034,U-0273,intense,legs
D034,U-0274,intense,legs
D034,U-0275,flexible,legs
D034,U-0276,express,upper
D034,U-0277,flexible,push
D034,U-0278,intense,upper
D034,U-0279,standard,legs
D034,U-0280,flexible,pull
D034,U-0281,flexible,full_body
D034,U-0282,express,upper
D034,U-0283,standard,upper
D034,U-0284,intense,push
D034,U-0285,flexible,upper
D034,U-0286,intense,push
D034,U-0287,flexible,legs
D034,U-0288,intense,push
D034,U-0289,intense,full_body
D034,U-0290,express,push
D034,U-0291,flexible,full_body
D034,U-0292,intense,push
D034,U-0293,flexible,full_body
D034,U-0294,flexible,full_body
D034,U-0295,intense,pull
D034,U-0296,express,upper
D034,U-0297,express,push
D034,U-0298,standard,upper
D034,U-0299,flexible,legs
D034,U-0300,express,legs
D034,U-0301,flexible,legs
D034,U-0302,standard,upper
D034,U-0303,intense,legs
D034,U-0304,express,push
D034,U-0305,standard,upper
D034,U-0306,standard,pull
D034,U-0307,intense,legs
D034,U-0308,flexible,pull
D034,U-0309,intense,legs
D034,U-0310,intense,full_body
D034,U-0311,flexible,upper
D034,U-0312,express,upper
D034,U-0313,standard,legs
D034,U-0314,flexible,legs
D034,U-0315,flexible,legs
D034,U-0316,standard,full_body
D034,U-0317,intense,pull
D034,U-0318,flexible,upper
D034,U-0319,flexible,pull
D034,U-0320,intense,upper
D034,U-0321,standard,legs
D034,U-0322,flexible,legs
D034,U-0323,standard,legs
D034,U-0324,flexible,legs
D034,U-0325,intense,legs
D034,U-0326,standard,push
D034,U-0327,express,upper
D034,U-0328,flexible,push
D034,U-0329,express,upper
D034,U-0330,express,push
D034,U-0331,express,upper
D034,U-0332,express,full_body
D034,U-0333,flexible,legs
D034,U-0334,standard,legs
D034,U-0335,intense,push
D034,U-0336,express,push
D034,U-0337,standard,full_body
D034,U-0338,intense,pull
D034,U-0339,flexible,upper
D034,U-0340,intense,pull
D034,U-0341,express,legs
D034,U-0342,intense,push
D034,U-0343,standard,full_body
D034,U-0344,standard,upper
D034,U-0345,standard,upper
D034,U-0346,flexible,pull
D034,U-0347,standard,pull
D034,U-0348,intense,legs
D034,U-0349,intense,upper
D034,U-0350,flexible,upper
D034,U-0351,intense,pull
D034,U-0352,intense,upper
D034,U-0353,intense,pull
D034,U-0354,intense,pull
D034,U-0355,flexible,upper
D034,U-0356,express,pull
D034,U-0357,flexible,full_body
D034,U-0358,express,push
D034,U-0359,flexible,full_body
D034,U-0360,flexible,full_body
D034,U-0361,flexible,legs
D034,U-0362,intense,legs
D034,U-0363,standard,pull
D034,U-0364,flexible,upper
D034,U-0365,flexible,upper
D035,U-0001,intense,upper
D035,U-0002,standard,full_body
D035,U-0003,express,full_body
D035,U-0004,standard,pull
D035,U-0005,flexible,pull
D035,U-0006,intense,legs
D035,U-0007,express,pull
D035,U-0008,express,full_body
D035,U-0009,flexible,full_body
D035,U-0010,intense,push
D035,U-0011,express,upper
D035,U-0012,flexible,upper
D035,U-0013,standard,upper
D035,U-0014,intense,legs
D035,U-0015,express,legs
D035,U-0016,standard,push
D035,U-0017,standard,upper
D035,U-0018,flexible,pull
D035,U-0019,standard,upper
D035,U-0020,intense,push
D035,U-0021,flexible,push
D035,U-0022,standard,legs
D035,U-0023,standard,pull
D035,U-0024,standard,pull
D035,U-0025,express,full_body
D035,U-0026,standard,pull
D035,U-0027,intense,legs
D035,U-0028,standard,upper
D035,U-0029,flexible,push
D035,U-0030,standard,legs
D035,U-0031,express,full_body
D035,U-0032,standard,upper
D035,U-0033,standard,pull
D035,U-0034,intense,pull
D035,U-0035,flexible,upper
D035,U-0036,flexible,push
D035,U-0037,intense,legs
D035,U-0038,standard,upper
D035,U-0039,intense,legs
D035,U-0040,flexible,legs
D035,U-0041,flexible,upper
D035,U-0042,intense,push
D035,U-0043,standard,push
D035,U-0044,standard,upper
D035,U-0045,express,upper
D035,U-0046,intense,push
D035,U-0047,intense,legs
D035,U-0048,express,legs
D035,U-0049,standard,push
D035,U-0050,standard,pull
D035,U-0051,flexible,legs
D035,U-0052,flexible,push
D035,U-0053,flexible,legs
D035,U-0054,intense,push
D035,U-0055,standard,pull
D035,U-0056,flexible,push
D035,U-0057,intense,push
D035,U-0058,intense,upper
D035,U-0059,standard,pull
D035,U-0060,express,push
D035,U-0061,standard,legs
D035,U-0062,express,push
D035,U-0063,flexible,upper
D035,U-0064,flexible,full_body
D035,U-0065,intense,upper
D035,U-0066,intense,upper
D035,U-0067,flexible,upper
D035,U-0068,intense,legs
D035,U-0069,flexible,full_body
D035,U-0070,express,full_body
D035,U-0071,standard,upper
D035,U-0072,flexible,legs
D035,U-0073,flexible,push
D035,U-0074,standard,upper
D035,U-0075,flexible,pull
D035,U-0076,intense,push
D035,U-0077,standard,legs
D035,U-0078,intense,push
D035,U-0079,express,upper
D035,U-0080,standard,upper
D035,U-0081,express,full_body
D035,U-0082,standard,full_body
D035,U-0083,express,push
D035,U-0084,flexible,upper
D035,U-0085,standard,full_body
D035,U-0086,intense,pull
D035,U-0087,intense,pull
D035,U-0088,intense,push
D035,U-0089,standard,full_body
D035,U-0090,flexible,push
D035,U-0091,intense,pull
D035,U-0092,intense,pull
D035,U-0093,standard,upper
D035,U-0094,flexible,pull
D035,U-0095,standard,upper
D035,U-0096,express,upper
D035,U-0097,express,upper
D035,U-0098,intense,legs
D035,U-0099,flexible,push
D035,U-0100,flexible,push
D035,U-0101,flexible,legs
D035,U-0102,flexible,full_body
D035,U-0103,intense,pull
D035,U-0104,flexible,full_body
D035,U-0105,standard,legs
D035,U-0106,intense,push
D035,U-0107,intense,pull
D035,U-0108,express,pull
D035,U-0109,standard,push
D035,U-0110,intense,push
D035,U-0111,standard,legs
D035,U-0112,intense,legs
D035,U-0113,intense,push
D035,U-0114,express,upper
D035,U-0115,intense,upper
D035,U-0116,flexible,pull
D035,U-0117,standard,pull
D035,U-0118,express,push
D035,U-0119,express,legs
D035,U-0120,flexible,legs
D035,U-0121,flexible,push
D035,U-0122,standard,legs
D035,U-0123,standard,push
D035,U-0124,standard,push
D035,U-0125,intense,pull
D035,U-0126,intense,pull
D035,U-0127,intense,legs
D035,U-0128,intense,push
D035,U-0129,standard,legs
D035,U-0130,flexible,legs
D035,U-0131,flexible,full_body
D035,U-0132,intense,legs
D035,U-0133,express,legs
D035,U-0134,standard,upper
D035,U-0135,flexible,legs
D035,U-0136,flexible,full_body
D035,U-0137,intense,legs
D035,U-0138,flexible,legs
D035,U-0139,flexible,push
D035,U-0140,express,legs
D035,U-0141,flexible,pull
D035,U-0142,flexible,full_body
D035,U-0143,intense,push
D035,U-0144,intense,pull
D035,U-0145,intense,legs
D035,U-0146,intense,push
D035,U-0147,flexible,upper
D035,U-0148,intense,push
D035,U-0149,intense,push
D035,U-0150,standard,upper
D035,U-0151,flexible,push
D035,U-0152,flexible,upper
D035,U-0153,intense,full_body
D035,U-0154,standard,upper
D035,U-0155,intense,full_body
D035,U-0156,standard,pull
D035,U-0157,intense,push
D035,U-0158,express,legs
D035,U-0159,intense,upper
D035,U-0160,flexible,upper
D035,U-0161,flexible,push
D035,U-0162,standard,upper
D035,U-0163,express,pull
D035,U-0164,standard,legs
D035,U-0165,flexible,full_body
D035,U-0166,standard,upper
D035,U-0167,standard,push
D035,U-0168,intense,upper
D035,U-0169,standard,push
D035,U-0170,intense,pull
D035,U-0171,standard,upper
D035,U-0172,standard,legs
D035,U-0173,intense,push
D035,U-0174,intense,pull
D035,U-0175,standard,pull
D035,U-0176,intense,upper
D035,U-0177,flexible,legs
D035,U-0178,intense,pull
D035,U-0179,intense,push
D035,U-0180,flexible,full_body
D035,U-0181,flexible,upper
D035,U-0182,intense,legs
D035,U-0183,flexible,full_body
D035,U-0184,standard,legs
D035,U-0185,express,legs
D035,U-0186,flexible,full_body
D035,U-0187,flexible,legs
D035,U-0188,standard,legs
D035,U-0189,standard,push
D035,U-0190,flexible,full_body
D035,U-0191,standard,push
D035,U-0192,standard,legs
D035,U-0193,standard,push
D035,U-0194,standard,legs
D035,U-0195,intense,push
D035,U-0196,standard,upper
D035,U-0197,express,full_body
D035,U-0198,standard,pull
D035,U-0199,flexible,full_body
D035,U-0200,express,legs
D035,U-0201,standard,pull
D035,U-0202,standard,legs
D035,U-0203,standard,legs
D035,U-0204,express,pull
D035,U-0205,intense,pull
D035,U-0206,standard,upper
D035,U-0207,standard,upper
D035,U-0208,flexible,legs
D035,U-0209,intense,push
D035,U-0210,intense,upper
D035,U-0211,intense,push
D035,U-0212,express,push
D035,U-0213,intense,pull
D035,U-0214,express,pull
D035,U-0215,flexible,pull
D035,U-0216,flexible,upper
D035,U-0217,intense,legs
D035,U-0218,standard,legs
D035,U-0219,flexible,legs
D035,U-0220,intense,upper
D035,U-0221,flexible,upper
D035,U-0222,flexible,push
D035,U-0223,flexible,full_body
D035,U-0224,express,upper
D035,U-0225,flexible,full_body
D035,U-0226,flexible,push
D035,U-0227,express,full_body
D035,U-0228,express,full_body
D035,U-0229,flexible,pull
D035,U-0230,flexible,full_body
D035,U-0231,intense,full_body
D035,U-0232,flexible,upper
D035,U-0233,standard,pull
D035,U-0234,flexible,upper
D035,U-0235,express,full_body
D035,U-0236,intense,pull
D035,U-0237,flexible,upper
D035,U-0238,flexible,push
D035,U-0239,flexible,full_body
D035,U-0240,express,full_body
D035,U-0241,intense,pull
D035,U-0242,standard,upper
D035,U-0243,standard,pull
D035,U-0244,flexible,upper
D035,U-0245,express,push
D035,U-0246,flexible,full_body
D035,U-0247,standard,upper
D035,U-0248,flexible,legs
D035,U-0249,express,upper
D035,U-0250,intense,pull
D035,U-0251,intense,legs
D035,U-0252,standard,upper
D035,U-0253,standard,upper
D035,U-0254,standard,upper
D035,U-0255,intense,push
D035,U-0256,flexible,legs
D035,U-0257,standard,upper
D035,U-0258,flexible,upper
D035,U-0259,flexible,upper
D035,U-0260,express,upper
D035,U-0261,standard,upper
D035,U-0262,standard,upper
D035,U-0263,standard,upper
D035,U-0264,flexible,legs
D035,U-0265,express,upper
D035,U-0266,intense,upper
D035,U-0267,express,push
D035,U-0268,flexible,pull
D035,U-0269,standard,legs
D035,U-0270,flexible,pull
D035,U-0271,flexible,upper
D035,U-0272,intense,upper
D035,U-0273,flexible,legs
D035,U-0274,intense,push
D035,U-0275,flexible,push
D035,U-0276,intense,full_body
D035,U-0277,standard,upper
D035,U-0278,intense,legs
D035,U-0279,intense,push
D035,U-0280,express,full_body
D035,U-0281,intense,legs
D035,U-0282,intense,push
D035,U-0283,intense,upper
D035,U-0284,intense,upper
D035,U-0285,intense,full_body
D035,U-0286,express,push
D035,U-0287,intense,push
D035,U-0288,flexible,legs
D035,U-0289,flexible,push
D035,U-0290,express,push
D035,U-0291,flexible,pull
D035,U-0292,standard,legs
D035,U-0293,intense,upper
D035,U-0294,standard,pull
D035,U-0295,standard,pull
D035,U-0296,express,upper
D035,U-0297,intense,full_body
D035,U-0298,flexible,push
D035,U-0299,standard,pull
D035,U-0300,flexible,upper
D035,U-0301,express,full_body
D035,U-0302,standard,upper
D035,U-0303,flexible,pull
D035,U-0304,standard,full_body
D035,U-0305,intense,push
D035,U-0306,flexible,full_body
D035,U-0307,flexible,pull
D035,U-0308,intense,legs
D035,U-0309,standard,pull
D035,U-0310,flexible,upper
D035,U-0311,standard,legs
D035,U-0312,intense,legs
D035,U-0313,standard,push
D035,U-0314,express,pull
D035,U-0315,express,pull
D035,U-0316,intense,upper
D035,U-0317,express,upper
D035,U-0318,flexible,full_body
D035,U-0319,intense,legs
D035,U-0320,intense,push
D035,U-0321,express,pull
D035,U-0322,standard,legs
D035,U-0323,standard,pull
D035,U-0324,standard,push
D035,U-0325,intense,push
D035,U-0326,express,pull
D035,U-0327,flexible,full_body
D035,U-0328,flexible,full_body
D035,U-0329,standard,pull
D035,U-0330,flexible,full_body
D035,U-0331,intense,push
D035,U-0332,intense,pull
D035,U-0333,flexible,push
D035,U-0334,express,push
D035,U-0335,standard,push
D035,U-0336,express,push
D035,U-0337,intense,upper
D035,U-0338,standard,pull
D035,U-0339,intense,pull
D035,U-0340,standard,pull
D035,U-0341,standard,full_body
D035,U-0342,flexible,upper
D035,U-0343,standard,upper
D035,U-0344,express,legs
D035,U-0345,express,pull
D035,U-0346,flexible,full_body
D035,U-0347,flexible,full_body
D035,U-0348,intense,full_body
D035,U-0349,flexible,push
D035,U-0350,flexible,legs
D035,U-0351,express,upper
D035,U-0352,flexible,upper
D036,U-0001,flexible,upper
D036,U-0002,intense,push
D036,U-0003,intense,pull
D036,U-0004,standard,upper
D036,U-0005,intense,legs
D036,U-0006,intense,full_body
D036,U-0007,flexible,full_body
D036,U-0008,intense,push
D036,U-0009,intense,legs
D036,U-0010,intense,pull
D036,U-0011,intense,pull
D036,U-0012,intense,pull
D036,U-0013,flexible,legs
D036,U-0014,standard,upper
D036,U-0015,flexible,upper
D036,U-0016,flexible,upper
D036,U-0017,express,upper
D036,U-0018,standard,full_body
D036,U-0019,flexible,pull
D036,U-0020,flexible,push
D036,U-0021,standard,upper
D036,U-0022,intense,upper
D036,U-0023,intense,push
D036,U-0024,intense,pull
D036,U-0025,flexible,upper
D036,U-0026,intense,pull
D036,U-0027,intense,legs
D036,U-0028,standard,pull
D036,U-0029,express,legs
D036,U-0030,intense,upper
D036,U-0031,intense,legs
D036,U-0032,standard,legs
D036,U-0033,intense,pull
D036,U-0034,flexible,legs
D036,U-0035,flexible,pull
D036,U-0036,flexible,upper
D036,U-0037,standard,full_body
D036,U-0038,standard,full_body
D036,U-0039,flexible,pull
D036,U-0040,standard,upper
D036,U-0041,intense,full_body
D036,U-0042,standard,pull
D036,U-0043,express,legs
D036,U-0044,flexible,pull
D036,U-0045,standard,upper
D036,U-0046,intense,push
D036,U-0047,standard,pull
D036,U-0048,flexible,push
D036,U-0049,express,push
D036,U-0050,express,full_body
D036,U-0051,standard,push
D036,U-0052,standard,upper
D036,U-0053,flexible,pull
D036,U-0054,express,legs
D036,U-0055,express,upper
D036,U-0056,express,push
D036,U-0057,flexible,pull
D036,U-0058,flexible,full_body
D036,U-0059,express,push
D036,U-0060,flexible,upper
D036,U-0061,standard,full_body
D036,U-0062,standard,upper
D036,U-0063,standard,upper
D036,U-0064,flexible,push
D036,U-0065,standard,legs
D036,U-0066,standard,pull
D036,U-0067,standard,pull
D036,U-0068,flexible,push
D036,U-0069,flexible,upper
D036,U-0070,standard,full_body
D036,U-0071,standard,push
D036,U-0072,standard,upper
D036,U-0073,flexible,legs
D036,U-0074,intense,full_body
D036,U-0075,standard,push
D036,U-0076,intense,push
D036,U-0077,standard,upper
D036,U-0078,standard,legs
D036,U-0079,express,full_body
D036,U-0080,flexible,upper
D036,U-0081,standard,push
D036,U-0082,standard,upper
D036,U-0083,standard,upper
D036,U-0084,express,legs
D036,U-0085,express,pull
D036,U-0086,standard,upper
D036,U-0087,express,push
D036,U-0088,standard,push
D036,U-0089,flexible,legs
D036,U-0090,intense,pull
D036,U-0091,standard,upper
D036,U-0092,intense,pull
D036,U-0093,express,upper
D036,U-0094,flexible,pull
D036,U-0095,express,pull
D036,U-0096,intense,pull
D036,U-0097,intense,pull
D036,U-0098,intense,pull
D036,U-0099,express,full_body
D036,U-0100,flexible,upper
D036,U-0101,flexible,push
D036,U-0102,standard,legs
D036,U-0103,intense,full_body
D036,U-0104,express,upper
D036,U-0105,flexible,upper
D036,U-0106,flexible,pull
D036,U-0107,express,push
D036,U-0108,intense,push
D036,U-0109,flexible,push
D036,U-0110,intense,push
D036,U-0111,express,upper
D036,U-0112,flexible,push
D036,U-0113,flexible,upper
D036,U-0114,intense,upper
D036,U-0115,flexible,full_body
D036,U-0116,standard,push
D036,U-0117,standard,pull
D036,U-0118,standard,push
D036,U-0119,standard,upper
D036,U-0120,intense,pull
D036,U-0121,flexible,upper
D036,U-0122,standard,upper
D036,U-0123,intense,pull
D036,U-0124,intense,legs
D036,U-0125,standard,pull
D036,U-0126,flexible,full_body
D036,U-0127,standard,upper
D036,U-0128,intense,pull
D036,U-0129,standard,full_body
D036,U-0130,express,upper
D036,U-0131,standard,legs
D036,U-0132,flexible,push
D036,U-0133,flexible,legs
D036,U-0134,express,full_body
D036,U-0135,express,legs
D036,U-0136,standard,push
D036,U-0137,intense,pull
D036,U-0138,flexible,pull
D036,U-0139,flexible,pull
D036,U-0140,express,push
D036,U-0141,intense,pull
D036,U-0142,standard,legs
D036,U-0143,flexible,upper
D036,U-0144,intense,push
D036,U-0145,intense,full_body
D036,U-0146,standard,pull
D036,U-0147,flexible,push
D036,U-0148,express,upper
D036,U-0149,express,pull
D036,U-0150,standard,full_body
D036,U-0151,express,full_body
D036,U-0152,flexible,full_body
D036,U-0153,flexible,push
D036,U-0154,express,upper
D036,U-0155,express,pull
D036,U-0156,intense,push
D036,U-0157,standard,full_body
D036,U-0158,express,legs
D036,U-0159,flexible,push
D036,U-0160,express,push
D036,U-0161,standard,push
D036,U-0162,standard,pull
D036,U-0163,standard,pull
D036,U-0164,flexible,upper
D036,U-0165,intense,push
D036,U-0166,standard,pull
D036,U-0167,intense,legs
D036,U-0168,standard,legs
D036,U-0169,standard,full_body
D036,U-0170,intense,upper
D036,U-0171,standard,upper
D036,U-0172,standard,legs
D036,U-0173,flexible,full_body
D036,U-0174,intense,full_body
D036,U-0175,standard,upper
D036,U-0176,express,pull
D036,U-0177,intense,full_body
D036,U-0178,standard,pull
D036,U-0179,standard,legs
D036,U-0180,flexible,push
D036,U-0181,flexible,full_body
D036,U-0182,express,push
D036,U-0183,standard,legs
D036,U-0184,flexible,push
D036,U-0185,flexible,legs
D036,U-0186,express,legs
D036,U-0187,standard,push
D036,U-0188,standard,pull
D036,U-0189,standard,upper
D036,U-0190,standard,pull
D036,U-0191,standard,upper
D036,U-0192,flexible,full_body
D036,U-0193,intense,legs
D036,U-0194,standard,legs
D036,U-0195,flexible,upper
D036,U-0196,express,upper
D036,U-0197,flexible,legs
D036,U-0198,standard,pull
D036,U-0199,flexible,upper
D036,U-0200,intense,pull
D036,U-0201,flexible,push
D036,U-0202,intense,full_body
D036,U-0203,express,full_body
D036,U-0204,standard,upper
D036,U-0205,express,upper
D036,U-0206,intense,legs
D036,U-0207,standard,upper
D036,U-0208,flexible,full_body
D036,U-0209,intense,full_body
D036,U-0210,express,legs
D036,U-0211,standard,pull
D036,U-0212,standard,pull
D036,U-0213,intense,full_body
D036,U-0214,express,legs
D036,U-0215,intense,upper
D036,U-0216,flexible,pull
D036,U-0217,flexible,push
D036,U-0218,intense,push
D036,U-0219,intense,pull
D036,U-0220,flexible,pull
D036,U-0221,standard,full_body
D036,U-0222,flexible,legs
D036,U-0223,intense,pull
D036,U-0224,flexible,legs
D036,U-0225,intense,upper
D036,U-0226,flexible,full_body
D036,U-0227,express,upper
D036,U-0228,intense,upper
D036,U-0229,standard,pull
D036,U-0230,intense,pull
D036,U-0231,flexible,push
D036,U-0232,intense,push
D036,U-0233,intense,legs
D036,U-0234,express,upper
D036,U-0235,standard,pull
D036,U-0236,standard,pull
D036,U-0237,standard,push
D036,U-0238,intense,pull
D036,U-0239,standard,push
D036,U-0240,standard,full_body
D036,U-0241,intense,push
D036,U-0242,intense,upper
D036,U-0243,standard,upper
D036,U-0244,flexible,full_body
D036,U-0245,standard,push
D036,U-0246,express,full_body
D036,U-0247,standard,pull
D036,U-0248,standard,legs
D036,U-0249,standard,pull
D036,U-0250,flexible,upper
D036,U-0251,flexible,upper
D036,U-0252,flexible,upper
D036,U-0253,flexible,push
D036,U-0254,flexible,upper
D036,U-0255,intense,pull
D036,U-0256,intense,upper
D036,U-0257,standard,full_body
D036,U-0258,flexible,full_body
D036,U-0259,intense,upper
D036,U-0260,express,pull
D036,U-0261,flexible,full_body
D036,U-0262,standard,pull
D036,U-0263,standard,pull
D036,U-0264,intense,push
D036,U-0265,intense,legs
D036,U-0266,flexible,push
D036,U-0267,express,pull
D036,U-0268,flexible,upper
D036,U-0269,flexible,upper
D036,U-0270,express,push
D036,U-0271,intense,push
D036,U-0272,standard,full_body
D036,U-0273,intense,full_body
D036,U-0274,flexible,push
D036,U-0275,intense,legs
D036,U-0276,flexible,upper
D036,U-0277,intense,legs
D036,U-0278,flexible,pull
D036,U-0279,flexible,full_body
D036,U-0280,intense,push
D036,U-0281,express,legs
D036,U-0282,flexible,full_body
D036,U-0283,express,pull
D036,U-0284,standard,legs
D036,U-0285,express,upper
D036,U-0286,express,upper
D036,U-0287,standard,pull
D036,U-0288,flexible,upper
D036,U-0289,express,upper
D036,U-0290,standard,pull
D036,U-0291,standard,upper
D036,U-0292,intense,full_body
D036,U-0293,intense,push
D036,U-0294,flexible,legs
D036,U-0295,intense,legs
D036,U-0296,standard,full_body
D036,U-0297,intense,full_body
D036,U-0298,standard,upper
D036,U-0299,intense,upper
D036,U-0300,express,pull
D036,U-0301,express,full_body
D036,U-0302,express,upper
D036,U-0303,standard,upper
D036,U-0304,express,upper
D036,U-0305,flexible,pull
D036,U-0306,flexible,push
D036,U-0307,flexible,push
D036,U-0308,flexible,full_body
D036,U-0309,standard,full_body
D036,U-0310,standard,legs
D036,U-0311,standard,pull
D036,U-0312,standard,pull
D036,U-0313,express,upper
D036,U-0314,express,legs
D036,U-0315,intense,upper
D036,U-0316,intense,legs
D036,U-0317,standard,push
D036,U-0318,flexible,full_body
D036,U-0319,flexible,push
D036,U-0320,express,push
D036,U-0321,express,push
D036,U-0322,standard,pull
D036,U-0323,flexible,full_body
D036,U-0324,flexible,upper
D036,U-0325,flexible,full_body
D036,U-0326,flexible,upper
D036,U-0327,standard,full_body
D036,U-0328,express,upper
D036,U-0329,intense,push
D036,U-0330,intense,push
D036,U-0331,standard,push
D036,U-0332,intense,legs
D036,U-0333,intense,legs
D036,U-0334,standard,pull
D036,U-0335,intense,legs
D036,U-0336,flexible,upper
D036,U-0337,express,pull
D036,U-0338,standard,pull
D036,U-0339,flexible,push
D036,U-0340,standard,upper
D036,U-0341,flexible,pull
D036,U-0342,standard,legs
D036,U-0343,intense,pull
D036,U-0344,intense,upper
D036,U-0345,standard,upper
D036,U-0346,intense,pull
D036,U-0347,standard,push
D036,U-0348,flexible,full_body
D036,U-0349,standard,legs
D036,U-0350,intense,push
D036,U-0351,intense,pull
D036,U-0352,intense,upper
D036,U-0353,express,legs
D036,U-0354,standard,push
D036,U-0355,flexible,pull
D036,U-0356,intense,upper
D036,U-0357,standard,push
D036,U-0358,intense,push
D036,U-0359,intense,legs
D036,U-0360,flexible,push
D036,U-0361,intense,pull
D036,U-0362,flexible,upper
D036,U-0363,flexible,upper
D036,U-0364,flexible,push
D036,U-0365,intense,legs
D036,U-0366,standard,upper
D036,U-0367,intense,upper
D036,U-0368,intense,legs
D036,U-0369,standard,upper
D036,U-0370,intense,legs
D036,U-0371,express,upper
D036,U-0372,flexible,full_body
D036,U-0373,intense,legs
D036,U-0374,express,full_body
D036,U-0375,intense,pull
D036,U-0376,intense,pull
D036,U-0377,flexible,push
D036,U-0378,standard,upper
D036,U-0379,express,legs
D036,U-0380,flexible,push
D036,U-0381,intense,push
D036,U-0382,flexible,full_body
D036,U-0383,standard,pull
D036,U-0384,standard,full_body
D036,U-0385,standard,full_body
D037,U-0001,intense,upper
D037,U-0002,standard,upper
D037,U-0003,flexible,upper
D037,U-0004,flexible,full_body
D037,U-0005,flexible,pull
D037,U-0006,standard,push
D037,U-0007,flexible,upper
D037,U-0008,flexible,push
D037,U-0009,standard,pull
D037,U-0010,intense,legs
D037,U-0011,standard,upper
D037,U-0012,intense,legs
D037,U-0013,standard,full_body
D037,U-0014,intense,full_body
D037,U-0015,flexible,full_body
D037,U-0016,standard,push
D037,U-0017,intense,pull
D037,U-0018,intense,legs
D037,U-0019,intense,upper
D037,U-0020,express,upper
D037,U-0021,standard,legs
D037,U-0022,flexible,push
D037,U-0023,express,upper
D037,U-0024,flexible,upper
D037,U-0025,express,legs
D037,U-0026,intense,legs
D037,U-0027,express,upper
D037,U-0028,flexible,legs
D037,U-0029,flexible,full_body
D037,U-0030,flexible,full_body
D037,U-0031,flexible,legs
D037,U-0032,flexible,legs
D037,U-0033,flexible,push
D037,U-0034,flexible,legs
D037,U-0035,intense,pull
D037,U-0036,express,push
D037,U-0037,intense,push
D037,U-0038,flexible,full_body
D037,U-0039,express,pull
D037,U-0040,flexible,pull
D037,U-0041,express,pull
D037,U-0042,flexible,pull
D037,U-0043,standard,push
D037,U-0044,standard,pull
D037,U-0045,intense,pull
D037,U-0046,intense,pull
D037,U-0047,standard,upper
D037,U-0048,express,legs
D037,U-0049,intense,push
D037,U-0050,express,pull
D037,U-0051,intense,legs
D037,U-0052,standard,pull
D037,U-0053,flexible,upper
D037,U-0054,flexible,upper
D037,U-0055,standard,pull
D037,U-0056,flexible,upper
D037,U-0057,flexible,upper
D037,U-0058,express,full_body
D037,U-0059,intense,push
D037,U-0060,flexible,full_body
D037,U-0061,intense,legs
D037,U-0062,flexible,full_body
D037,U-0063,standard,legs
D037,U-0064,express,push
D037,U-0065,flexible,legs
D037,U-0066,flexible,full_body
D037,U-0067,intense,legs
D037,U-0068,standard,upper
D037,U-0069,flexible,pull
D037,U-0070,flexible,upper
D037,U-0071,flexible,full_body
D037,U-0072,flexible,full_body
D037,U-0073,standard,push
D037,U-0074,intense,push
D037,U-0075,standard,legs
D037,U-0076,intense,push
D037,U-0077,intense,pull
D037,U-0078,intense,push
D037,U-0079,express,legs
D037,U-0080,standard,pull
D037,U-0081,intense,pull
D037,U-0082,express,legs
D037,U-0083,standard,legs
D037,U-0084,standard,upper
D037,U-0085,standard,pull
D037,U-0086,intense,push
D037,U-0087,flexible,full_body
D037,U-0088,intense,pull
D037,U-0089,intense,full_body
D037,U-0090,standard,pull
D037,U-0091,intense,pull
D037,U-0092,standard,legs
D037,U-0093,flexible,legs
D037,U-0094,flexible,upper
D037,U-0095,intense,full_body
D037,U-0096,intense,legs
D037,U-0097,flexible,full_body
D037,U-0098,flexible,legs
D037,U-0099,standard,push
D037,U-0100,standard,push
D037,U-0101,standard,legs
D037,U-0102,flexible,push
D037,U-0103,intense,push
D037,U-0104,express,push
D037,U-0105,intense,pull
D037,U-0106,standard,pull
D037,U-0107,flexible,pull
D037,U-0108,flexible,push
D037,U-0109,standard,legs
D037,U-0110,flexible,upper
D037,U-0111,standard,upper
D037,U-0112,flexible,upper
D037,U-0113,intense,legs
D037,U-0114,flexible,pull
D037,U-0115,express,pull
D037,U-0116,flexible,pull
D037,U-0117,standard,full_body
D037,U-0118,standard,upper
D037,U-0119,flexible,full_body
D037,U-0120,intense,pull
D037,U-0121,standard,legs
D037,U-0122,intense,upper
D037,U-0123,intense,pull
D037,U-0124,intense,legs
D037,U-0125,express,upper
D037,U-0126,standard,pull
D037,U-0127,intense,full_body
D037,U-0128,intense,legs
D037,U-0129,express,legs
D037,U-0130,flexible,pull
D037,U-0131,express,legs
D037,U-0132,flexible,legs
D037,U-0133,standard,upper
D037,U-0134,intense,legs
D037,U-0135,standard,full_body
D037,U-0136,standard,full_body
D037,U-0137,express,legs
D037,U-0138,standard,push
D037,U-0139,flexible,upper
D037,U-0140,express,push
D037,U-0141,flexible,upper
D037,U-0142,intense,pull
D037,U-0143,intense,legs
D037,U-0144,intense,pull
D037,U-0145,standard,upper
D037,U-0146,intense,push
D037,U-0147,express,full_body
D037,U-0148,flexible,full_body
D037,U-0149,flexible,push
D037,U-0150,flexible,full_body
D037,U-0151,intense,upper
D037,U-0152,express,push
D037,U-0153,standard,push
D037,U-0154,flexible,push
D037,U-0155,flexible,legs
D037,U-0156,flexible,upper
D037,U-0157,flexible,upper
D037,U-0158,express,full_body
D037,U-0159,standard,pull
D037,U-0160,intense,pull
D037,U-0161,express,pull
D037,U-0162,flexible,full_body
D037,U-0163,express,upper
D037,U-0164,express,push
D037,U-0165,standard,upper
D037,U-0166,flexible,legs
D037,U-0167,flexible,push
D037,U-0168,intense,pull
D037,U-0169,flexible,full_body
D037,U-0170,intense,pull
D037,U-0171,standard,upper
D037,U-0172,standard,push
D037,U-0173,standard,push
D037,U-0174,flexible,full_body
D037,U-0175,express,full_body
D037,U-0176,standard,legs
D037,U-0177,flexible,push
D037,U-0178,flexible,legs
D037,U-0179,flexible,push
D037,U-0180,standard,pull
D037,U-0181,standard,upper
D037,U-0182,flexible,upper
D037,U-0183,express,upper
D037,U-0184,flexible,push
D037,U-0185,flexible,full_body
D037,U-0186,intense,push
D037,U-0187,flexible,full_body
D037,U-0188,flexible,upper
D037,U-0189,standard,full_body
D037,U-0190,intense,push
D037,U-0191,express,push
D037,U-0192,standard,upper
D037,U-0193,intense,legs
D037,U-0194,standard,pull
D037,U-0195,flexible,upper
D037,U-0196,express,full_body
D037,U-0197,standard,upper
D037,U-0198,standard,upper
D037,U-0199,express,full_body
D037,U-0200,intense,upper
D037,U-0201,intense,legs
D037,U-0202,intense,push
D037,U-0203,standard,push
D037,U-0204,standard,push
D037,U-0205,intense,push
D037,U-0206,flexible,full_body
D037,U-0207,standard,push
D037,U-0208,flexible,legs
D037,U-0209,standard,full_body
D037,U-0210,intense,push
D037,U-0211,intense,push
D037,U-0212,express,pull
D037,U-0213,flexible,legs
D037,U-0214,express,push
D037,U-0215,intense,legs
D037,U-0216,intense,upper
D037,U-0217,express,push
D037,U-0218,standard,push
D037,U-0219,express,full_body
D037,U-0220,standard,upper
D037,U-0221,standard,legs
D037,U-0222,standard,legs
D037,U-0223,intense,upper
D037,U-0224,flexible,full_body
D037,U-0225,flexible,full_body
D037,U-0226,intense,push
D037,U-0227,flexible,upper
D037,U-0228,standard,pull
D037,U-0229,standard,full_body
D037,U-0230,standard,pull
D037,U-0231,standard,upper
D037,U-0232,flexible,full_body
D037,U-0233,intense,full_body
D037,U-0234,flexible,push
D037,U-0235,flexible,upper
D037,U-0236,standard,full_body
D037,U-0237,express,upper
D037,U-0238,intense,push
D037,U-0239,flexible,legs
D037,U-0240,express,push
D037,U-0241,flexible,legs
D037,U-0242,intense,pull
D037,U-0243,standard,full_body
D037,U-0244,standard,legs
D037,U-0245,standard,upper
D037,U-0246,intense,pull
D037,U-0247,flexible,legs
D037,U-0248,flexible,legs
D037,U-0249,flexible,pull
D037,U-0250,intense,full_body
D037,U-0251,flexible,full_body
D037,U-0252,standard,full_body
D037,U-0253,flexible,full_body
D037,U-0254,express,push
D037,U-0255,standard,upper
D037,U-0256,standard,legs
D037,U-0257,flexible,full_body
D037,U-0258,standard,upper
D037,U-0259,standard,push
D037,U-0260,flexible,upper
D037,U-0261,intense,legs
D037,U-0262,standard,legs
D037,U-0263,flexible,upper
D037,U-0264,flexible,full_body
D037,U-0265,express,full_body
D037,U-0266,express,pull
D037,U-0267,express,upper
D037,U-0268,standard,legs
D037,U-0269,standard,full_body
D037,U-0270,standard,legs
D037,U-0271,intense,legs
D037,U-0272,intense,push
D037,U-0273,flexible,upper
D037,U-0274,standard,full_body
D037,U-0275,intense,legs
D037,U-0276,intense,legs
D037,U-0277,intense,full_body
D037,U-0278,standard,push
D037,U-0279,standard,push
D037,U-0280,flexible,pull
D037,U-0281,flexible,full_body
D037,U-0282,intense,legs
D037,U-0283,flexible,legs
D037,U-0284,intense,push
D037,U-0285,standard,full_body
D037,U-0286,standard,full_body
D037,U-0287,express,full_body
D037,U-0288,standard,push
D037,U-0289,express,pull
D037,U-0290,intense,push
D037,U-0291,flexible,upper
D037,U-0292,standard,legs
D037,U-0293,flexible,push
D037,U-0294,intense,full_body
D037,U-0295,flexible,legs
D037,U-0296,intense,upper
D037,U-0297,express,full_body
D037,U-0298,flexible,upper
D037,U-0299,flexible,upper
D037,U-0300,intense,legs
D037,U-0301,express,upper
D037,U-0302,standard,pull
D037,U-0303,intense,push
D037,U-0304,standard,full_body
D037,U-0305,express,legs
D037,U-0306,express,full_body
D037,U-0307,express,legs
D037,U-0308,standard,legs
D037,U-0309,standard,legs
D037,U-0310,express,full_body
D037,U-0311,flexible,pull
D037,U-0312,flexible,legs
D037,U-0313,standard,upper
D037,U-0314,standard,push
D037,U-0315,flexible,full_body
D037,U-0316,standard,pull
D037,U-0317,standard,upper
D037,U-0318,intense,legs
D037,U-0319,standard,full_body
D037,U-0320,flexible,legs
D037,U-0321,express,push
D037,U-0322,express,full_body
D037,U-0323,flexible,push
D037,U-0324,flexible,upper
D037,U-0325,flexible,legs
D037,U-0326,standard,upper
D037,U-0327,intense,legs
D037,U-0328,standard,upper
D037,U-0329,intense,pull
D037,U-0330,intense,legs
D037,U-0331,standard,push
D037,U-0332,standard,push
D037,U-0333,express,legs
D037,U-0334,flexible,push
D037,U-0335,flexible,upper
D037,U-0336,standard,push
D037,U-0337,standard,upper
D037,U-0338,express,legs
D037,U-0339,intense,full_body
D037,U-0340,standard,legs
D037,U-0341,flexible,pull
D037,U-0342,express,legs
D037,U-0343,express,upper
D037,U-0344,express,legs
D037,U-0345,standard,upper
D037,U-0346,express,upper
D037,U-0347,flexible,pull
D037,U-0348,intense,upper
D037,U-0349,intense,upper
D037,U-0350,flexible,legs
D037,U-0351,flexible,legs
D037,U-0352,intense,upper
D037,U-0353,intense,push
D037,U-0354,standard,full_body
D037,U-0355,intense,pull
D037,U-0356,standard,upper
D037,U-0357,flexible,upper
D037,U-0358,intense,push
D037,U-0359,flexible,upper
D037,U-0360,standard,upper
D037,U-0361,flexible,legs
D037,U-0362,standard,push
D037,U-0363,flexible,upper
D037,U-0364,intense,upper
D037,U-0365,standard,upper
D037,U-0366,intense,legs
D037,U-0367,intense,pull
D037,U-0368,standard,upper
D037,U-0369,standard,legs
D037,U-0370,flexible,full_body
D037,U-0371,standard,push
D037,U-0372,standard,push
D037,U-0373,flexible,full_body
D037,U-0374,express,full_body
D037,U-0375,flexible,legs
D037,U-0376,intense,full_body
D037,U-0377,flexible,upper
D037,U-0378,intense,push
D037,U-0379,flexible,upper
D037,U-0380,flexible,legs
D037,U-0381,intense,legs
D037,U-0382,flexible,pull
D037,U-0383,intense,upper
D037,U-0384,express,pull
D037,U-0385,standard,full_body
D037,U-0386,express,legs
D037,U-0387,intense,full_body
D037,U-0388,intense,pull
D037,U-0389,flexible,pull
D037,U-0390,standard,legs
D037,U-0391,standard,push
D037,U-0392,intense,pull
D037,U-0393,express,push
D037,U-0394,standard,pull
D037,U-0395,intense,push
D037,U-0396,intense,pull
D037,U-0397,flexible,upper
D037,U-0398,express,full_body
D037,U-0399,standard,pull
D037,U-0400,express,upper
D037,U-0401,flexible,full_body
D037,U-0402,flexible,full_body
D037,U-0403,standard,pull
D037,U-0404,standard,legs
D037,U-0405,standard,pull
D037,U-0406,flexible,upper
D037,U-0407,intense,upper
D037,U-0408,standard,legs
D037,U-0409,express,pull
D037,U-0410,standard,push
D037,U-0411,flexible,full_body
D037,U-0412,standard,upper
D037,U-0413,standard,full_body
D037,U-0414,standard,upper
D037,U-0415,standard,pull
D037,U-0416,intense,upper
D037,U-0417,intense,pull
D038,U-0001,flexible,legs
D038,U-0002,express,upper
D038,U-0003,flexible,push
D038,U-0004,standard,push
D038,U-0005,flexible,upper
D038,U-0006,flexible,upper
D038,U-0007,intense,legs
D038,U-0008,standard,legs
D038,U-0009,standard,full_body
D038,U-0010,flexible,upper
D038,U-0011,flexible,legs
D038,U-0012,intense,push
D038,U-0013,standard,upper
D038,U-0014,flexible,upper
D038,U-0015,intense,full_body
D038,U-0016,flexible,pull
D038,U-0017,express,pull
D038,U-0018,standard,full_body
D038,U-0019,intense,push
D038,U-0020,flexible,legs
D038,U-0021,intense,legs
D038,U-0022,standard,push
D038,U-0023,intense,upper
D038,U-0024,flexible,upper
D038,U-0025,intense,pull
D038,U-0026,standard,upper
D038,U-0027,intense,legs
D038,U-0028,standard,legs
D038,U-0029,flexible,push
D038,U-0030,standard,upper
D038,U-0031,flexible,push
D038,U-0032,intense,upper
D038,U-0033,intense,full_body
D038,U-0034,standard,full_body
D038,U-0035,standard,pull
D038,U-0036,flexible,upper
D038,U-0037,standard,upper
D038,U-0038,express,full_body
D038,U-0039,express,upper
D038,U-0040,flexible,legs
D038,U-0041,express,legs
D038,U-0042,standard,pull
D038,U-0043,flexible,legs
D038,U-0044,express,pull
D038,U-0045,intense,pull
D038,U-0046,flexible,pull
D038,U-0047,standard,full_body
D038,U-0048,express,full_body
D038,U-0049,intense,full_body
D038,U-0050,flexible,legs
D038,U-0051,standard,pull
D038,U-0052,intense,upper
D038,U-0053,flexible,full_body
D038,U-0054,flexible,full_body
D038,U-0055,intense,push
D038,U-0056,intense,full_body
D038,U-0057,flexible,legs
D038,U-0058,express,pull
D038,U-0059,express,pull
D038,U-0060,express,legs
D038,U-0061,standard,upper
D038,U-0062,intense,legs
D038,U-0063,flexible,full_body
D038,U-0064,standard,full_body
D038,U-0065,intense,legs
D038,U-0066,express,pull
D038,U-0067,intense,upper
D038,U-0068,express,legs
D038,U-0069,intense,legs
D038,U-0070,express,upper
D038,U-0071,standard,legs
D038,U-0072,standard,full_body
D038,U-0073,intense,pull
D038,U-0074,standard,full_body
D038,U-0075,intense,legs
D038,U-0076,standard,upper
D038,U-0077,flexible,upper
D038,U-0078,intense,push
D038,U-0079,intense,push
D038,U-0080,intense,pull
D038,U-0081,flexible,push
D038,U-0082,intense,push
D038,U-0083,standard,upper
D038,U-0084,standard,full_body
D038,U-0085,intense,upper
D038,U-0086,intense,full_body
D038,U-0087,intense,legs
D038,U-0088,standard,push
D038,U-0089,flexible,legs
D038,U-0090,express,push
D038,U-0091,intense,upper
D038,U-0092,intense,upper
D038,U-0093,flexible,upper
D038,U-0094,flexible,push
D038,U-0095,flexible,full_body
D038,U-0096,standard,push
D038,U-0097,standard,full_body
D038,U-0098,flexible,full_body
D038,U-0099,standard,full_body
D038,U-0100,standard,full_body
D038,U-0101,express,full_body
D038,U-0102,standard,push
D038,U-0103,express,upper
D038,U-0104,express,upper
D038,U-0105,flexible,legs
D038,U-0106,flexible,upper
D038,U-0107,standard,legs
D038,U-0108,flexible,upper
D038,U-0109,flexible,upper
D038,U-0110,flexible,pull
D038,U-0111,express,push
D038,U-0112,standard,full_body
D038,U-0113,express,full_body
D038,U-0114,flexible,upper
D038,U-0115,express,push
D038,U-0116,intense,pull
D038,U-0117,flexible,pull
D038,U-0118,standard,push
D038,U-0119,express,pull
D038,U-0120,flexible,full_body
D038,U-0121,intense,pull
D038,U-0122,standard,full_body
D038,U-0123,intense,legs
D038,U-0124,intense,pull
D038,U-0125,intense,legs
D038,U-0126,express,upper
D038,U-0127,standard,pull
D038,U-0128,intense,push
D038,U-0129,express,push
D038,U-0130,flexible,full_body
D038,U-0131,express,pull
D038,U-0132,flexible,full_body
D038,U-0133,flexible,full_body
D038,U-0134,intense,push
D038,U-0135,standard,full_body
D038,U-0136,express,push
D038,U-0137,intense,upper
D038,U-0138,intense,push
D038,U-0139,intense,legs
D038,U-0140,intense,push
D038,U-0141,express,full_body
D038,U-0142,standard,push
D038,U-0143,standard,upper
D038,U-0144,intense,legs
D038,U-0145,standard,legs
D038,U-0146,standard,legs
D038,U-0147,intense,push
D038,U-0148,express,full_body
D038,U-0149,intense,legs
D038,U-0150,flexible,upper
D038,U-0151,flexible,upper
D038,U-0152,express,full_body
D038,U-0153,flexible,full_body
D038,U-0154,standard,upper
D038,U-0155,standard,upper
D038,U-0156,intense,legs
D038,U-0157,flexible,upper
D038,U-0158,intense,upper
D038,U-0159,standard,upper
D038,U-0160,standard,full_body
D038,U-0161,express,legs
D038,U-0162,express,legs
D038,U-0163,intense,legs
D038,U-0164,intense,pull
D038,U-0165,express,legs
D038,U-0166,standard,pull
D038,U-0167,standard,push
D038,U-0168,express,push
D038,U-0169,intense,push
D038,U-0170,intense,push
D038,U-0171,standard,push
D038,U-0172,intense,pull
D038,U-0173,standard,pull
D038,U-0174,express,push
D038,U-0175,express,upper
D038,U-0176,standard,upper
D038,U-0177,flexible,pull
D038,U-0178,standard,legs
D038,U-0179,intense,legs
D038,U-0180,intense,pull
D038,U-0181,flexible,push
D038,U-0182,flexible,full_body
D038,U-0183,standard,full_body
D038,U-0184,intense,pull
D038,U-0185,intense,legs
D038,U-0186,express,upper
D038,U-0187,intense,pull
D038,U-0188,intense,legs
D038,U-0189,express,upper
D038,U-0190,express,upper
D038,U-0191,intense,push
D038,U-0192,standard,legs
D038,U-0193,intense,upper
D038,U-0194,express,pull
D038,U-0195,standard,upper
D038,U-0196,flexible,upper
D038,U-0197,flexible,upper
D038,U-0198,standard,full_body
D038,U-0199,flexible,upper
D038,U-0200,express,upper
D038,U-0201,standard,upper
D038,U-0202,standard,push
D038,U-0203,flexible,upper
D038,U-0204,express,pull
D038,U-0205,flexible,full_body
D038,U-0206,intense,push
D038,U-0207,intense,pull
D038,U-0208,intense,full_body
D038,U-0209,intense,legs
D038,U-0210,intense,pull
D038,U-0211,express,upper
D038,U-0212,flexible,full_body
D038,U-0213,express,upper
D038,U-0214,standard,full_body
D038,U-0215,intense,pull
D038,U-0216,standard,upper
D038,U-0217,flexible,upper
D038,U-0218,flexible,upper
D038,U-0219,intense,push
D038,U-0220,intense,push
D038,U-0221,intense,pull
D038,U-0222,flexible,upper
D038,U-0223,flexible,push
D038,U-0224,intense,pull
D038,U-0225,standard,push
D038,U-0226,standard,push
D038,U-0227,intense,upper
D038,U-0228,flexible,pull
D038,U-0229,flexible,full_body
D038,U-0230,express,pull
D038,U-0231,standard,upper
D038,U-0232,standard,upper
D038,U-0233,intense,pull
D038,U-0234,intense,upper
D038,U-0235,standard,upper
D038,U-0236,flexible,upper
D038,U-0237,intense,pull
D038,U-0238,express,full_body
D038,U-0239,flexible,upper
D038,U-0240,express,pull
D038,U-0241,standard,pull
D038,U-0242,intense,upper
D038,U-0243,standard,pull
D038,U-0244,standard,push
D038,U-0245,intense,upper
D038,U-0246,intense,push
D038,U-0247,standard,full_body
D038,U-0248,flexible,upper
D038,U-0249,intense,upper
D038,U-0250,standard,upper
D038,U-0251,flexible,full_body
D038,U-0252,intense,pull
D038,U-0253,standard,legs
D038,U-0254,intense,push
D038,U-0255,flexible,pull
D038,U-0256,standard,upper
D038,U-0257,flexible,legs
D038,U-0258,flexible,legs
D038,U-0259,intense,push
D038,U-0260,flexible,push
D038,U-0261,intense,pull
D038,U-0262,standard,legs
D038,U-0263,flexible,full_body
D038,U-0264,standard,legs
D038,U-0265,express,upper
D038,U-0266,flexible,full_body
D038,U-0267,intense,legs
D038,U-0268,express,push
D038,U-0269,standard,legs
D038,U-0270,flexible,full_body
D038,U-0271,standard,upper
D038,U-0272,intense,full_body
D038,U-0273,flexible,upper
D038,U-0274,standard,upper
D038,U-0275,intense,pull
D038,U-0276,express,pull
D038,U-0277,intense,pull
D038,U-0278,express,upper
D038,U-0279,flexible,full_body
D038,U-0280,intense,push
D038,U-0281,flexible,push
D038,U-0282,standard,full_body
D038,U-0283,flexible,full_body
D038,U-0284,flexible,full_body
D038,U-0285,flexible,full_body
D038,U-0286,standard,upper
D038,U-0287,intense,push
D038,U-0288,intense,legs
D038,U-0289,intense,push
D038,U-0290,flexible,push
D038,U-0291,express,push
D038,U-0292,flexible,upper
D038,U-0293,standard,push
D038,U-0294,flexible,upper
D038,U-0295,express,full_body
D038,U-0296,express,push
D038,U-0297,flexible,legs
D038,U-0298,intense,upper
D038,U-0299,standard,pull
D038,U-0300,flexible,pull
D038,U-0301,express,legs
D038,U-0302,flexible,upper
D038,U-0303,express,upper
D038,U-0304,standard,full_body
D038,U-0305,intense,upper
D038,U-0306,intense,legs
D038,U-0307,flexible,full_body
D038,U-0308,intense,pull
D038,U-0309,express,legs
D038,U-0310,standard,upper
D038,U-0311,intense,full_body
D038,U-0312,flexible,pull
D038,U-0313,flexible,full_body
D038,U-0314,standard,upper
D038,U-0315,standard,legs
D038,U-0316,flexible,pull
D038,U-0317,flexible,upper
D038,U-0318,flexible,pull
D038,U-0319,intense,push
D038,U-0320,flexible,full_body
D038,U-0321,standard,push
D038,U-0322,flexible,push
D038,U-0323,standard,upper
D038,U-0324,express,upper
D038,U-0325,express,upper
D038,U-0326,intense,pull
D038,U-0327,intense,pull
D038,U-0328,intense,legs
D038,U-0329,standard,upper
D038,U-0330,intense,full_body
D038,U-0331,intense,pull
D038,U-0332,standard,upper
D038,U-0333,express,full_body
D038,U-0334,intense,push
D038,U-0335,express,upper
D038,U-0336,flexible,pull
D038,U-0337,flexible,legs
D038,U-0338,flexible,upper
D038,U-0339,intense,upper
D038,U-0340,intense,push
D038,U-0341,express,pull
D038,U-0342,intense,upper
D038,U-0343,intense,upper
D038,U-0344,standard,legs
D038,U-0345,express,pull
D038,U-0346,standard,legs
D038,U-0347,flexible,pull
D038,U-0348,flexible,full_body
D038,U-0349,standard,pull
D038,U-0350,express,push
D038,U-0351,standard,full_body
D038,U-0352,standard,push
D038,U-0353,flexible,upper
D038,U-0354,standard,upper
D038,U-0355,standard,pull
D038,U-0356,standard,pull
D038,U-0357,flexible,full_body
D038,U-0358,standard,pull
D038,U-0359,intense,pull
D038,U-0360,intense,full_body
D038,U-0361,express,upper
D038,U-0362,intense,legs
D038,U-0363,standard,upper
D038,U-0364,flexible,full_body
D038,U-0365,standard,pull
D038,U-0366,flexible,pull
D038,U-0367,standard,upper
D038,U-0368,standard,pull
D038,U-0369,intense,upper
D038,U-0370,intense,full_body
D038,U-0371,flexible,upper
D038,U-0372,express,upper
D038,U-0373,intense,push
D038,U-0374,intense,pull
D038,U-0375,intense,pull
D038,U-0376,standard,upper
D038,U-0377,flexible,full_body
D038,U-0378,intense,upper
D038,U-0379,flexible,legs
D038,U-0380,express,upper
D038,U-0381,flexible,legs
D038,U-0382,intense,full_body
D038,U-0383,intense,pull
D038,U-0384,flexible,upper
D039,U-0001,intense,full_body
D039,U-0002,flexible,full_body
D039,U-0003,intense,push
D039,U-0004,intense,full_body
D039,U-0005,express,pull
D039,U-0006,standard,full_body
D039,U-0007,intense,push
D039,U-0008,intense,upper
D039,U-0009,express,legs
D039,U-0010,standard,upper
D039,U-0011,intense,pull
D039,U-0012,standard,upper
D039,U-0013,express,legs
D039,U-0014,standard,pull
D039,U-0015,flexible,pull
D039,U-0016,standard,full_body
D039,U-0017,standard,full_body
D039,U-0018,standard,pull
D039,U-0019,standard,legs
D039,U-0020,intense,legs
D039,U-0021,standard,legs
D039,U-0022,intense,pull
D039,U-0023,flexible,upper
D039,U-0024,standard,legs
D039,U-0025,intense,pull
D039,U-0026,standard,pull
D039,U-0027,intense,pull
D039,U-0028,flexible,upper
D039,U-0029,express,pull
D039,U-0030,flexible,pull
D039,U-0031,express,legs
D039,U-0032,express,upper
D039,U-0033,intense,push
D039,U-0034,flexible,full_body
D039,U-0035,standard,pull
D039,U-0036,intense,upper
D039,U-0037,express,upper
D039,U-0038,standard,upper
D039,U-0039,flexible,push
D039,U-0040,flexible,pull
D039,U-0041,standard,upper
D039,U-0042,express,upper
D039,U-0043,intense,full_body
D039,U-0044,express,push
D039,U-0045,flexible,full_body
D039,U-0046,flexible,pull
D039,U-0047,standard,full_body
D039,U-0048,express,push
D039,U-0049,intense,pull
D039,U-0050,intense,upper
D039,U-0051,intense,pull
D039,U-0052,flexible,full_body
D039,U-0053,flexible,full_body
D039,U-0054,flexible,pull
D039,U-0055,express,pull
D039,U-0056,flexible,full_body
D039,U-0057,standard,push
D039,U-0058,flexible,legs
D039,U-0059,intense,pull
D039,U-0060,flexible,full_body
D039,U-0061,standard,pull
D039,U-0062,intense,push
D039,U-0063,intense,upper
D039,U-0064,express,pull
D039,U-0065,standard,full_body
D039,U-0066,intense,push
D039,U-0067,flexible,upper
D039,U-0068,express,pull
D039,U-0069,flexible,legs
D039,U-0070,flexible,full_body
D039,U-0071,intense,upper
D039,U-0072,standard,upper
D039,U-0073,express,pull
D039,U-0074,standard,full_body
D039,U-0075,intense,legs
D039,U-0076,flexible,legs
D039,U-0077,standard,full_body
D039,U-0078,flexible,upper
D039,U-0079,intense,pull
D039,U-0080,standard,legs
D039,U-0081,express,push
D039,U-0082,flexible,legs
D039,U-0083,standard,pull
D039,U-0084,intense,upper
D039,U-0085,intense,upper
D039,U-0086,flexible,upper
D039,U-0087,intense,legs
D039,U-0088,intense,full_body
D039,U-0089,intense,pull
D039,U-0090,flexible,legs
D039,U-0091,intense,push
D039,U-0092,standard,upper
D039,U-0093,express,legs
D039,U-0094,flexible,upper
D039,U-0095,intense,full_body
D039,U-0096,standard,pull
D039,U-0097,standard,legs
D039,U-0098,express,legs
D039,U-0099,standard,upper
D039,U-0100,flexible,upper
D039,U-0101,intense,upper
D039,U-0102,flexible,full_body
D039,U-0103,standard,upper
D039,U-0104,standard,upper
D039,U-0105,express,full_body
D039,U-0106,standard,pull
D039,U-0107,standard,legs
D039,U-0108,flexible,pull
D039,U-0109,intense,full_body
D039,U-0110,express,pull
D039,U-0111,flexible,pull
D039,U-0112,intense,push
D039,U-0113,flexible,full_body
D039,U-0114,intense,legs
D039,U-0115,flexible,pull
D039,U-0116,flexible,upper
D039,U-0117,standard,push
D039,U-0118,standard,push
D039,U-0119,flexible,upper
D039,U-0120,intense,pull
D039,U-0121,intense,pull
D039,U-0122,flexible,upper
D039,U-0123,intense,upper
D039,U-0124,intense,legs
D039,U-0125,flexible,pull
D039,U-0126,flexible,legs
D039,U-0127,standard,push
D039,U-0128,intense,upper
D039,U-0129,intense,pull
D039,U-0130,flexible,full_body
D039,U-0131,flexible,full_body
D039,U-0132,intense,push
D039,U-0133,intense,pull
D039,U-0134,express,upper
D039,U-0135,standard,full_body
D039,U-0136,intense,legs
D039,U-0137,express,upper
D039,U-0138,express,upper
D039,U-0139,flexible,upper
D039,U-0140,flexible,legs
D039,U-0141,intense,legs
D039,U-0142,standard,full_body
D039,U-0143,intense,push
D039,U-0144,flexible,upper
D039,U-0145,standard,full_body
D039,U-0146,flexible,pull
D039,U-0147,standard,push
D039,U-0148,intense,upper
D039,U-0149,standard,push
D039,U-0150,standard,upper
D039,U-0151,intense,push
D039,U-0152,express,legs
D039,U-0153,standard,pull
D039,U-0154,standard,push
D039,U-0155,express,full_body
D039,U-0156,standard,pull
D039,U-0157,flexible,legs
D039,U-0158,standard,legs
D039,U-0159,intense,pull
D039,U-0160,standard,pull
D039,U-0161,intense,legs
D039,U-0162,standard,push
D039,U-0163,intense,pull
D039,U-0164,flexible,full_body
D039,U-0165,intense,push
D039,U-0166,flexible,upper
D039,U-0167,intense,legs
D039,U-0168,intense,pull
D039,U-0169,flexible,full_body
D039,U-0170,intense,legs
D039,U-0171,intense,upper
D039,U-0172,intense,push
D039,U-0173,express,full_body
D039,U-0174,standard,push
D039,U-0175,intense,pull
D039,U-0176,intense,push
D039,U-0177,intense,upper
D039,U-0178,flexible,full_body
D039,U-0179,express,upper
D039,U-0180,express,full_body
D039,U-0181,standard,pull
D039,U-0182,flexible,full_body
D039,U-0183,express,full_body
D039,U-0184,intense,push
D039,U-0185,flexible,pull
D039,U-0186,intense,legs
D039,U-0187,flexible,push
D039,U-0188,standard,pull
D039,U-0189,flexible,legs
D039,U-0190,flexible,full_body
D039,U-0191,flexible,push
D039,U-0192,flexible,upper
D039,U-0193,intense,upper
D039,U-0194,standard,full_body
D039,U-0195,standard,full_body
D039,U-0196,standard,push
D039,U-0197,express,upper
D039,U-0198,express,pull
D039,U-0199,flexible,pull
D039,U-0200,intense,push
D039,U-0201,flexible,pull
D039,U-0202,standard,pull
D039,U-0203,standard,push
D039,U-0204,standard,upper
D039,U-0205,intense,push
D039,U-0206,intense,pull
D039,U-0207,flexible,upper
D039,U-0208,flexible,upper
D039,U-0209,flexible,pull
D039,U-0210,flexible,upper
D039,U-0211,standard,push
D039,U-0212,standard,full_body
D039,U-0213,standard,full_body
D039,U-0214,flexible,upper
D039,U-0215,flexible,full_body
D039,U-0216,standard,upper
D039,U-0217,flexible,pull
D039,U-0218,express,push
D039,U-0219,intense,pull
D039,U-0220,standard,upper
D039,U-0221,flexible,full_body
D039,U-0222,flexible,full_body
D039,U-0223,standard,pull
D039,U-0224,intense,legs
D039,U-0225,flexible,upper
D039,U-0226,intense,push
D039,U-0227,standard,pull
D039,U-0228,flexible,push
D039,U-0229,intense,legs
D039,U-0230,intense,legs
D039,U-0231,standard,push
D039,U-0232,intense,upper
D039,U-0233,standard,pull
D039,U-0234,standard,push
D039,U-0235,standard,push
D039,U-0236,standard,legs
D039,U-0237,standard,push
D039,U-0238,flexible,push
D039,U-0239,flexible,legs
D039,U-0240,standard,full_body
D039,U-0241,standard,upper
D039,U-0242,flexible,upper
D039,U-0243,flexible,legs
D039,U-0244,flexible,full_body
D039,U-0245,flexible,push
D039,U-0246,intense,pull
D039,U-0247,intense,legs
D039,U-0248,standard,push
D039,U-0249,express,pull
D039,U-0250,flexible,full_body
D039,U-0251,flexible,legs
D039,U-0252,express,legs
D039,U-0253,flexible,push
D039,U-0254,standard,pull
D039,U-0255,flexible,upper
D039,U-0256,flexible,push
D039,U-0257,standard,pull
D039,U-0258,intense,upper
D039,U-0259,standard,full_body
D039,U-0260,express,pull
D039,U-0261,standard,pull
D039,U-0262,flexible,full_body
D039,U-0263,intense,pull
D039,U-0264,express,push
D039,U-0265,flexible,legs
D039,U-0266,intense,push
D039,U-0267,intense,upper
D039,U-0268,flexible,upper
D039,U-0269,express,upper
D039,U-0270,flexible,legs
D039,U-0271,intense,legs
D039,U-0272,standard,upper
D039,U-0273,intense,legs
D039,U-0274,intense,upper
D039,U-0275,flexible,upper
D039,U-0276,express,legs
D039,U-0277,intense,push
D039,U-0278,intense,legs
D039,U-0279,express,pull
D039,U-0280,standard,upper
D039,U-0281,intense,legs
D039,U-0282,express,full_body
D039,U-0283,standard,upper
D039,U-0284,standard,push
D039,U-0285,standard,upper
D039,U-0286,standard,pull
D039,U-0287,standard,pull
D039,U-0288,intense,legs
D039,U-0289,express,pull
D039,U-0290,express,legs
D039,U-0291,intense,push
D039,U-0292,intense,upper
D039,U-0293,standard,full_body
D039,U-0294,express,legs
D039,U-0295,flexible,push
D039,U-0296,flexible,full_body
D039,U-0297,intense,pull
D039,U-0298,flexible,full_body
D039,U-0299,intense,pull
D039,U-0300,intense,full_body
D039,U-0301,standard,full_body
D039,U-0302,intense,push
D039,U-0303,flexible,push
D039,U-0304,flexible,legs
D039,U-0305,standard,pull
D039,U-0306,standard,legs
D039,U-0307,standard,pull
D039,U-0308,flexible,upper
D039,U-0309,standard,full_body
D039,U-0310,flexible,legs
D039,U-0311,standard,push
D039,U-0312,standard,push
D039,U-0313,intense,push
D039,U-0314,standard,upper
D039,U-0315,express,legs
D039,U-0316,flexible,full_body
D039,U-0317,standard,upper
D039,U-0318,flexible,legs
D039,U-0319,intense,pull
D039,U-0320,flexible,full_body
D039,U-0321,intense,push
D039,U-0322,express,upper
D039,U-0323,flexible,push
D039,U-0324,flexible,pull
D039,U-0325,flexible,upper
D039,U-0326,standard,upper
D039,U-0327,standard,full_body
D039,U-0328,standard,full_body
D039,U-0329,standard,upper
D039,U-0330,flexible,upper
D039,U-0331,express,upper
D039,U-0332,standard,upper
D039,U-0333,express,push
D039,U-0334,flexible,full_body
D039,U-0335,intense,upper
D039,U-0336,intense,push
D039,U-0337,flexible,upper
D039,U-0338,intense,push
D039,U-0339,flexible,upper
D039,U-0340,express,pull
D039,U-0341,flexible,legs
D039,U-0342,standard,upper
D039,U-0343,standard,legs
D039,U-0344,intense,pull
D039,U-0345,flexible,upper
D039,U-0346,intense,push
D039,U-0347,flexible,full_body
D039,U-0348,standard,upper
D039,U-0349,intense,legs
D039,U-0350,flexible,pull
D039,U-0351,express,push
D039,U-0352,standard,full_body
D039,U-0353,flexible,full_body
D039,U-0354,express,legs
D039,U-0355,express,pull
D039,U-0356,flexible,push
D039,U-0357,intense,push
D039,U-0358,intense,legs
D039,U-0359,flexible,upper
D039,U-0360,standard,pull
D039,U-0361,express,legs
D039,U-0362,intense,push
D039,U-0363,standard,legs
D039,U-0364,intense,push
D039,U-0365,intense,full_body
D039,U-0366,standard,upper
D039,U-0367,express,full_body
D039,U-0368,intense,pull
D039,U-0369,intense,legs
D039,U-0370,standard,pull
D039,U-0371,standard,full_body
D039,U-0372,standard,upper
D039,U-0373,intense,pull
D039,U-0374,express,pull
D039,U-0375,express,upper
D039,U-0376,intense,pull
D039,U-0377,standard,full_body
D039,U-0378,standard,full_body
D039,U-0379,standard,pull
D039,U-0380,intense,full_body
D039,U-0381,standard,push
D039,U-0382,intense,push
D039,U-0383,intense,full_body
D039,U-0384,intense,push
D039,U-0385,express,legs
D039,U-0386,express,upper
D039,U-0387,express,push
D039,U-0388,standard,upper
D039,U-0389,flexible,full_body
D039,U-0390,flexible,legs
D039,U-0391,express,pull
D039,U-0392,standard,pull
D039,U-0393,flexible,push
D039,U-0394,intense,upper
D039,U-0395,express,pull
D039,U-0396,standard,upper
D039,U-0397,flexible,push
D040,U-0001,express,upper
D040,U-0002,intense,pull
D040,U-0003,standard,upper
D040,U-0004,intense,push
D040,U-0005,flexible,full_body
D040,U-0006,express,upper
D040,U-0007,intense,upper
D040,U-0008,express,push
D040,U-0009,standard,push
D040,U-0010,express,legs
D040,U-0011,flexible,full_body
D040,U-0012,flexible,upper
D040,U-0013,standard,upper
D040,U-0014,standard,pull
D040,U-0015,intense,legs
D040,U-0016,standard,full_body
D040,U-0017,standard,full_body
D040,U-0018,intense,legs
D040,U-0019,standard,pull
D040,U-0020,express,push
D040,U-0021,flexible,full_body
D040,U-0022,standard,pull
D040,U-0023,express,push
D040,U-0024,intense,push
D040,U-0025,express,pull
D040,U-0026,standard,push
D040,U-0027,express,upper
D040,U-0028,standard,push
D040,U-0029,flexible,push
D040,U-0030,standard,pull
D040,U-0031,flexible,upper
D040,U-0032,flexible,full_body
D040,U-0033,flexible,full_body
D040,U-0034,standard,full_body
D040,U-0035,intense,upper
D040,U-0036,intense,push
D040,U-0037,flexible,legs
D040,U-0038,intense,legs
D040,U-0039,intense,full_body
D040,U-0040,standard,upper
D040,U-0041,standard,pull
D040,U-0042,express,legs
D040,U-0043,standard,legs
D040,U-0044,express,upper
D040,U-0045,express,pull
D040,U-0046,intense,pull
D040,U-0047,intense,full_body
D040,U-0048,express,push
D040,U-0049,standard,legs
D040,U-0050,standard,upper
D040,U-0051,standard,pull
D040,U-0052,standard,push
D040,U-0053,express,pull
D040,U-0054,standard,legs
D040,U-0055,standard,legs
D040,U-0056,flexible,full_body
D040,U-0057,intense,legs
D040,U-0058,flexible,push
D040,U-0059,flexible,pull
D040,U-0060,flexible,upper
D040,U-0061,flexible,pull
D040,U-0062,flexible,full_body
D040,U-0063,flexible,full_body
D040,U-0064,intense,upper
D040,U-0065,standard,upper
D040,U-0066,flexible,upper
D040,U-0067,standard,pull
D040,U-0068,flexible,upper
D040,U-0069,flexible,full_body
D040,U-0070,standard,pull
D040,U-0071,express,full_body
D040,U-0072,standard,pull
D040,U-0073,express,full_body
D040,U-0074,flexible,full_body
D040,U-0075,standard,legs
D040,U-0076,intense,push
D040,U-0077,flexible,legs
D040,U-0078,flexible,pull
D040,U-0079,intense,push
D040,U-0080,standard,upper
D040,U-0081,flexible,pull
D040,U-0082,intense,full_body
D040,U-0083,intense,pull
D040,U-0084,express,legs
D040,U-0085,flexible,full_body
D040,U-0086,intense,legs
D040,U-0087,flexible,full_body
D040,U-0088,intense,legs
D040,U-0089,intense,upper
D040,U-0090,intense,upper
D040,U-0091,standard,push
D040,U-0092,flexible,pull
D040,U-0093,flexible,upper
D040,U-0094,express,upper
D040,U-0095,standard,push
D040,U-0096,standard,pull
D040,U-0097,standard,pull
D040,U-0098,flexible,pull
D040,U-0099,standard,full_body
D040,U-0100,intense,pull
D040,U-0101,flexible,full_body
D040,U-0102,flexible,upper
D040,U-0103,standard,upper
D040,U-0104,intense,full_body
D040,U-0105,standard,push
D040,U-0106,intense,push
D040,U-0107,intense,upper
D040,U-0108,standard,full_body
D040,U-0109,express,upper
D040,U-0110,flexible,full_body
D040,U-0111,flexible,pull
D040,U-0112,intense,full_body
D040,U-0113,intense,full_body
D040,U-0114,standard,full_body
D040,U-0115,flexible,legs
D040,U-0116,standard,legs
D040,U-0117,flexible,upper
D040,U-0118,express,push
D040,U-0119,flexible,upper
D040,U-0120,standard,push
D040,U-0121,flexible,upper
D040,U-0122,express,upper
D040,U-0123,flexible,legs
D040,U-0124,intense,push
D040,U-0125,standard,full_body
D040,U-0126,standard,full_body
D040,U-0127,flexible,upper
D040,U-0128,intense,pull
D040,U-0129,standard,legs
D040,U-0130,intense,upper
D040,U-0131,intense,full_body
D040,U-0132,intense,push
D040,U-0133,intense,full_body
D040,U-0134,flexible,full_body
D040,U-0135,intense,push
D040,U-0136,flexible,full_body
D040,U-0137,flexible,full_body
D040,U-0138,express,full_body
D040,U-0139,flexible,push
D040,U-0140,standard,upper
D040,U-0141,intense,push
D040,U-0142,standard,upper
D040,U-0143,flexible,pull
D040,U-0144,standard,legs
D040,U-0145,flexible,full_body
D040,U-0146,intense,upper
D040,U-0147,standard,pull
D040,U-0148,intense,pull
D040,U-0149,standard,upper
D040,U-0150,express,legs
D040,U-0151,flexible,push
D040,U-0152,flexible,push
D040,U-0153,intense,upper
D040,U-0154,flexible,legs
D040,U-0155,standard,full_body
D040,U-0156,intense,upper
D040,U-0157,flexible,upper
D040,U-0158,express,pull
D040,U-0159,flexible,legs
D040,U-0160,intense,pull
D040,U-0161,flexible,full_body
D040,U-0162,flexible,full_body
D040,U-0163,intense,legs
D040,U-0164,flexible,push
D040,U-0165,intense,legs
D040,U-0166,standard,full_body
D040,U-0167,flexible,push
D040,U-0168,flexible,legs
D040,U-0169,intense,push
D040,U-0170,intense,pull
D040,U-0171,express,pull
D040,U-0172,standard,upper
D040,U-0173,flexible,pull
D040,U-0174,express,push
D040,U-0175,intense,push
D040,U-0176,intense,legs
D040,U-0177,flexible,push
D040,U-0178,standard,upper
D040,U-0179,standard,pull
D040,U-0180,standard,legs
D040,U-0181,intense,full_body
D040,U-0182,intense,pull
D040,U-0183,standard,legs
D040,U-0184,standard,push
D040,U-0185,intense,pull
D040,U-0186,flexible,upper
D040,U-0187,standard,upper
D040,U-0188,intense,upper
D040,U-0189,standard,pull
D040,U-0190,standard,pull
D040,U-0191,intense,push
D040,U-0192,intense,pull
D040,U-0193,express,pull
D040,U-0194,flexible,legs
D040,U-0195,standard,upper
D040,U-0196,flexible,upper
D040,U-0197,express,full_body
D040,U-0198,flexible,upper
D040,U-0199,intense,legs
D040,U-0200,flexible,pull
D040,U-0201,flexible,legs
D040,U-0202,intense,upper
D040,U-0203,flexible,push
D040,U-0204,flexible,upper
D040,U-0205,express,full_body
D040,U-0206,standard,pull
D040,U-0207,express,pull
D040,U-0208,intense,upper
D040,U-0209,flexible,legs
D040,U-0210,flexible,pull
D040,U-0211,intense,legs
D040,U-0212,intense,full_body
D040,U-0213,standard,full_body
D040,U-0214,standard,upper
D040,U-0215,express,legs
D040,U-0216,flexible,pull
D040,U-0217,flexible,legs
D040,U-0218,standard,legs
D040,U-0219,intense,full_body
D040,U-0220,intense,legs
D040,U-0221,flexible,upper
D040,U-0222,intense,pull
D040,U-0223,intense,pull
D040,U-0224,intense,full_body
D040,U-0225,flexible,full_body
D040,U-0226,flexible,upper
D040,U-0227,intense,upper
D040,U-0228,express,full_body
D040,U-0229,flexible,push
D040,U-0230,flexible,pull
D040,U-0231,intense,pull
D040,U-0232,intense,push
D040,U-0233,intense,upper
D040,U-0234,intense,push
D040,U-0235,standard,legs
D040,U-0236,standard,full_body
D040,U-0237,flexible,pull
D040,U-0238,intense,upper
D040,U-0239,standard,legs
D040,U-0240,standard,push
D040,U-0241,express,upper
D040,U-0242,intense,legs
D040,U-0243,standard,upper
D040,U-0244,standard,push
D040,U-0245,standard,full_body
D040,U-0246,standard,full_body
D040,U-0247,standard,upper
D040,U-0248,intense,upper
D040,U-0249,express,upper
D040,U-0250,intense,full_body
D040,U-0251,intense,upper
D040,U-0252,standard,pull
D040,U-0253,standard,full_body
D040,U-0254,flexible,upper
D040,U-0255,intense,upper
D040,U-0256,standard,full_body
D040,U-0257,express,legs
D040,U-0258,flexible,upper
D040,U-0259,express,legs
D040,U-0260,flexible,push
D040,U-0261,flexible,upper
D040,U-0262,standard,push
D040,U-0263,intense,full_body
D040,U-0264,standard,full_body
D040,U-0265,standard,upper
D040,U-0266,flexible,pull
D040,U-0267,standard,legs
D040,U-0268,flexible,legs
D040,U-0269,flexible,pull
D040,U-0270,flexible,upper
D040,U-0271,express,legs
D040,U-0272,standard,pull
D040,U-0273,express,legs
D040,U-0274,flexible,full_body
D040,U-0275,intense,full_body
D040,U-0276,express,pull
D040,U-0277,standard,push
D040,U-0278,standard,upper
D040,U-0279,intense,upper
D040,U-0280,flexible,upper
D040,U-0281,intense,push
D040,U-0282,intense,pull
D040,U-0283,flexible,push
D040,U-0284,intense,push
D040,U-0285,express,upper
D040,U-0286,intense,pull
D040,U-0287,flexible,upper
D040,U-0288,standard,upper
D040,U-0289,flexible,push
D040,U-0290,standard,push
D040,U-0291,intense,upper
D040,U-0292,express,full_body
D040,U-0293,intense,full_body
D040,U-0294,standard,pull
D040,U-0295,express,pull
D040,U-0296,standard,legs
D040,U-0297,standard,push
D040,U-0298,standard,upper
D040,U-0299,express,upper
D040,U-0300,express,upper
D040,U-0301,flexible,legs
D040,U-0302,flexible,pull
D040,U-0303,intense,legs
D040,U-0304,flexible,full_body
D040,U-0305,flexible,full_body
D040,U-0306,standard,full_body
D040,U-0307,flexible,full_body
D040,U-0308,intense,pull
D040,U-0309,intense,legs
D040,U-0310,standard,full_body
D040,U-0311,standard,upper
D040,U-0312,express,push
D040,U-0313,flexible,legs
D040,U-0314,flexible,push
D040,U-0315,intense,upper
D040,U-0316,flexible,upper
D040,U-0317,flexible,legs
D040,U-0318,flexible,full_body
D040,U-0319,intense,pull
D040,U-0320,flexible,legs
D040,U-0321,standard,upper
D040,U-0322,express,pull
D040,U-0323,flexible,full_body
D040,U-0324,standard,full_body
D040,U-0325,flexible,push
D040,U-0326,express,legs
D040,U-0327,standard,upper
D040,U-0328,intense,legs
D040,U-0329,standard,pull
D040,U-0330,flexible,upper
D040,U-0331,intense,legs
D040,U-0332,standard,legs
D040,U-0333,intense,legs
D040,U-0334,flexible,full_body
D040,U-0335,standard,pull
D040,U-0336,intense,pull
D040,U-0337,flexible,upper
D040,U-0338,express,legs
D040,U-0339,flexible,legs
D040,U-0340,flexible,push
D040,U-0341,flexible,full_body
D040,U-0342,standard,upper
D040,U-0343,flexible,legs
D040,U-0344,flexible,full_body
D040,U-0345,flexible,full_body
D040,U-0346,standard,push
D040,U-0347,flexible,full_body
D040,U-0348,intense,full_body
D040,U-0349,flexible,legs
D040,U-0350,express,push
D040,U-0351,flexible,push
D040,U-0352,flexible,upper
D040,U-0353,intense,legs
D040,U-0354,standard,legs
D040,U-0355,flexible,push
D040,U-0356,standard,pull
D040,U-0357,flexible,upper
D040,U-0358,flexible,upper
D040,U-0359,intense,pull
D040,U-0360,intense,push
D040,U-0361,flexible,upper
D040,U-0362,flexible,legs
D040,U-0363,intense,legs
D040,U-0364,intense,legs
D040,U-0365,intense,legs
D040,U-0366,express,legs
D040,U-0367,express,full_body
D040,U-0368,express,upper
D040,U-0369,intense,legs
D040,U-0370,standard,upper
D040,U-0371,standard,pull
D040,U-0372,standard,legs
D040,U-0373,intense,upper
D040,U-0374,intense,pull
D040,U-0375,standard,upper
D040,U-0376,intense,legs
D040,U-0377,flexible,upper
D040,U-0378,intense,push
D040,U-0379,flexible,pull
D040,U-0380,intense,pull
D040,U-0381,intense,pull
D040,U-0382,express,upper
D040,U-0383,intense,legs
D040,U-0384,intense,pull
D040,U-0385,intense,upper
D040,U-0386,intense,pull
D040,U-0387,flexible,upper
D040,U-0388,standard,pull
D040,U-0389,express,pull
D040,U-0390,intense,push
D040,U-0391,flexible,full_body
D040,U-0392,intense,pull
D040,U-0393,intense,push
D040,U-0394,standard,push
D040,U-0395,intense,upper
D040,U-0396,express,legs
D040,U-0397,standard,legs
D040,U-0398,standard,full_body
D040,U-0399,express,push
D040,U-0400,flexible,upper
D040,U-0401,intense,legs
D040,U-0402,intense,pull
