day_id,user_id,event_id,routine,profile,outcome,duration_min
D001,U-0007,76,push,standard,completed,26.763
D001,U-0005,159,legs,intense,completed,34.976
D001,U-0021,201,full_body,flexible,completed,14.374
D001,U-0029,286,pull,standard,completed,12.771
D001,U-0032,306,push,flexible,completed,18.206
D001,U-0038,312,legs,flexible,completed,19.201
D001,U-0023,367,pull,intense,completed,18.338
D001,U-0042,414,legs,standard,completed,11.587
D001,U-0045,451,pull,intense,completed,37.914
D001,U-0057,476,legs,flexible,completed,14.396
D001,U-0059,518,pull,standard,completed,14.651
D001,U-0051,539,upper,standard,completed,7.408
D001,U-0068,550,upper,express,completed,8.769
D001,U-0052,556,upper,standard,completed,22.168
D001,U-0067,586,upper,standard,completed,17.342
D001,U-0077,624,legs,flexible,completed,14.479
D001,U-0090,713,pull,flexible,completed,9.247
D001,U-0083,744,full_body,standard,completed,12.884
D001,U-0094,800,upper,standard,completed,15.776
D001,U-0102,851,legs,standard,completed,14.496
D001,U-0104,889,upper,flexible,completed,17.332
D001,U-0105,917,upper,flexible,completed,24.045
D001,U-0110,918,legs,standard,completed,10.063
D001,U-0106,936,legs,standard,completed,19.505
D001,U-0120,962,push,standard,completed,23.957
D001,U-0116,972,pull,standard,completed,28.0
D001,U-0115,990,upper,standard,completed,23.711
D001,U-0123,1016,legs,standard,completed,13.556
D001,U-0138,1080,push,express,completed,7.203
D001,U-0137,1109,upper,express,completed,9.784
D001,U-0147,1171,full_body,express,completed,7.441
D001,U-0142,1176,upper,flexible,completed,16.64
D001,U-0149,1193,push,standard,completed,16.846
D001,U-0151,1212,pull,standard,completed,22.771
D001,U-0150,1233,legs,standard,completed,10.192
D001,U-0155,1248,full_body,express,completed,9.51
D001,U-0159,1318,upper,standard,completed,21.273
D001,U-0165,1322,upper,express,completed,7.347
D001,U-0167,1344,legs,standard,completed,13.006
D001,U-0170,1374,upper,standard,completed,17.595
D001,U-0163,1419,upper,intense,completed,26.179
D001,U-0171,1436,upper,flexible,completed,17.41
D001,U-0188,1524,upper,standard,completed,13.621
D001,U-0185,1541,upper,standard,completed,11.147
D001,U-0197,1573,push,flexible,completed,22.529
D001,U-0196,1598,legs,intense,completed,16.133
D001,U-0208,1629,pull,express,completed,8.706
D001,U-0202,1653,upper,flexible,completed,9.771
D001,U-0206,1682,legs,flexible,completed,22.043
D001,U-0226,1837,push,standard,completed,14.222
D001,U-0228,1845,pull,standard,completed,25.548
D001,U-0235,1908,legs,intense,completed,9.342
D001,U-0231,1957,push,intense,completed,21.251
D001,U-0256,2032,pull,standard,completed,12.506
D001,U-0245,2073,full_body,flexible,completed,15.58
D001,U-0255,2083,full_body,flexible,completed,19.471
D001,U-0250,2097,upper,standard,completed,14.444
D001,U-0265,2152,legs,standard,completed,12.08
D001,U-0269,2176,full_body,flexible,completed,10.857
D001,U-0280,2234,full_body,flexible,completed,16.955
D001,U-0267,2240,legs,standard,completed,15.508
D001,U-0279,2348,push,intense,completed,43.047
D001,U-0291,2378,push,standard,completed,8.507
D001,U-0304,2403,push,standard,completed,15.688
D001,U-0308,2413,legs,flexible,completed,16.275
D001,U-0289,2464,pull,intense,completed,35.315
D001,U-0298,2474,push,intense,completed,23.189
D001,U-0330,2509,legs,flexible,completed,19.606
D001,U-0336,2672,upper,standard,completed,13.002
D001,U-0328,2695,push,standard,completed,16.128
D001,U-0368,2752,legs,express,completed,9.384
D001,U-0352,2773,legs,standard,completed,10.104
D001,U-0362,2784,full_body,express,completed,10.806
D001,U-0370,2945,legs,intense,completed,24.603
D001,U-0404,2965,upper,express,completed,9.658
D001,U-0384,2970,push,standard,completed,24.234
D001,U-0399,3037,pull,standard,completed,18.337
D001,U-0405,3054,legs,standard,completed,21.658
D001,U-0408,3066,upper,flexible,completed,9.335
D001,U-0406,3113,upper,intense,completed,16.832
D001,U-0419,3129,full_body,flexible,completed,8.108
D002,U-0002,55,pull,standard,completed,28.0
D002,U-0005,88,upper,flexible,completed,23.58
D002,U-0006,102,push,standard,completed,19.886
D002,U-0011,144,push,intense,completed,14.348
D002,U-0020,182,upper,express,completed,8.135
D002,U-0013,193,upper,standard,completed,14.784
D002,U-0024,231,upper,flexible,completed,13.367
D002,U-0032,310,full_body,flexible,completed,25.507
D002,U-0033,337,push,standard,completed,17.775
D002,U-0036,346,full_body,flexible,completed,16.827
D002,U-0040,419,upper,standard,completed,25.956
D002,U-0046,434,legs,flexible,completed,8.39
D002,U-0044,435,pull,standard,completed,12.934
D002,U-0043,436,pull,intense,completed,33.987
D002,U-0052,517,push,intense,completed,15.738
D002,U-0060,549,push,flexible,completed_failed,19.864
D002,U-0067,595,pull,standard,completed,9.039
D002,U-0065,624,upper,standard,completed,20.88
D002,U-0079,676,pull,express,completed,9.213
D002,U-0083,766,legs,standard,completed,9.463
D002,U-0089,781,push,standard,completed,14.036
D002,U-0076,791,pull,intense,completed,38.367
D002,U-0073,800,full_body,standard,completed,15.32
D002,U-0090,855,push,standard,completed,27.999
D002,U-0098,863,legs,standard,completed,21.899
D002,U-0112,931,legs,standard,completed,10.705
D002,U-0113,943,push,flexible,completed,22.611
D002,U-0108,946,upper,flexible,completed,21.68
D002,U-0114,968,push,standard,completed,20.372
D002,U-0111,979,push,intense,completed,25.822
D002,U-0124,1038,full_body,express,completed,10.678
D002,U-0122,1067,push,intense,completed,18.472
D002,U-0127,1073,full_body,flexible,completed,21.426
D002,U-0121,1078,upper,intense,completed,23.574
D002,U-0126,1086,legs,intense,completed,12.051
D002,U-0135,1148,pull,standard,completed,24.895
D002,U-0144,1171,pull,express,completed,9.803
D002,U-0134,1212,push,intense,completed,15.26
D002,U-0150,1240,pull,standard,completed,13.014
D002,U-0151,1259,legs,intense,completed,39.913
D002,U-0155,1285,legs,standard,completed,14.556
D002,U-0148,1316,push,intense,completed,41.031
D002,U-0161,1339,pull,standard,completed,11.158
D002,U-0162,1356,upper,standard,completed,20.218
D002,U-0164,1426,push,flexible,completed,9.705
D002,U-0171,1451,upper,flexible,completed,11.014
D002,U-0170,1502,push,intense,completed,20.105
D002,U-0173,1518,legs,intense,completed,37.705
D002,U-0194,1596,pull,standard,completed,19.0
D002,U-0197,1614,upper,express,completed,10.372
D002,U-0186,1638,upper,standard,completed,18.781
D002,U-0198,1649,push,express,completed,9.182
D002,U-0202,1706,full_body,flexible,completed,11.372
D002,U-0201,1744,push,standard,completed,14.478
D002,U-0209,1807,full_body,flexible,completed,29.754
D002,U-0236,1860,legs,express,completed,9.056
D002,U-0235,1976,legs,standard,completed,11.656
D002,U-0257,2094,upper,express,completed,10.233
D002,U-0266,2095,legs,express,completed,7.146
D002,U-0267,2207,upper,flexible,completed,10.704
D002,U-0254,2221,upper,intense,completed,21.694
D002,U-0263,2290,full_body,standard,completed,11.292
D002,U-0268,2309,pull,standard,completed,16.553
D002,U-0274,2310,pull,flexible,completed,11.217
D002,U-0284,2366,legs,standard,completed,17.013
D002,U-0295,2378,full_body,express,completed,7.9
D002,U-0275,2384,legs,intense,completed,34.162
D002,U-0290,2437,legs,flexible,completed,9.567
D002,U-0287,2492,upper,intense,completed,26.522
D002,U-0297,2501,legs,intense,completed,46.345
D002,U-0305,2533,legs,standard,completed,18.523
D002,U-0321,2543,legs,flexible,completed,19.94
D002,U-0311,2548,legs,standard,completed,13.743
D002,U-0314,2562,full_body,flexible,completed,17.057
D002,U-0320,2579,upper,flexible,completed,16.476
D002,U-0318,2590,full_body,standard,completed,24.862
D003,U-0005,99,pull,flexible,completed,10.746
D003,U-0004,116,full_body,standard,completed,14.144
D003,U-0009,142,push,flexible,completed,14.466
D003,U-0016,222,upper,flexible,completed,13.829
D003,U-0018,235,upper,standard,completed,27.624
D003,U-0019,236,legs,standard,completed,22.735
D003,U-0022,241,legs,flexible,completed,17.048
D003,U-0023,255,legs,standard,completed,15.518
D003,U-0028,261,full_body,flexible,completed,11.4
D003,U-0026,297,legs,intense,completed,38.468
D003,U-0037,353,upper,flexible,completed,12.121
D003,U-0036,358,push,standard,completed,19.628
D003,U-0039,378,pull,standard,completed,15.535
D003,U-0043,409,upper,standard,completed,12.461
D003,U-0046,413,legs,flexible,completed,17.477
D003,U-0044,427,upper,flexible,completed,16.303
D003,U-0050,480,upper,flexible,completed,10.817
D003,U-0057,486,upper,express,completed,9.267
D003,U-0058,511,push,flexible,completed,10.114
D003,U-0060,571,upper,flexible,completed,24.221
D003,U-0063,593,legs,standard,completed,16.744
D003,U-0074,613,pull,express,completed,8.854
D003,U-0062,635,upper,standard,completed,3.912
D003,U-0068,653,upper,intense,completed,30.944
D003,U-0066,664,legs,intense,completed,19.664
D003,U-0077,676,legs,standard,completed,12.202
D003,U-0071,686,legs,intense,completed,10.217
D003,U-0081,732,full_body,flexible,completed,16.709
D003,U-0086,783,upper,flexible,completed,9.699
D003,U-0091,801,pull,standard,completed,20.923
D003,U-0090,826,legs,intense,completed,34.881
D003,U-0087,833,full_body,flexible,completed,12.786
D003,U-0089,834,upper,standard,completed,23.961
D003,U-0093,857,push,intense,completed,34.944
D003,U-0100,862,upper,standard,completed,20.926
D003,U-0102,900,legs,flexible,completed,16.413
D003,U-0106,993,legs,intense,completed,14.5
D003,U-0120,1049,pull,standard,completed,21.052
D003,U-0115,1055,full_body,standard,completed,19.618
D003,U-0133,1159,upper,flexible,completed,17.801
D003,U-0145,1205,pull,standard,completed,12.231
D003,U-0148,1210,pull,express,completed,9.527
D003,U-0142,1224,legs,standard,completed,10.217
D003,U-0143,1305,full_body,intense,completed,29.595
D003,U-0158,1336,full_body,flexible,completed,10.169
D003,U-0157,1363,legs,intense,completed,40.138
D003,U-0165,1391,legs,standard,completed,13.357
D003,U-0163,1434,full_body,intense,completed,21.995
D003,U-0172,1463,push,flexible,completed,7.87
D003,U-0167,1478,push,intense,completed,35.349
D003,U-0168,1509,upper,intense,completed,22.171
D003,U-0197,1670,legs,flexible,completed,9.844
D003,U-0191,1671,pull,standard,completed,25.584
D003,U-0185,1736,pull,intense,completed,38.396
D003,U-0196,1745,full_body,standard,completed,7.385
D003,U-0214,1798,full_body,express,completed,8.983
D003,U-0201,1840,push,intense,completed,31.06
D003,U-0223,1978,pull,intense,completed,22.597
D003,U-0230,1987,pull,flexible,completed,17.88
D003,U-0239,2044,push,standard,completed,15.141
D003,U-0243,2065,legs,standard,completed,21.538
D003,U-0245,2087,legs,standard,completed,18.787
D003,U-0250,2122,pull,standard,completed,9.697
D003,U-0240,2159,pull,intense,completed,24.124
D003,U-0254,2181,push,intense,completed,19.949
D003,U-0263,2201,legs,standard,completed,24.322
D003,U-0258,2226,push,standard,completed,3.855
D003,U-0255,2256,upper,flexible,completed,15.797
D003,U-0268,2415,pull,intense,completed,24.723
D003,U-0280,2443,full_body,flexible,completed,14.743
D003,U-0287,2483,push,flexible,completed,15.91
D003,U-0290,2504,full_body,standard,completed,10.973
D003,U-0300,2546,push,intense,completed,21.417
D003,U-0304,2556,pull,intense,completed,27.146
D003,U-0333,2611,legs,standard,completed,16.141
D003,U-0337,2731,push,standard,completed,14.968
D003,U-0335,2747,upper,standard,completed,25.778
D003,U-0347,2752,pull,flexible,completed,20.118
D003,U-0351,2772,push,flexible,completed_failed,11.489
D003,U-0329,2776,full_body,standard,completed,22.001
D003,U-0341,2780,upper,standard,completed,20.484
D003,U-0360,2797,legs,flexible,completed,8.81
D003,U-0346,2811,legs,intense,completed,44.088
D004,U-0005,39,pull,express,completed,9.774
D004,U-0002,58,pull,intense,completed,28.059
D004,U-0008,83,legs,standard,completed,16.231
D004,U-0009,122,push,intense,completed,31.876
D004,U-0016,245,full_body,flexible,completed,17.693
D004,U-0031,254,pull,express,completed,7.165
D004,U-0034,271,pull,express,completed,9.157
D004,U-0021,283,upper,standard,completed,17.855
D004,U-0032,287,push,flexible,completed,10.083
D004,U-0028,321,legs,intense,completed,29.339
D004,U-0035,329,upper,express,completed,9.397
D004,U-0042,365,pull,flexible,completed,24.439
D004,U-0045,387,push,standard,completed,12.276
D004,U-0046,458,upper,standard,completed,28.0
D004,U-0052,498,upper,standard,completed,13.85
D004,U-0066,564,legs,standard,completed,28.0
D004,U-0060,606,full_body,standard,completed,16.929
D004,U-0058,619,upper,intense,completed,16.638
D004,U-0073,636,pull,standard,completed,19.936
D004,U-0068,641,pull,intense,completed,8.775
D004,U-0078,660,legs,standard,completed,13.853
D004,U-0088,793,legs,flexible,completed,20.875
D004,U-0095,870,legs,intense,completed,25.013
D004,U-0098,871,pull,flexible,completed,10.985
D004,U-0093,873,upper,standard,completed,18.291
D004,U-0113,1001,push,standard,completed,28.0
D004,U-0134,1129,full_body,flexible,completed,15.484
D004,U-0137,1140,full_body,flexible,completed,10.437
D004,U-0145,1172,legs,standard,completed,11.643
D004,U-0148,1197,pull,standard,completed,28.0
D004,U-0140,1234,legs,intense,completed,35.881
D004,U-0151,1244,push,flexible,completed,19.671
D004,U-0156,1305,upper,flexible,completed,14.329
D004,U-0159,1307,full_body,flexible,completed,25.593
D004,U-0157,1320,legs,standard,completed,17.562
D004,U-0163,1411,legs,intense,completed,19.912
D004,U-0177,1592,push,intense,completed,32.285
D004,U-0178,1615,push,intense,completed,29.807
D004,U-0190,1642,legs,intense,completed,33.586
D004,U-0202,1691,legs,standard,completed,22.113
D004,U-0197,1697,upper,standard,completed,28.0
D004,U-0205,1760,full_body,flexible,completed,12.441
D004,U-0212,1778,legs,standard,completed,12.469
D004,U-0195,1792,pull,intense,completed,7.075
D004,U-0214,1830,pull,flexible,completed,12.182
D004,U-0231,1870,upper,express,completed,8.746
D004,U-0215,1878,push,intense,completed,27.373
D004,U-0224,1943,legs,intense,completed,37.696
D004,U-0238,2040,legs,intense,completed,27.299
D004,U-0232,2079,push,standard,completed,16.666
D004,U-0250,2163,pull,intense,completed,20.32
D004,U-0256,2227,upper,standard,completed,20.104
D004,U-0276,2236,pull,flexible,completed,19.73
D004,U-0289,2292,pull,flexible,completed,18.563
D004,U-0310,2367,legs,standard,completed,15.956
D004,U-0280,2376,full_body,standard,completed,8.858
D004,U-0291,2380,upper,flexible,completed,8.212
D004,U-0302,2397,push,flexible,completed,12.83
D004,U-0288,2449,full_body,intense,completed,23.711
D004,U-0317,2509,pull,intense,completed,23.753
D004,U-0322,2540,pull,intense,completed,18.515
D004,U-0350,2646,pull,standard,completed,21.929
D004,U-0357,2677,full_body,express,completed,8.79
D004,U-0358,2688,push,standard,completed,12.391
D004,U-0341,2759,upper,intense,completed,47.624
D004,U-0349,2769,pull,intense,completed,42.21
D004,U-0377,2805,pull,express,completed,10.214
D004,U-0383,2858,legs,standard,completed,28.0
D004,U-0378,2876,push,flexible,completed,11.937
D004,U-0388,2910,push,standard,completed,10.937
D004,U-0385,2917,upper,standard,completed,16.806
D004,U-0398,2920,push,standard,completed,15.426
D004,U-0393,2924,pull,standard,completed,12.424
D005,U-0006,38,push,express,completed,8.468
D005,U-0001,49,legs,flexible,completed,20.601
D005,U-0004,69,full_body,flexible,completed,26.469
D005,U-0005,87,push,flexible,completed,19.753
D005,U-0007,97,legs,standard,completed,18.866
D005,U-0010,131,full_body,flexible,completed,19.815
D005,U-0011,179,push,standard,completed,28.0
D005,U-0014,199,upper,standard,completed,11.03
D005,U-0015,205,upper,standard,completed,12.194
D005,U-0018,208,legs,standard,completed,23.84
D005,U-0022,238,full_body,flexible,completed,10.721
D005,U-0019,251,legs,intense,completed,21.63
D005,U-0021,258,pull,intense,completed,27.021
D005,U-0028,317,upper,standard,completed,23.145
D005,U-0037,367,upper,flexible,completed,22.059
D005,U-0044,415,push,intense,completed,20.664
D005,U-0042,446,legs,standard,completed,13.621
D005,U-0055,526,upper,standard,completed,20.983
D005,U-0063,581,legs,standard,completed,17.115
D005,U-0061,606,upper,standard,completed,19.177
D005,U-0085,695,pull,express,completed,8.54
D005,U-0070,714,upper,standard,completed,28.0
D005,U-0076,724,full_body,intense,completed,34.072
D005,U-0089,736,full_body,express,completed,7.421
D005,U-0087,758,pull,flexible,completed,13.62
D005,U-0094,825,pull,flexible,completed,10.866
D005,U-0099,866,legs,flexible,completed,16.442
D005,U-0104,869,legs,express,completed,9.607
D005,U-0102,885,upper,standard,completed,9.283
D005,U-0092,886,upper,standard,completed,28.0
D005,U-0115,945,full_body,express,completed,9.181
D005,U-0113,998,upper,flexible,completed,18.94
D005,U-0114,1024,upper,flexible,completed,11.39
D005,U-0119,1053,pull,standard,completed,14.714
D005,U-0111,1066,full_body,intense,completed,45.865
D005,U-0118,1088,push,standard,completed,28.0
D005,U-0129,1101,upper,express,completed,7.59
D005,U-0125,1144,full_body,intense,completed,35.646
D005,U-0136,1244,full_body,flexible,completed,17.937
D005,U-0148,1254,upper,flexible,completed,19.56
D005,U-0143,1273,push,standard,completed,17.238
D005,U-0155,1375,legs,intense,completed,9.725
D005,U-0166,1412,full_body,flexible,completed,10.127
D005,U-0173,1447,legs,standard,completed,13.951
D005,U-0167,1490,pull,intense,completed,14.658
D005,U-0182,1517,legs,standard,completed,9.556
D005,U-0181,1574,pull,intense,completed,23.667
D005,U-0189,1618,full_body,standard,completed,26.507
D005,U-0190,1620,legs,standard,completed,19.462
D005,U-0208,1734,push,standard,completed,18.125
D005,U-0213,1748,legs,standard,completed,23.87
D005,U-0207,1778,legs,standard,completed,18.56
D005,U-0204,1817,full_body,standard,completed,25.691
D005,U-0224,1830,push,express,completed,7.256
D005,U-0222,1894,legs,standard,completed,13.655
D005,U-0223,1915,upper,standard,completed,16.281
D005,U-0227,1920,pull,standard,completed,28.0
D005,U-0239,2022,legs,standard,completed,24.682
D005,U-0246,2063,pull,intense,completed,34.59
D005,U-0242,2080,push,standard,completed,28.0
D005,U-0256,2085,legs,standard,completed,17.637
D005,U-0250,2096,upper,standard,completed,10.069
D005,U-0252,2129,upper,standard,completed,12.043
D005,U-0260,2135,legs,standard,completed,11.623
D005,U-0268,2202,upper,standard,completed,24.891
D005,U-0270,2246,push,flexible,completed,27.96
D005,U-0282,2253,legs,express,completed,8.295
D005,U-0267,2272,pull,standard,completed,19.369
D005,U-0281,2303,pull,standard,completed,22.718
D005,U-0306,2458,legs,express,completed,6.821
D005,U-0305,2480,pull,standard,completed,28.0
D005,U-0312,2494,full_body,express,completed,7.475
D005,U-0299,2497,legs,standard,completed,10.145
D005,U-0310,2552,full_body,flexible,completed,12.874
D005,U-0303,2587,push,intense,completed,27.859
D005,U-0327,2617,upper,flexible,completed,18.901
D005,U-0339,2665,push,flexible,completed,16.656
D005,U-0348,2793,push,flexible,completed,22.068
D005,U-0355,2845,full_body,express,completed,9.71
D005,U-0353,2906,push,intense,completed,35.719
D005,U-0367,2928,upper,standard,completed,8.066
D005,U-0370,2931,push,standard,completed,27.24
D005,U-0369,2934,upper,flexible,completed,15.147
D006,U-0001,73,pull,standard,completed,18.72
D006,U-0003,104,upper,standard,completed,12.723
D006,U-0004,112,pull,standard,completed,23.491
D006,U-0008,116,legs,intense,completed,15.597
D006,U-0017,191,pull,standard,completed,18.635
D006,U-0020,222,legs,standard,completed,11.886
D006,U-0024,260,pull,standard,completed,7.452
D006,U-0023,279,full_body,standard,completed,20.484
D006,U-0030,336,full_body,flexible,completed,14.549
D006,U-0029,356,full_body,intense,completed,15.959
D006,U-0032,373,push,intense,completed,37.381
D006,U-0048,461,full_body,flexible,completed,17.282
D006,U-0052,493,upper,standard,completed,11.024
D006,U-0059,579,pull,standard,completed,16.477
D006,U-0061,615,legs,flexible,completed,16.397
D006,U-0075,648,legs,flexible,completed,18.877
D006,U-0081,781,upper,flexible,completed,23.568
D006,U-0093,792,pull,express,completed,9.135
D006,U-0090,814,full_body,flexible,completed,16.247
D006,U-0094,840,full_body,flexible,completed,15.253
D006,U-0101,859,pull,express,completed,6.718
D006,U-0096,891,push,intense,completed,16.122
D006,U-0107,914,push,standard,completed,8.04
D006,U-0102,926,full_body,intense,completed,19.898
D006,U-0105,983,upper,flexible,completed,8.821
D006,U-0111,1023,upper,standard,completed,11.566
D006,U-0106,1027,full_body,standard,completed,22.729
D006,U-0123,1030,push,express,completed,9.518
D006,U-0127,1105,legs,standard,completed,14.464
D006,U-0134,1106,legs,express,completed,8.043
D006,U-0126,1168,push,flexible,completed,13.73
D006,U-0131,1192,upper,flexible,completed,15.816
D006,U-0135,1214,legs,standard,completed,12.628
D006,U-0142,1221,push,express,completed,9.628
D006,U-0133,1249,upper,standard,completed,23.038
D006,U-0141,1252,legs,intense,completed,22.601
D006,U-0140,1267,upper,flexible,completed,14.451
D006,U-0154,1318,push,standard,completed,9.794
D006,U-0146,1328,legs,intense,completed,25.026
D006,U-0155,1340,upper,standard,completed,13.529
D006,U-0164,1407,pull,standard,completed,12.35
D006,U-0160,1435,pull,intense,completed,18.773
D006,U-0171,1440,pull,flexible,completed,15.657
D006,U-0167,1458,pull,intense,completed,26.089
D006,U-0176,1476,upper,express,completed,8.111
D006,U-0178,1490,legs,express,completed,7.685
D006,U-0174,1502,pull,flexible,completed,10.74
D006,U-0172,1506,full_body,standard,completed,24.628
D006,U-0179,1548,legs,intense,completed,16.273
D006,U-0182,1603,upper,standard,completed,9.444
D006,U-0186,1621,push,flexible,completed,21.935
D006,U-0189,1668,push,intense,completed,17.04
D006,U-0197,1677,pull,flexible,completed,12.15
D006,U-0191,1764,pull,intense,completed,37.321
D006,U-0207,1822,pull,flexible,completed,15.319
D006,U-0219,1841,pull,flexible,completed_failed,10.922
D006,U-0206,1860,legs,intense,completed,34.425
D006,U-0213,1892,push,intense,completed,25.879
D006,U-0217,1919,full_body,flexible,completed,14.744
D006,U-0241,1963,legs,flexible,completed,16.409
D006,U-0212,1975,pull,intense,completed,23.278
D006,U-0231,2031,full_body,standard,completed,26.01
D006,U-0259,2105,pull,standard,completed,16.402
D006,U-0271,2154,legs,standard,completed,18.743
D006,U-0277,2190,legs,standard,completed,22.134
D006,U-0268,2293,upper,standard,completed,24.748
D006,U-0285,2300,push,standard,completed,17.542
D006,U-0288,2366,legs,standard,completed,16.312
D006,U-0296,2387,legs,standard,completed,17.711
D006,U-0304,2418,push,flexible,completed,15.826
D006,U-0294,2424,pull,flexible,completed,9.637
D006,U-0307,2494,pull,standard,completed,21.484
D006,U-0317,2495,legs,flexible,completed,16.962
D006,U-0332,2560,push,flexible,completed,15.422
D006,U-0314,2568,upper,flexible,completed_failed,16.529
D006,U-0331,2623,legs,flexible,completed,16.815
D006,U-0344,2734,legs,intense,completed,35.188
D006,U-0333,2786,push,intense,completed,34.231
D006,U-0373,2808,pull,express,completed,6.686
D006,U-0368,2811,pull,standard,completed,16.22
D006,U-0367,2857,upper,standard,completed,17.153
D006,U-0375,2866,full_body,flexible,completed,6.162
D006,U-0371,2881,upper,standard,completed,17.244
D007,U-0014,148,push,intense,completed,21.137
D007,U-0017,157,pull,standard,completed,25.825
D007,U-0020,183,push,express,completed,7.738
D007,U-0008,194,full_body,standard,completed,20.876
D007,U-0025,251,pull,flexible,completed,17.891
D007,U-0022,275,push,standard,completed,12.137
D007,U-0039,311,full_body,express,completed,9.085
D007,U-0038,360,upper,standard,completed,15.593
D007,U-0043,380,pull,standard,completed,9.641
D007,U-0035,405,pull,intense,completed,37.273
D007,U-0049,423,legs,standard,completed,18.144
D007,U-0056,462,push,flexible,completed,8.961
D007,U-0050,521,legs,standard,completed,20.166
D007,U-0075,682,upper,standard,completed,15.464
D007,U-0082,721,legs,flexible,completed,18.248
D007,U-0090,753,legs,standard,completed,9.688
D007,U-0087,773,push,standard,completed,24.066
D007,U-0084,827,push,intense,completed,31.332
D007,U-0092,868,full_body,standard,completed,13.36
D007,U-0100,913,full_body,standard,completed,7.958
D007,U-0119,1024,upper,standard,completed,17.358
D007,U-0131,1070,full_body,express,completed,8.069
D007,U-0132,1074,pull,flexible,completed,12.595
D007,U-0121,1079,pull,intense,completed,39.269
D007,U-0143,1157,legs,flexible,completed,10.667
D007,U-0137,1209,upper,intense,completed,26.644
D007,U-0141,1210,full_body,flexible,completed,20.096
D007,U-0145,1218,full_body,standard,completed,25.509
D007,U-0154,1277,pull,flexible,completed,10.093
D007,U-0157,1285,legs,standard,completed,16.079
D007,U-0161,1362,upper,flexible,completed,10.736
D007,U-0159,1412,push,intense,completed,26.844
D007,U-0171,1413,legs,intense,completed,14.404
D007,U-0178,1479,push,standard,completed,20.519
D007,U-0183,1612,pull,standard,completed,18.998
D007,U-0199,1615,legs,standard,completed,28.0
D007,U-0194,1633,upper,flexible,completed,14.166
D007,U-0191,1696,push,intense,completed,25.965
D007,U-0214,1804,pull,intense,completed,49.074
D007,U-0220,1892,pull,standard,completed,28.0
D007,U-0218,1911,pull,intense,completed,34.97
D007,U-0231,1979,legs,intense,completed,25.999
D007,U-0241,2011,full_body,standard,completed,22.252
D007,U-0261,2047,legs,standard,completed,21.027
D007,U-0250,2132,full_body,standard,completed,21.96
D007,U-0270,2134,legs,standard,completed,23.831
D007,U-0257,2141,push,intense,completed,32.684
D007,U-0272,2154,pull,standard,completed,27.607
D007,U-0269,2202,full_body,flexible,completed,13.127
D007,U-0266,2218,pull,intense,completed,20.527
D007,U-0287,2227,push,express,completed,9.173
D007,U-0281,2324,pull,intense,completed,20.751
D007,U-0286,2335,legs,standard,completed,13.068
D007,U-0295,2340,pull,flexible,completed,10.404
D007,U-0303,2453,full_body,flexible,completed,11.029
D007,U-0311,2524,pull,intense,completed,30.446
D007,U-0309,2550,full_body,standard,completed,18.631
D007,U-0330,2567,pull,standard,completed,19.015
D007,U-0338,2759,legs,intense,completed,26.394
D007,U-0353,2802,pull,intense,completed,34.884
D007,U-0384,2880,full_body,express,completed,8.176
D007,U-0380,2889,push,standard,completed,19.95
D007,U-0381,2915,push,intense,completed,31.585
D007,U-0395,2919,full_body,flexible,completed,9.018
D007,U-0401,2923,push,intense,completed,13.707
D007,U-0398,2927,legs,intense,completed,27.66
D007,U-0402,2929,full_body,flexible,completed,17.286
D008,U-0002,51,push,standard,completed,21.189
D008,U-0006,58,pull,flexible,completed,21.659
D008,U-0013,154,upper,flexible,completed,6.408
D008,U-0018,191,pull,intense,completed,40.219
D008,U-0019,216,full_body,intense,completed,28.452
D008,U-0031,275,push,express,completed,9.933
D008,U-0027,277,push,standard,completed,28.0
D008,U-0033,309,push,standard,completed,16.15
D008,U-0030,332,upper,intense,completed,20.324
D008,U-0035,356,upper,flexible,completed,12.5
D008,U-0044,375,push,intense,completed,40.963
D008,U-0045,397,full_body,standard,completed,25.141
D008,U-0050,487,upper,flexible,completed,15.724
D008,U-0056,531,push,intense,completed,22.963
D008,U-0051,553,upper,intense,completed,18.079
D008,U-0068,569,legs,standard,completed,19.816
D008,U-0072,595,push,flexible,completed,10.79
D008,U-0075,673,legs,intense,completed,33.771
D008,U-0074,683,full_body,intense,completed,31.486
D008,U-0078,689,upper,flexible,completed,11.806
D008,U-0080,760,push,intense,completed,28.439
D008,U-0084,775,full_body,standard,completed,16.72
D008,U-0097,836,pull,standard,completed,14.889
D008,U-0107,884,pull,flexible,completed,16.399
D008,U-0100,896,legs,intense,completed,21.633
D008,U-0109,929,push,flexible,completed,14.734
D008,U-0113,950,upper,standard,completed,16.216
D008,U-0128,1176,upper,standard,completed,16.013
D008,U-0131,1197,legs,standard,completed,10.742
D008,U-0145,1230,upper,express,completed,9.553
D008,U-0149,1279,upper,flexible,completed,10.136
D008,U-0155,1306,pull,standard,completed,15.43
D008,U-0167,1380,pull,standard,completed,12.503
D008,U-0156,1394,pull,intense,completed,27.496
D008,U-0178,1453,pull,standard,completed,14.025
D008,U-0162,1460,push,intense,completed,25.711
D008,U-0182,1465,legs,standard,completed,16.436
D008,U-0193,1613,pull,standard,completed,9.276
D008,U-0194,1626,legs,flexible,completed,12.923
D008,U-0190,1655,pull,standard,completed,7.65
D008,U-0212,1795,pull,flexible,completed,13.193
D008,U-0207,1851,legs,intense,completed,35.449
D008,U-0250,2071,upper,flexible,completed,15.75
D008,U-0249,2078,legs,standard,completed_failed,9.975
D008,U-0269,2171,legs,standard,completed,17.686
D008,U-0267,2173,legs,flexible,completed,10.929
D008,U-0255,2194,pull,intense,completed,29.224
D008,U-0276,2227,pull,standard,completed,23.284
D008,U-0284,2240,pull,flexible,completed,21.224
D008,U-0283,2310,legs,intense,completed,16.454
D008,U-0278,2326,upper,standard,completed,15.291
D008,U-0291,2378,pull,intense,completed,22.587
D008,U-0297,2424,legs,intense,completed,23.528
D008,U-0319,2511,push,standard,completed,18.13
D008,U-0320,2557,legs,standard,completed,17.967
D008,U-0309,2579,full_body,standard,completed,15.706
D008,U-0338,2605,pull,flexible,completed,21.504
D008,U-0341,2625,upper,express,completed,8.568
D008,U-0335,2627,push,standard,completed,12.256
D008,U-0363,2818,pull,flexible,completed,17.296
D008,U-0355,2845,push,intense,completed,18.386
D008,U-0367,2862,full_body,standard,completed,27.664
D008,U-0369,2880,push,intense,completed,23.654
D008,U-0381,2891,upper,standard,completed,28.0
D009,U-0001,33,pull,standard,completed,10.3
D009,U-0006,90,full_body,flexible,completed,13.4
D009,U-0014,134,full_body,flexible,completed,16.681
D009,U-0010,150,push,intense,completed,24.72
D009,U-0018,208,upper,standard,completed,18.018
D009,U-0019,218,full_body,standard,completed,12.011
D009,U-0020,227,push,standard,completed,22.675
D009,U-0033,273,push,standard,completed,16.422
D009,U-0023,291,push,intense,completed,21.372
D009,U-0035,338,legs,intense,completed,44.478
D009,U-0039,373,push,standard,completed,16.338
D009,U-0040,382,legs,flexible,completed,12.657
D009,U-0048,410,legs,standard,completed,17.772
D009,U-0046,445,upper,flexible,completed,16.299
D009,U-0054,492,upper,flexible,completed,25.807
D009,U-0061,543,upper,flexible,completed,19.47
D009,U-0056,597,pull,intense,completed,36.933
D009,U-0076,609,pull,express,completed,8.977
D009,U-0085,696,legs,standard,completed,15.383
D009,U-0082,699,pull,standard,completed,11.071
D009,U-0089,770,upper,intense,completed,5.836
D009,U-0086,785,push,intense,completed,17.016
D009,U-0097,790,push,standard,completed,12.547
D009,U-0088,800,legs,intense,completed,25.615
D009,U-0092,845,legs,intense,completed,34.991
D009,U-0105,890,pull,intense,completed,52.046
D009,U-0098,895,legs,intense,completed,24.67
D009,U-0113,934,full_body,flexible,completed,9.804
D009,U-0120,977,pull,standard,completed,28.0
D009,U-0118,989,pull,intense,completed,35.908
D009,U-0122,990,legs,intense,completed,25.365
D009,U-0129,1030,pull,express,completed,9.29
D009,U-0127,1053,legs,flexible,completed,14.343
D009,U-0132,1072,full_body,standard,completed,21.435
D009,U-0134,1126,upper,flexible,completed,22.752
D009,U-0143,1211,push,intense,completed,16.072
D009,U-0140,1212,full_body,intense,completed,19.117
D009,U-0151,1253,upper,standard,completed,14.612
D009,U-0154,1278,push,intense,completed,36.167
D009,U-0158,1287,full_body,flexible,completed,10.191
D009,U-0157,1310,push,intense,completed,26.708
D009,U-0177,1425,legs,standard,completed,12.299
D009,U-0163,1439,push,intense,completed,17.506
D009,U-0189,1617,full_body,standard,completed,27.185
D009,U-0202,1640,pull,standard,completed,15.64
D009,U-0193,1649,push,intense,completed,37.371
D009,U-0216,1687,push,express,completed,9.32
D009,U-0220,1777,legs,flexible,completed,16.249
D009,U-0228,1819,full_body,express,completed,8.809
D009,U-0227,1822,full_body,express,completed,8.229
D009,U-0254,1992,legs,standard,completed,10.677
D009,U-0231,2013,upper,standard,completed,16.231
D009,U-0261,2048,full_body,express,completed,9.859
D009,U-0260,2049,legs,standard,completed,14.221
D009,U-0239,2057,pull,intense,completed,24.195
D009,U-0275,2107,legs,intense,completed,18.512
D009,U-0259,2117,pull,intense,completed,43.149
D009,U-0293,2150,push,standard,completed,15.062
D009,U-0294,2264,full_body,intense,completed,25.09
D009,U-0309,2268,pull,express,completed,9.303
D009,U-0311,2337,pull,flexible,completed,9.644
D009,U-0300,2373,legs,standard,completed,20.265
D009,U-0310,2426,push,intense,completed,24.697
D009,U-0322,2436,pull,intense,completed,26.417
D009,U-0341,2465,upper,express,completed,6.834
D009,U-0323,2495,pull,intense,completed,35.501
D009,U-0340,2496,upper,flexible,completed,10.746
D009,U-0334,2506,full_body,standard,completed,11.92
D009,U-0338,2509,pull,intense,completed,30.077
D009,U-0342,2513,push,intense,completed,14.814
D010,U-0002,87,full_body,standard,completed,21.456
D010,U-0004,101,legs,standard,completed,16.759
D010,U-0008,119,push,standard,completed,9.035
D010,U-0010,126,full_body,flexible,completed,18.181
D010,U-0012,166,upper,flexible,completed,19.342
D010,U-0020,190,pull,flexible,completed,18.654
D010,U-0025,239,legs,flexible,completed,20.233
D010,U-0030,260,pull,standard,completed,10.609
D010,U-0032,286,full_body,standard,completed,10.802
D010,U-0046,397,push,flexible,completed,17.009
D010,U-0048,411,upper,flexible,completed,5.897
D010,U-0050,456,pull,intense,completed,18.294
D010,U-0055,529,upper,standard,completed,20.053
D010,U-0062,575,pull,standard,completed,10.572
D010,U-0078,632,push,express,completed,7.291
D010,U-0081,635,push,express,completed,10.855
D010,U-0068,646,push,intense,completed,18.714
D010,U-0072,674,upper,standard,completed,22.479
D010,U-0074,708,upper,standard,completed,14.835
D010,U-0083,722,pull,intense,completed,35.15
D010,U-0095,750,push,standard,completed,16.9
D010,U-0085,772,full_body,intense,completed,16.332
D010,U-0084,773,push,standard,completed,6.364
D010,U-0097,803,upper,standard,completed,20.18
D010,U-0098,850,full_body,flexible,completed,19.216
D010,U-0101,865,full_body,standard,completed,19.258
D010,U-0107,906,push,flexible,completed,10.096
D010,U-0112,913,pull,express,completed,10.17
D010,U-0105,932,pull,intense,completed,14.832
D010,U-0103,945,pull,standard,completed,21.168
D010,U-0119,995,pull,standard,completed,11.763
D010,U-0110,1006,pull,intense,completed,30.791
D010,U-0116,1024,push,intense,completed,30.143
D010,U-0128,1060,full_body,flexible,completed,23.277
D010,U-0124,1068,upper,intense,completed,36.781
D010,U-0137,1173,push,intense,completed,21.745
D010,U-0154,1307,full_body,standard,completed,14.416
D010,U-0156,1339,full_body,standard,completed,18.869
D010,U-0169,1385,full_body,flexible,completed,10.519
D010,U-0176,1457,push,standard,completed,6.92
D010,U-0185,1472,legs,express,completed,6.711
D010,U-0182,1513,pull,intense,completed,16.946
D010,U-0192,1578,full_body,flexible,completed,19.339
D010,U-0189,1636,full_body,standard,completed,12.389
D010,U-0199,1641,push,standard,completed,25.456
D010,U-0200,1707,legs,standard,completed,14.891
D010,U-0203,1748,pull,intense,completed,42.724
D010,U-0202,1781,full_body,standard,completed,22.514
D010,U-0218,1813,legs,intense,completed,17.225
D010,U-0247,1859,pull,express,completed,9.64
D010,U-0229,1869,upper,flexible,completed,16.425
D010,U-0231,1902,legs,standard,completed,28.0
D010,U-0235,1911,legs,standard,completed,16.505
D010,U-0225,1922,upper,intense,completed,33.604
D010,U-0243,1957,full_body,flexible,completed,17.913
D010,U-0244,1977,legs,intense,completed,23.239
D010,U-0261,2023,full_body,express,completed,7.874
D010,U-0282,2250,upper,flexible,completed,12.164
D010,U-0286,2274,legs,standard,completed,12.59
D010,U-0309,2342,upper,express,completed,10.578
D010,U-0328,2470,push,flexible,completed,12.719
D010,U-0326,2548,full_body,standard,completed,19.501
D010,U-0335,2581,push,standard,completed,11.56
D010,U-0332,2594,pull,standard,completed,15.482
D010,U-0344,2605,legs,flexible,completed,21.1
D010,U-0342,2649,push,standard,completed,13.173
D010,U-0357,2680,full_body,flexible,completed,18.291
D010,U-0366,2687,full_body,express,completed,7.342
D010,U-0340,2695,upper,standard,completed,15.813
D010,U-0345,2714,push,standard,completed,20.869
D010,U-0373,2720,pull,standard,completed,22.502
D010,U-0371,2747,legs,flexible,completed,10.425
D010,U-0368,2758,upper,standard,completed,10.459
D011,U-0006,99,full_body,flexible,completed,21.27
D011,U-0013,164,pull,intense,completed,17.843
D011,U-0011,170,full_body,flexible,completed,13.373
D011,U-0014,184,pull,flexible,completed,11.611
D011,U-0015,214,upper,flexible,completed,14.767
D011,U-0018,223,upper,standard,completed,18.806
D011,U-0022,264,pull,intense,completed,46.621
D011,U-0031,293,upper,express,completed,8.915
D011,U-0028,305,legs,intense,completed,13.149
D011,U-0033,318,pull,flexible,completed,16.377
D011,U-0035,338,pull,standard,completed,20.654
D011,U-0040,360,pull,standard,completed,18.517
D011,U-0041,380,upper,flexible,completed,9.89
D011,U-0045,389,legs,flexible,completed,16.211
D011,U-0044,405,legs,flexible,completed,21.654
D011,U-0046,410,legs,flexible,completed,10.959
D011,U-0048,418,push,standard,completed,5.197
D011,U-0049,441,full_body,standard,completed,18.541
D011,U-0054,551,legs,intense,completed,9.078
D011,U-0061,569,pull,standard,completed,24.602
D011,U-0060,650,upper,intense,completed,39.057
D011,U-0071,670,full_body,flexible,completed,10.853
D011,U-0074,690,full_body,standard,completed,17.825
D011,U-0081,816,upper,standard,completed,15.421
D011,U-0098,876,pull,intense,completed,28.417
D011,U-0120,970,legs,standard,completed,10.639
D011,U-0119,990,upper,express,completed,9.269
D011,U-0114,1008,full_body,flexible,completed,10.684
D011,U-0122,1020,pull,flexible,completed,12.802
D011,U-0103,1023,upper,standard,completed,28.0
D011,U-0105,1033,legs,standard,completed,26.091
D011,U-0115,1046,push,flexible,completed,15.259
D011,U-0128,1102,pull,standard,completed,28.0
D011,U-0116,1106,pull,intense,completed,22.197
D011,U-0132,1109,legs,standard,completed,21.285
D011,U-0117,1142,full_body,intense,completed,19.341
D011,U-0145,1264,upper,standard,completed,6.503
D011,U-0144,1303,pull,intense,completed,14.559
D011,U-0161,1308,pull,express,completed,10.048
D011,U-0155,1340,pull,intense,completed,27.581
D011,U-0159,1367,pull,standard,completed,11.256
D011,U-0164,1388,legs,standard,completed,18.713
D011,U-0170,1396,pull,standard,completed,26.635
D011,U-0166,1429,push,standard,completed,25.471
D011,U-0181,1448,upper,express,completed,10.629
D011,U-0174,1488,upper,standard,completed,17.41
D011,U-0180,1535,upper,standard,completed,16.113
D011,U-0187,1558,pull,flexible,completed,21.482
D011,U-0190,1563,legs,standard,completed,13.429
D011,U-0193,1577,upper,express,completed,9.307
D011,U-0194,1682,pull,standard,completed,18.787
D011,U-0200,1700,legs,standard,completed,17.726
D011,U-0204,1706,legs,flexible,completed,19.539
D011,U-0197,1752,push,standard,completed,18.211
D011,U-0199,1761,full_body,standard,completed,18.226
D011,U-0202,1777,legs,flexible,completed,21.786
D011,U-0208,1794,upper,flexible,completed,12.943
D011,U-0231,1977,legs,intense,completed,43.783
D011,U-0253,2020,legs,express,completed,8.532
D011,U-0251,2141,pull,intense,completed,36.099
D011,U-0279,2205,legs,standard,completed,15.809
D011,U-0266,2255,full_body,standard,completed,12.2
D011,U-0285,2353,push,intense,completed,25.904
D011,U-0281,2366,pull,intense,completed,27.58
D011,U-0291,2421,push,intense,completed,25.693
D011,U-0308,2470,pull,standard,completed,16.961
D011,U-0311,2500,pull,flexible,completed,20.538
D011,U-0326,2650,upper,standard,completed,16.619
D011,U-0337,2668,pull,flexible,completed,13.336
D011,U-0344,2730,legs,standard,completed,20.352
D011,U-0368,2841,full_body,flexible,completed,26.998
D011,U-0358,2843,push,intense,completed,19.994
D011,U-0349,2858,legs,intense,completed,13.645
D011,U-0375,2871,legs,flexible,completed,17.196
D011,U-0361,2885,legs,intense,completed,9.739
D011,U-0365,2895,push,standard,completed,16.259
D011,U-0367,2907,legs,intense,completed,29.112
D012,U-0003,56,pull,intense,completed,21.359
D012,U-0004,90,legs,intense,completed,36.993
D012,U-0012,143,full_body,flexible,completed,12.4
D012,U-0015,157,pull,flexible,completed,18.509
D012,U-0013,178,pull,intense,completed,32.908
D012,U-0016,224,full_body,intense,completed,31.22
D012,U-0025,273,upper,flexible,completed,9.436
D012,U-0027,351,upper,intense,completed,32.615
D012,U-0042,375,legs,flexible,completed,16.208
D012,U-0038,398,legs,standard,completed,16.256
D012,U-0044,416,push,standard,completed,11.411
D012,U-0046,448,push,flexible,completed,21.036
D012,U-0048,466,legs,standard,completed,18.719
D012,U-0058,527,legs,express,completed,9.8
D012,U-0059,580,full_body,standard,completed,14.039
D012,U-0055,595,upper,intense,completed,31.978
D012,U-0057,608,legs,intense,completed,19.568
D012,U-0056,625,upper,standard,completed,23.18
D012,U-0068,636,push,standard,completed,13.417
D012,U-0095,781,upper,express,completed,9.61
D012,U-0085,786,push,flexible,completed,11.205
D012,U-0077,804,upper,intense,completed,36.301
D012,U-0092,806,legs,intense,completed,17.684
D012,U-0101,874,pull,flexible,completed,19.68
D012,U-0111,901,legs,flexible,completed,18.231
D012,U-0112,941,full_body,standard,completed,13.315
D012,U-0103,977,push,intense,completed,41.989
D012,U-0124,1019,push,standard,completed,17.343
D012,U-0121,1025,upper,standard,completed,21.076
D012,U-0135,1078,push,express,completed,8.175
D012,U-0131,1086,push,standard,completed,18.221
D012,U-0140,1116,push,standard,completed,17.72
D012,U-0141,1160,full_body,flexible,completed,10.844
D012,U-0144,1176,legs,standard,completed,13.897
D012,U-0143,1220,legs,intense,completed,45.129
D012,U-0155,1252,legs,flexible,completed,11.848
D012,U-0151,1264,full_body,flexible,completed,18.672
D012,U-0158,1274,pull,flexible,completed,10.48
D012,U-0156,1287,push,intense,completed,31.506
D012,U-0160,1299,legs,standard,completed,21.072
D012,U-0165,1355,push,intense,completed,11.861
D012,U-0168,1372,push,standard,completed,22.514
D012,U-0176,1484,legs,flexible,completed,18.495
D012,U-0175,1528,upper,standard,completed,28.0
D012,U-0193,1533,legs,express,completed,9.387
D012,U-0191,1586,legs,standard,completed,26.989
D012,U-0195,1620,upper,flexible,completed,12.372
D012,U-0207,1662,legs,intense,completed,21.99
D012,U-0198,1664,upper,standard,completed,15.007
D012,U-0201,1705,upper,standard,completed,28.0
D012,U-0208,1745,upper,standard,completed_failed,16.304
D012,U-0222,1813,legs,standard,completed,11.841
D012,U-0234,1824,pull,express,completed,8.431
D012,U-0215,1940,full_body,intense,completed,33.204
D012,U-0251,2029,pull,standard,completed,9.274
D012,U-0265,2068,legs,standard,completed,13.489
D012,U-0276,2131,push,express,completed,7.12
D012,U-0271,2153,push,flexible,completed,14.712
D012,U-0270,2168,legs,standard,completed,9.585
D012,U-0278,2284,full_body,standard,completed,15.062
D012,U-0288,2342,pull,intense,completed,31.534
D012,U-0291,2349,upper,flexible,completed,15.957
D012,U-0305,2369,legs,flexible,completed,13.944
D012,U-0296,2373,pull,intense,completed,19.061
D012,U-0286,2401,full_body,standard,completed,24.315
D012,U-0307,2409,legs,flexible,completed,21.945
D012,U-0301,2469,pull,intense,completed,27.756
D012,U-0309,2488,upper,intense,completed,16.947
D012,U-0325,2499,pull,flexible,completed,24.655
D012,U-0330,2558,legs,flexible,completed,18.029
D012,U-0331,2578,legs,intense,completed,22.262
D012,U-0342,2580,upper,express,completed,8.47
D012,U-0348,2607,pull,standard,completed,17.936
D013,U-0003,63,pull,standard,completed,15.022
D013,U-0006,83,pull,standard,completed,28.0
D013,U-0009,108,pull,standard,completed,11.48
D013,U-0008,115,upper,flexible,completed,15.088
D013,U-0019,162,pull,flexible,completed,4.856
D013,U-0016,197,upper,standard,completed,25.728
D013,U-0025,214,pull,standard,completed,18.99
D013,U-0028,272,upper,express,completed,10.085
D013,U-0026,309,upper,flexible,completed,14.799
D013,U-0039,317,legs,express,completed,10.459
D013,U-0034,364,upper,flexible,completed,17.76
D013,U-0035,368,upper,flexible,completed,14.375
D013,U-0041,393,upper,standard,completed,15.648
D013,U-0045,447,upper,standard,completed,14.201
D013,U-0055,482,push,standard,completed,20.754
D013,U-0047,513,upper,standard,completed,17.199
D013,U-0058,531,pull,flexible,completed,13.416
D013,U-0057,538,legs,flexible,completed,17.473
D013,U-0056,554,pull,standard,completed,21.442
D013,U-0053,572,full_body,standard,completed,14.148
D013,U-0062,577,push,standard,completed,23.415
D013,U-0059,619,pull,intense,completed,18.714
D013,U-0070,658,push,flexible,completed,12.581
D013,U-0071,665,upper,flexible,completed,18.433
D013,U-0078,672,legs,flexible,completed,11.913
D013,U-0067,703,upper,intense,completed,41.483
D013,U-0077,708,pull,standard,completed,18.377
D013,U-0074,779,push,intense,completed,36.149
D013,U-0083,784,upper,flexible,completed,7.798
D013,U-0084,845,full_body,standard,completed,22.251
D013,U-0100,854,upper,express,completed,6.728
D013,U-0087,894,upper,standard,completed,14.391
D013,U-0096,938,full_body,flexible,completed,12.973
D013,U-0110,964,pull,flexible,completed,22.871
D013,U-0115,973,legs,express,completed,9.758
D013,U-0117,1018,push,flexible,completed,14.812
D013,U-0108,1030,pull,intense,completed,40.129
D013,U-0104,1040,legs,intense,completed,43.102
D013,U-0119,1112,upper,flexible,completed,18.46
D013,U-0130,1198,full_body,flexible,completed,23.211
D013,U-0140,1222,push,standard,completed,26.015
D013,U-0133,1276,push,intense,completed,15.468
D013,U-0148,1284,pull,flexible,completed,11.348
D013,U-0134,1288,legs,intense,completed,20.222
D013,U-0153,1313,push,standard,completed,20.246
D013,U-0152,1341,pull,standard,completed,19.108
D013,U-0154,1378,full_body,flexible,completed,23.776
D013,U-0160,1411,push,intense,completed,29.191
D013,U-0158,1418,upper,standard,completed,22.621
D013,U-0173,1466,legs,express,completed,9.042
D013,U-0163,1490,legs,intense,completed,41.0
D013,U-0170,1517,legs,intense,completed,36.629
D013,U-0168,1558,upper,intense,completed,32.785
D013,U-0175,1599,upper,flexible,completed,14.276
D013,U-0180,1610,full_body,intense,completed,10.535
D013,U-0189,1638,pull,standard,completed,24.071
D013,U-0196,1680,full_body,flexible,completed,10.383
D013,U-0199,1707,legs,standard,completed,15.868
D013,U-0194,1743,upper,standard,completed,22.338
D013,U-0201,1744,pull,standard,completed,13.123
D013,U-0232,1867,legs,express,completed,6.993
D013,U-0209,1905,push,standard,completed,18.913
D013,U-0217,1910,legs,intense,completed,19.202
D013,U-0208,1925,full_body,standard,completed,15.046
D013,U-0238,1946,full_body,express,completed,9.835
D013,U-0216,2008,upper,standard,completed,23.575
D013,U-0249,2015,push,express,completed,7.765
D013,U-0244,2044,pull,flexible,completed,17.699
D013,U-0248,2048,pull,standard,completed,19.673
D013,U-0245,2098,full_body,standard,completed,22.974
D013,U-0258,2190,push,intense,completed,29.144
D013,U-0271,2287,legs,standard,completed,11.917
D013,U-0272,2340,full_body,flexible,completed,14.294
D013,U-0283,2368,push,flexible,completed,19.267
D013,U-0281,2392,legs,standard,completed,26.963
D013,U-0278,2417,pull,intense,completed,26.08
D013,U-0288,2443,upper,flexible,completed,12.586
D013,U-0296,2465,push,standard,completed,15.064
D013,U-0306,2532,pull,standard,completed,15.789
D013,U-0311,2536,legs,standard,completed,17.257
D013,U-0309,2548,push,standard,completed,11.983
D013,U-0317,2557,push,flexible,completed,14.771
D013,U-0336,2644,legs,express,completed,7.07
D013,U-0322,2685,upper,standard,completed,28.0
D013,U-0344,2777,legs,standard,completed,21.019
D013,U-0357,2779,pull,flexible,completed,10.953
D013,U-0333,2823,upper,standard,completed,17.116
D013,U-0378,2897,upper,express,completed,7.245
D013,U-0385,2919,pull,express,completed,7.788
D013,U-0388,2925,legs,express,completed,7.676
D013,U-0386,2934,pull,standard,completed,9.873
D013,U-0391,2977,legs,flexible,completed,17.014
D013,U-0396,2991,pull,intense,completed,13.516
D013,U-0393,2997,upper,intense,completed,17.908
D014,U-0012,155,push,standard,completed,13.705
D014,U-0016,163,legs,standard,completed,20.982
D014,U-0011,171,upper,intense,completed,30.509
D014,U-0029,248,upper,express,completed,10.095
D014,U-0026,249,legs,standard,completed,28.0
D014,U-0025,261,full_body,flexible,completed,16.628
D014,U-0028,283,upper,flexible,completed,14.085
D014,U-0033,346,pull,intense,completed,55.378
D014,U-0034,355,pull,standard,completed,14.152
D014,U-0042,362,pull,standard,completed,26.614
D014,U-0039,363,pull,intense,completed,20.596
D014,U-0041,376,pull,flexible,completed,10.926
D014,U-0046,380,pull,standard,completed,10.188
D014,U-0050,443,push,flexible,completed,5.317
D014,U-0049,445,pull,standard,completed,18.486
D014,U-0054,520,full_body,flexible,completed,12.082
D014,U-0065,583,full_body,flexible,completed,11.463
D014,U-0071,608,pull,flexible,completed,20.289
D014,U-0058,609,pull,intense,completed,25.313
D014,U-0086,702,legs,standard,completed,28.0
D014,U-0089,719,pull,flexible,completed,18.734
D014,U-0081,798,pull,intense,completed,17.017
D014,U-0091,813,upper,standard,completed,22.536
D014,U-0090,824,pull,standard,completed,11.489
D014,U-0093,857,legs,flexible,completed,24.033
D014,U-0108,861,legs,express,completed,8.934
D014,U-0105,967,full_body,standard,completed,15.657
D014,U-0122,976,pull,express,completed,6.874
D014,U-0117,989,legs,standard,completed,21.699
D014,U-0120,1010,full_body,flexible,completed,14.239
D014,U-0141,1194,push,intense,completed,15.793
D014,U-0156,1246,push,express,completed,10.294
D014,U-0158,1355,push,intense,completed,21.763
D014,U-0166,1409,pull,standard,completed,10.483
D014,U-0171,1412,push,flexible,completed,17.985
D014,U-0176,1470,upper,standard,completed,25.765
D014,U-0182,1488,upper,express,completed,10.471
D014,U-0181,1546,upper,flexible,completed,13.581
D014,U-0203,1627,legs,express,completed,9.105
D014,U-0205,1632,push,express,completed,9.243
D014,U-0195,1641,legs,standard,completed,18.997
D014,U-0197,1717,pull,standard,completed,19.133
D014,U-0193,1754,upper,intense,completed,14.754
D014,U-0225,1777,upper,express,completed,11.064
D014,U-0213,1789,legs,flexible,completed,11.164
D014,U-0202,1824,pull,intense,completed,41.993
D014,U-0229,1833,legs,flexible,completed,16.627
D014,U-0211,1867,legs,intense,completed,43.983
D014,U-0214,1944,upper,intense,completed,31.961
D014,U-0226,1991,full_body,intense,completed,30.835
D014,U-0259,2005,upper,express,completed,9.677
D014,U-0248,2022,push,intense,completed,19.806
D014,U-0263,2052,push,standard,completed,14.144
D014,U-0240,2090,full_body,intense,completed,26.747
D014,U-0270,2152,push,standard,completed,28.0
D014,U-0266,2230,upper,standard,completed,24.758
D014,U-0280,2238,legs,intense,completed,25.908
D014,U-0273,2242,pull,standard,completed,28.0
D014,U-0278,2274,full_body,standard,completed,28.0
D014,U-0292,2354,push,intense,completed,48.024
D014,U-0322,2525,legs,standard,completed,10.371
D014,U-0317,2528,push,standard,completed,21.884
D014,U-0332,2543,push,flexible,completed,15.167
D014,U-0304,2547,pull,intense,completed,25.543
D014,U-0311,2587,pull,intense,completed,22.133
D014,U-0331,2609,legs,standard,completed,17.953
D014,U-0353,2655,legs,flexible,completed,14.696
D014,U-0355,2713,full_body,flexible,completed,11.811
D014,U-0362,2721,push,flexible,completed,11.013
D014,U-0363,2734,pull,standard,completed,8.827
D014,U-0383,2770,pull,flexible,completed,10.149
D014,U-0385,2788,push,express,completed,8.842
D014,U-0382,2799,full_body,flexible,completed,8.817
D014,U-0374,2812,push,intense,completed,30.946
D014,U-0366,2815,upper,standard,completed,22.476
D014,U-0391,2844,legs,flexible,completed,11.047
D014,U-0390,2846,full_body,flexible,completed,14.94
D014,U-0389,2847,full_body,standard,completed,9.453
D015,U-0001,52,push,standard,completed,21.022
D015,U-0005,79,legs,standard,completed,28.0
D015,U-0006,128,push,intense,completed,24.016
D015,U-0011,141,full_body,flexible,completed,22.081
D015,U-0008,151,push,intense,completed,30.796
D015,U-0017,176,legs,express,completed,9.195
D015,U-0025,247,pull,flexible,completed,18.641
D015,U-0024,264,pull,flexible,completed,15.901
D015,U-0026,267,push,intense,completed,19.91
D015,U-0022,274,upper,standard,completed,20.812
D015,U-0036,369,upper,standard,completed,14.358
D015,U-0045,416,legs,flexible,completed,19.713
D015,U-0055,466,push,standard,completed,22.344
D015,U-0050,487,upper,flexible,completed,10.072
D015,U-0054,510,upper,flexible,completed,19.289
D015,U-0052,533,push,intense,completed,24.685
D015,U-0062,565,pull,standard,completed,12.416
D015,U-0063,580,pull,flexible,completed,14.338
D015,U-0057,607,push,intense,completed,10.409
D015,U-0070,624,pull,standard,completed,28.0
D015,U-0066,634,legs,intense,completed,25.696
D015,U-0075,643,pull,flexible,completed,17.228
D015,U-0069,650,legs,flexible,completed,10.369
D015,U-0076,721,legs,intense,completed,20.006
D015,U-0074,728,full_body,flexible,completed,17.505
D015,U-0072,733,pull,intense,completed,38.84
D015,U-0092,813,upper,standard,completed,18.089
D015,U-0094,854,push,standard,completed,13.151
D015,U-0090,857,full_body,flexible,completed,15.914
D015,U-0098,890,upper,flexible,completed,20.838
D015,U-0100,935,pull,intense,completed,33.061
D015,U-0115,968,pull,express,completed,7.69
D015,U-0114,978,push,flexible,completed,14.689
D015,U-0108,985,pull,standard,completed,28.0
D015,U-0107,1013,upper,standard,completed,14.839
D015,U-0124,1033,legs,flexible,completed,19.252
D015,U-0123,1086,upper,flexible,completed,28.905
D015,U-0120,1104,legs,intense,completed,8.264
D015,U-0127,1111,legs,standard,completed,21.723
D015,U-0133,1204,upper,standard,completed,13.021
D015,U-0142,1236,pull,standard,completed,21.753
D015,U-0163,1326,pull,flexible,completed,21.097
D015,U-0146,1342,pull,intense,completed,28.857
D015,U-0156,1344,pull,standard,completed,23.17
D015,U-0155,1347,push,flexible,completed,12.401
D015,U-0151,1384,full_body,standard,completed,18.787
D015,U-0161,1397,push,standard,completed,12.692
D015,U-0165,1419,pull,intense,completed,15.522
D015,U-0169,1436,pull,flexible,completed,15.465
D015,U-0162,1472,push,intense,completed,12.463
D015,U-0175,1476,push,standard,completed,24.334
D015,U-0172,1506,full_body,flexible,completed,11.82
D015,U-0176,1537,upper,flexible,completed,26.038
D015,U-0183,1543,pull,standard,completed,14.019
D015,U-0179,1551,full_body,flexible,completed,17.014
D015,U-0185,1556,legs,standard,completed,22.106
D015,U-0181,1587,push,intense,completed,23.528
D015,U-0207,1765,push,flexible,completed,19.287
D015,U-0219,1924,upper,flexible,completed,6.436
D015,U-0226,1937,legs,standard,completed,16.445
D015,U-0238,1972,push,standard,completed,18.882
D015,U-0229,2013,pull,intense,completed,18.786
D015,U-0259,2124,pull,intense,completed,30.634
D015,U-0273,2159,legs,flexible,completed,7.278
D015,U-0270,2216,pull,intense,completed,41.192
D015,U-0272,2224,full_body,standard,completed,23.299
D015,U-0275,2343,upper,standard,completed,12.478
D015,U-0313,2373,full_body,express,completed,7.554
D015,U-0293,2388,upper,standard,completed,13.738
D015,U-0316,2464,pull,flexible,completed,18.06
D015,U-0329,2469,upper,express,completed,7.155
D015,U-0303,2483,full_body,standard,completed,17.426
D015,U-0326,2524,push,flexible,completed,20.753
D015,U-0341,2564,push,standard,completed,28.0
D015,U-0345,2621,push,standard,completed,17.832
D015,U-0343,2622,legs,flexible,completed,11.848
D015,U-0350,2677,legs,intense,completed,37.416
D015,U-0358,2705,upper,standard,completed,15.921
D015,U-0368,2740,push,express,completed,9.223
D015,U-0364,2795,upper,standard,completed,15.713
D015,U-0355,2829,push,intense,completed_failed,45.241
D015,U-0376,2853,upper,express,completed,9.619
D015,U-0370,2873,push,standard,completed,10.562
D015,U-0373,2914,legs,intense,completed,27.852
D015,U-0382,2936,pull,standard,completed,9.007
D015,U-0386,2946,legs,flexible,completed,18.881
D015,U-0400,2961,upper,flexible,completed,15.57
D015,U-0379,2964,push,intense,completed,17.483
D015,U-0411,2966,pull,standard,completed,23.14
D015,U-0409,2976,upper,flexible,completed,14.75
D015,U-0404,2979,push,standard,completed,22.66
D016,U-0002,76,upper,standard,completed,22.146
D016,U-0008,99,push,standard,completed,20.647
D016,U-0011,113,push,standard,completed,13.787
D016,U-0013,152,full_body,flexible,completed,19.82
D016,U-0022,249,push,standard,completed,17.713
D016,U-0024,251,legs,standard,completed,15.093
D016,U-0030,260,pull,flexible,completed,13.038
D016,U-0033,302,legs,standard,completed,11.082
D016,U-0031,318,full_body,standard,completed,24.282
D016,U-0038,328,full_body,standard,completed,27.243
D016,U-0039,337,push,flexible,completed,8.718
D016,U-0045,399,full_body,flexible,completed,20.021
D016,U-0056,464,legs,standard,completed,25.203
D016,U-0054,469,pull,flexible,completed_failed,17.04
D016,U-0053,478,legs,intense,completed,47.112
D016,U-0062,488,legs,express,completed,8.799
D016,U-0059,541,pull,standard,completed,12.851
D016,U-0058,575,full_body,intense,completed,12.66
D016,U-0072,597,legs,flexible,completed,7.402
D016,U-0070,609,push,standard,completed,18.505
D016,U-0078,661,pull,standard,completed,24.203
D016,U-0069,666,full_body,flexible,completed,18.124
D016,U-0081,698,full_body,flexible,completed,12.646
D016,U-0090,710,full_body,express,completed,8.86
D016,U-0084,737,full_body,standard,completed,20.106
D016,U-0087,744,upper,standard,completed,15.45
D016,U-0092,756,full_body,flexible,completed,17.547
D016,U-0088,783,pull,intense,completed,33.268
D016,U-0105,831,legs,express,completed,10.951
D016,U-0091,857,legs,intense,completed,22.626
D016,U-0097,862,legs,standard,completed,28.0
D016,U-0101,894,pull,flexible,completed,25.342
D016,U-0111,902,push,flexible,completed,15.495
D016,U-0108,950,upper,standard,completed,18.358
D016,U-0106,986,legs,intense,completed,30.958
D016,U-0123,1023,pull,flexible,completed,8.031
D016,U-0124,1029,push,standard,completed,17.83
D016,U-0109,1040,legs,intense,completed,22.322
D016,U-0131,1065,legs,express,completed,9.118
D016,U-0129,1090,upper,flexible,completed,14.721
D016,U-0135,1108,push,standard,completed,18.172
D016,U-0126,1147,push,intense,completed,22.222
D016,U-0130,1177,push,intense,completed,9.659
D016,U-0145,1216,push,flexible,completed,9.63
D016,U-0164,1324,pull,standard,completed,16.418
D016,U-0163,1345,upper,standard,completed,20.279
D016,U-0168,1376,push,standard,completed,15.192
D016,U-0169,1377,legs,intense,completed,22.462
D016,U-0166,1397,push,intense,completed,25.849
D016,U-0173,1402,full_body,standard,completed,16.91
D016,U-0178,1420,pull,standard,completed,24.467
D016,U-0183,1505,pull,standard,completed,9.503
D016,U-0188,1518,push,flexible,completed,19.002
D016,U-0185,1521,pull,intense,completed,34.285
D016,U-0201,1601,full_body,express,completed,8.672
D016,U-0204,1633,legs,flexible,completed,12.679
D016,U-0214,1650,push,express,completed,7.079
D016,U-0195,1694,upper,intense,completed,28.898
D016,U-0207,1729,push,standard,completed,25.054
D016,U-0223,1820,legs,standard,completed,22.219
D016,U-0232,1836,push,express,completed,10.366
D016,U-0220,1905,full_body,flexible,completed,15.959
D016,U-0234,1930,legs,standard,completed,9.315
D016,U-0241,2020,legs,standard,completed,26.017
D016,U-0256,2029,full_body,express,completed,7.493
D016,U-0228,2044,legs,intense,completed,11.153
D016,U-0249,2156,push,standard,completed,18.582
D016,U-0279,2160,pull,standard,completed,10.862
D016,U-0282,2197,upper,express,completed,9.524
D016,U-0275,2215,push,flexible,completed,12.074
D016,U-0281,2243,legs,standard,completed,22.338
D016,U-0277,2260,push,intense,completed,13.221
D016,U-0287,2272,pull,intense,completed,20.427
D016,U-0289,2299,upper,flexible,completed,13.473
D016,U-0288,2326,full_body,standard,completed,10.996
D016,U-0296,2363,legs,intense,completed,40.739
D016,U-0301,2406,push,flexible,completed,15.481
D016,U-0311,2504,pull,standard,completed,14.854
D016,U-0321,2517,upper,express,completed,9.025
D016,U-0339,2670,push,flexible,completed,12.077
D016,U-0352,2700,upper,express,completed,8.796
D016,U-0341,2709,legs,standard,completed,17.321
D016,U-0346,2807,push,intense,completed,17.516
D016,U-0378,2847,legs,standard,completed,17.303
D016,U-0382,2881,legs,flexible,completed,14.45
D017,U-0001,49,pull,standard,completed,23.33
D017,U-0006,85,legs,standard,completed,15.133
D017,U-0004,98,pull,standard,completed,15.481
D017,U-0011,129,legs,standard,completed,10.468
D017,U-0016,144,pull,express,completed,8.315
D017,U-0009,145,pull,intense,completed,29.773
D017,U-0014,189,full_body,standard,completed,28.0
D017,U-0019,201,legs,standard,completed,14.356
D017,U-0024,206,push,express,completed,10.306
D017,U-0017,211,upper,flexible,completed,20.982
D017,U-0030,278,pull,standard,completed,17.313
D017,U-0033,314,legs,intense,completed,21.204
D017,U-0038,319,legs,flexible,completed,14.115
D017,U-0039,377,pull,flexible,completed,16.232
D017,U-0040,411,pull,intense,completed,22.323
D017,U-0042,422,full_body,standard,completed,14.957
D017,U-0049,431,legs,standard,completed,13.846
D017,U-0046,452,pull,intense,completed,20.476
D017,U-0053,503,pull,standard,completed,15.976
D017,U-0048,516,full_body,standard,completed,5.506
D017,U-0064,522,push,express,completed,9.609
D017,U-0060,563,legs,standard,completed,23.138
D017,U-0052,582,legs,intense,completed,14.901
D017,U-0066,589,push,flexible,completed,19.996
D017,U-0067,594,legs,flexible,completed,18.554
D017,U-0069,618,upper,flexible,completed,19.667
D017,U-0071,640,upper,flexible,completed,11.533
D017,U-0072,669,legs,flexible,completed,23.887
D017,U-0068,684,upper,intense,completed,48.954
D017,U-0075,693,legs,intense,completed,23.339
D017,U-0077,709,full_body,standard,completed,13.09
D017,U-0082,724,legs,flexible,completed,27.158
D017,U-0078,807,legs,intense,completed,27.366
D017,U-0101,888,push,standard,completed,28.0
D017,U-0104,899,pull,intense,completed,40.344
D017,U-0099,922,upper,intense,completed,17.681
D017,U-0098,954,push,intense,completed,25.757
D017,U-0119,1042,upper,flexible,completed,22.603
D017,U-0116,1053,full_body,flexible,completed,12.119
D017,U-0138,1172,legs,standard,completed,20.898
D017,U-0141,1179,full_body,standard,completed,28.0
D017,U-0136,1186,full_body,flexible,completed,17.518
D017,U-0139,1203,pull,intense,completed,31.358
D017,U-0153,1231,full_body,express,completed,8.927
D017,U-0148,1248,upper,flexible,completed,23.871
D017,U-0156,1294,full_body,express,completed,10.559
D017,U-0165,1357,legs,flexible,completed,22.854
D017,U-0164,1414,full_body,standard,completed,27.737
D017,U-0168,1416,pull,flexible,completed,14.13
D017,U-0173,1431,push,flexible,completed,11.519
D017,U-0163,1459,upper,standard,completed,16.208
D017,U-0170,1485,legs,standard,completed,23.751
D017,U-0182,1520,pull,standard,completed,12.963
D017,U-0176,1522,push,intense,completed,36.542
D017,U-0187,1538,legs,standard,completed,12.573
D017,U-0197,1599,legs,standard,completed,28.0
D017,U-0184,1616,pull,intense,completed,11.437
D017,U-0204,1644,upper,express,completed_failed,11.523
D017,U-0198,1646,push,standard,completed,8.856
D017,U-0208,1773,push,intense,completed,33.69
D017,U-0214,1854,upper,standard,completed,16.34
D017,U-0211,1872,upper,intense,completed,24.635
D017,U-0229,1936,pull,flexible,completed,19.8
D017,U-0224,1966,push,intense,completed,19.0
D017,U-0231,2035,pull,intense,completed,19.406
D017,U-0259,2088,legs,flexible,completed,17.736
D017,U-0247,2117,pull,intense,completed,18.513
D017,U-0258,2136,legs,standard,completed,23.43
D017,U-0268,2202,pull,standard,completed,23.813
D017,U-0266,2210,pull,standard,completed,12.025
D017,U-0277,2285,push,intense,completed,22.849
D017,U-0295,2392,upper,flexible,completed,16.393
D017,U-0308,2482,pull,intense,completed,13.702
D017,U-0304,2563,upper,standard,completed,13.364
D017,U-0321,2576,pull,standard,completed,25.25
D017,U-0331,2599,legs,standard,completed,12.321
D017,U-0363,2719,push,express,completed,10.87
D017,U-0344,2743,upper,standard,completed,17.071
D017,U-0336,2750,pull,intense,completed,30.085
D017,U-0359,2759,full_body,flexible,completed,27.367
D017,U-0362,2770,full_body,standard,completed,12.391
D018,U-0001,35,pull,express,completed,8.825
D018,U-0012,129,push,standard,completed,15.341
D018,U-0015,174,push,intense,completed,18.367
D018,U-0017,195,legs,standard,completed,13.6
D018,U-0027,238,full_body,flexible,completed,12.988
D018,U-0036,313,legs,standard,completed,14.311
D018,U-0038,317,pull,standard,completed,12.841
D018,U-0031,319,push,standard,completed,15.361
D018,U-0033,326,legs,intense,completed,41.927
D018,U-0045,413,pull,standard,completed,28.0
D018,U-0051,495,full_body,flexible,completed,13.691
D018,U-0058,512,upper,flexible,completed,13.32
D018,U-0057,521,pull,intense,completed,32.118
D018,U-0059,531,upper,standard,completed,15.39
D018,U-0050,569,upper,intense,completed,29.25
D018,U-0065,597,push,standard,completed,13.778
D018,U-0072,681,pull,intense,completed,26.502
D018,U-0090,750,pull,standard,completed,13.054
D018,U-0085,859,upper,standard,completed,19.727
D018,U-0095,892,push,standard,completed,19.024
D018,U-0110,897,upper,express,completed,6.888
D018,U-0103,968,full_body,standard,completed,13.321
D018,U-0113,1045,push,intense,completed,20.027
D018,U-0119,1047,upper,standard,completed,20.436
D018,U-0131,1072,pull,standard,completed,26.888
D018,U-0122,1137,full_body,standard,completed,11.904
D018,U-0137,1145,legs,standard,completed,19.473
D018,U-0141,1148,push,express,completed,9.624
D018,U-0129,1188,full_body,standard,completed,28.0
D018,U-0147,1249,upper,flexible,completed,17.868
D018,U-0153,1260,upper,standard,completed,11.642
D018,U-0161,1298,push,flexible,completed,19.606
D018,U-0162,1301,pull,flexible,completed,20.151
D018,U-0165,1407,upper,standard,completed,10.757
D018,U-0177,1443,pull,intense,completed,15.15
D018,U-0175,1469,push,intense,completed,30.885
D018,U-0179,1498,full_body,standard,completed,20.625
D018,U-0185,1504,push,flexible,completed,17.618
D018,U-0186,1514,pull,standard,completed,8.989
D018,U-0181,1563,push,intense,completed,10.749
D018,U-0209,1663,pull,flexible,completed,13.695
D018,U-0216,1690,legs,flexible,completed,16.384
D018,U-0208,1741,pull,intense,completed,44.37
D018,U-0217,1771,upper,flexible,completed,16.741
D018,U-0238,1930,push,standard,completed,15.406
D018,U-0245,1995,full_body,flexible,completed,12.194
D018,U-0253,1996,pull,standard,completed,14.072
D018,U-0248,2008,upper,standard,completed,28.0
D018,U-0249,2018,push,standard,completed,13.354
D018,U-0254,2084,pull,flexible,completed,18.474
D018,U-0273,2176,legs,standard,completed,18.796
D018,U-0274,2195,legs,flexible,completed,26.107
D018,U-0265,2200,upper,flexible,completed,19.054
D018,U-0275,2229,push,standard,completed,23.673
D018,U-0280,2240,pull,standard,completed,28.0
D018,U-0267,2270,legs,intense,completed,32.706
D018,U-0294,2378,upper,standard,completed,17.833
D018,U-0297,2461,legs,intense,completed,44.41
D018,U-0317,2529,push,flexible,completed,21.304
D018,U-0302,2535,legs,standard,completed,27.254
D018,U-0312,2554,upper,flexible,completed,18.628
D018,U-0326,2718,push,intense,completed,32.437
D018,U-0343,2720,push,flexible,completed,16.972
D018,U-0344,2739,pull,intense,completed,28.594
D018,U-0351,2768,full_body,intense,completed,57.615
D018,U-0368,2780,legs,flexible,completed,20.498
D018,U-0375,2807,upper,standard,completed,14.992
D019,U-0001,38,push,standard,completed,15.269
D019,U-0003,96,legs,intense,completed,38.468
D019,U-0004,109,pull,intense,completed,33.504
D019,U-0009,133,legs,standard,completed,18.249
D019,U-0010,141,upper,standard,completed,14.215
D019,U-0016,175,legs,flexible,completed,14.817
D019,U-0026,238,pull,standard,completed,11.048
D019,U-0025,258,full_body,express,completed,8.544
D019,U-0020,262,legs,standard,completed,13.744
D019,U-0034,303,pull,flexible,completed,12.956
D019,U-0023,307,full_body,flexible,completed,18.296
D019,U-0037,326,legs,express,completed,8.882
D019,U-0033,356,full_body,express,completed,9.362
D019,U-0039,372,legs,standard,completed,15.809
D019,U-0028,411,upper,standard,completed,12.579
D019,U-0038,415,pull,standard,completed,26.982
D019,U-0044,425,full_body,standard,completed,15.939
D019,U-0048,434,pull,flexible,completed,14.293
D019,U-0049,459,push,flexible,completed,17.609
D019,U-0050,468,pull,standard,completed,21.317
D019,U-0045,473,pull,intense,completed,54.805
D019,U-0047,508,legs,intense,completed,21.686
D019,U-0062,525,full_body,express,completed,8.815
D019,U-0060,560,upper,flexible,completed,14.644
D019,U-0068,630,push,intense,completed,20.186
D019,U-0070,664,push,intense,completed,32.317
D019,U-0077,674,pull,standard,completed,21.534
D019,U-0075,687,upper,flexible,completed,17.429
D019,U-0076,715,full_body,intense,completed,26.956
D019,U-0085,767,push,standard,completed,28.0
D019,U-0094,811,pull,express,completed,7.705
D019,U-0090,822,legs,standard,completed,9.352
D019,U-0089,845,upper,flexible,completed,13.558
D019,U-0092,861,legs,intense,completed,30.746
D019,U-0091,914,push,intense,completed,20.809
D019,U-0111,959,full_body,standard,completed,16.273
D019,U-0115,1029,upper,standard,completed,9.094
D019,U-0124,1033,full_body,flexible,completed,7.412
D019,U-0127,1063,upper,flexible,completed,9.697
D019,U-0128,1109,pull,standard,completed,19.29
D019,U-0130,1126,upper,flexible,completed,21.286
D019,U-0135,1171,legs,standard,completed,17.973
D019,U-0142,1182,push,express,completed,8.872
D019,U-0141,1215,legs,flexible,completed,15.522
D019,U-0140,1236,upper,standard,completed,16.778
D019,U-0148,1311,full_body,intense,completed,41.929
D019,U-0153,1366,push,intense,completed,29.623
D019,U-0169,1374,pull,flexible,completed,28.562
D019,U-0173,1436,push,standard,completed,18.551
D019,U-0184,1504,upper,flexible,completed,19.708
D019,U-0179,1507,upper,standard,completed,8.924
D019,U-0195,1592,pull,standard,completed,26.298
D019,U-0206,1645,legs,express,completed,9.323
D019,U-0202,1702,push,flexible,completed,18.599
D019,U-0204,1722,upper,flexible,completed,18.522
D019,U-0213,1765,full_body,flexible,completed,18.229
D019,U-0211,1789,full_body,flexible,completed,17.776
D019,U-0209,1827,upper,standard,completed,20.367
D019,U-0220,1835,push,flexible,completed,14.699
D019,U-0216,1854,upper,standard,completed,24.292
D019,U-0224,1907,legs,intense,completed,31.698
D019,U-0235,1926,push,express,completed,9.257
D019,U-0232,2073,upper,intense,completed,19.191
D019,U-0239,2082,upper,standard,completed,18.872
D019,U-0256,2097,pull,flexible,completed,27.369
D019,U-0264,2198,legs,intense,completed,18.764
D019,U-0301,2305,legs,express,completed,7.984
D019,U-0290,2314,legs,standard,completed,11.525
D019,U-0280,2332,legs,intense,completed,13.624
D019,U-0287,2367,legs,intense,completed,31.11
D019,U-0297,2420,legs,standard,completed,28.0
D019,U-0296,2440,pull,intense,completed,10.919
D019,U-0298,2473,upper,standard,completed,23.924
D019,U-0320,2570,pull,intense,completed,21.29
D019,U-0336,2662,pull,standard,completed,13.059
D019,U-0338,2663,legs,intense,completed,29.762
D019,U-0374,2773,legs,express,completed,7.619
D019,U-0363,2814,legs,standard,completed,17.451
D019,U-0359,2892,upper,standard,completed,20.44
D019,U-0406,2981,pull,express,completed,8.741
D019,U-0410,2994,push,express,completed,7.238
D019,U-0405,3020,pull,express,completed,10.156
D019,U-0418,3030,push,express,completed,8.981
D019,U-0384,3042,full_body,standard,completed,12.38
D019,U-0391,3049,legs,standard,completed,12.261
D019,U-0417,3066,legs,flexible,completed,14.758
D019,U-0411,3093,upper,standard,completed,15.978
D020,U-0005,69,pull,standard,completed,21.331
D020,U-0009,77,push,express,completed,8.531
D020,U-0003,95,legs,intense,completed,19.772
D020,U-0022,213,push,flexible,completed,16.629
D020,U-0024,241,push,standard,completed,14.142
D020,U-0018,259,full_body,flexible,completed,8.761
D020,U-0026,270,pull,standard,completed,17.419
D020,U-0021,275,push,intense,completed,37.407
D020,U-0028,344,push,intense,completed,34.691
D020,U-0033,349,push,intense,completed,31.771
D020,U-0031,359,legs,intense,completed,31.912
D020,U-0041,378,pull,standard,completed,18.494
D020,U-0048,463,legs,flexible,completed,12.135
D020,U-0044,475,full_body,intense,completed,39.693
D020,U-0049,512,upper,standard,completed,8.294
D020,U-0059,540,upper,standard,completed,22.143
D020,U-0065,583,push,flexible,completed,16.904
D020,U-0064,592,upper,flexible,completed,8.409
D020,U-0068,609,upper,standard,completed,11.478
D020,U-0071,614,upper,express,completed,9.617
D020,U-0073,630,push,flexible,completed,13.205
D020,U-0075,678,pull,intense,completed,26.279
D020,U-0081,698,legs,flexible,completed,14.566
D020,U-0086,813,push,intense,completed,27.214
D020,U-0108,916,legs,standard,completed,19.131
D020,U-0110,930,legs,flexible,completed,11.55
D020,U-0113,980,legs,standard,completed,12.223
D020,U-0107,997,push,standard,completed,21.98
D020,U-0120,1037,legs,flexible,completed,16.028
D020,U-0109,1039,upper,standard,completed,15.605
D020,U-0123,1058,legs,standard,completed,22.519
D020,U-0112,1064,upper,standard,completed,19.03
D020,U-0126,1119,full_body,flexible,completed,26.277
D020,U-0124,1163,legs,intense,completed,42.833
D020,U-0141,1289,push,intense,completed,15.039
D020,U-0145,1300,legs,intense,completed,23.454
D020,U-0144,1327,push,intense,completed,35.302
D020,U-0158,1340,push,standard,completed,13.149
D020,U-0163,1378,push,standard,completed,21.094
D020,U-0160,1395,upper,standard,completed,20.726
D020,U-0161,1409,upper,standard,completed,11.872
D020,U-0179,1512,upper,express,completed,9.096
D020,U-0187,1577,legs,standard,completed,16.803
D020,U-0180,1589,push,standard,completed,22.545
D020,U-0198,1639,legs,express,completed,6.43
D020,U-0186,1646,push,intense,completed,20.528
D020,U-0190,1664,push,flexible,completed,13.64
D020,U-0194,1681,upper,standard,completed,18.023
D020,U-0205,1737,upper,flexible,completed,23.198
D020,U-0224,1924,pull,intense,completed,27.896
D020,U-0227,1944,pull,intense,completed,12.776
D020,U-0235,1959,push,standard,completed,25.571
D020,U-0268,2186,legs,intense,completed,28.309
D020,U-0278,2228,legs,standard,completed,24.821
D020,U-0269,2240,pull,intense,completed,23.234
D020,U-0271,2270,upper,standard,completed,17.04
D020,U-0294,2358,upper,flexible,completed,19.473
D020,U-0295,2424,push,intense,completed,31.192
D020,U-0318,2452,legs,express,completed,7.917
D020,U-0320,2491,upper,express,completed,9.429
D020,U-0330,2561,pull,standard,completed,10.908
D020,U-0350,2668,pull,express,completed,8.327
D020,U-0339,2781,push,intense,completed_failed,25.411
D020,U-0374,2817,upper,express,completed,6.934
D020,U-0371,2846,upper,flexible,completed,16.604
D020,U-0346,2850,push,intense,completed,34.332
D020,U-0354,2874,pull,intense,completed,18.781
D020,U-0359,2875,pull,intense,completed,33.792
D020,U-0380,2895,legs,intense,completed,26.482
D021,U-0001,51,legs,intense,completed,23.809
D021,U-0003,59,push,flexible,completed,14.23
D021,U-0006,113,full_body,standard,completed,18.068
D021,U-0012,170,pull,standard,completed,19.199
D021,U-0016,178,push,flexible,completed,21.327
D021,U-0013,189,push,flexible,completed,21.761
D021,U-0033,273,legs,flexible,completed,9.919
D021,U-0027,295,pull,intense,completed,21.984
D021,U-0032,307,pull,flexible,completed,16.884
D021,U-0034,328,upper,flexible,completed,16.237
D021,U-0037,375,upper,standard,completed,21.095
D021,U-0048,382,pull,express,completed,10.362
D021,U-0039,391,full_body,intense,completed,36.182
D021,U-0050,486,push,intense,completed,25.933
D021,U-0057,551,push,intense,completed,23.697
D021,U-0064,585,push,standard,completed,18.615
D021,U-0065,634,pull,intense,completed,22.561
D021,U-0068,663,push,standard,completed,20.011
D021,U-0063,674,full_body,standard,completed,13.549
D021,U-0067,708,push,intense,completed,30.994
D021,U-0080,720,legs,standard,completed,21.746
D021,U-0102,847,push,standard,completed,22.209
D021,U-0108,877,legs,standard,completed,18.522
D021,U-0116,1061,pull,intense,completed,15.004
D021,U-0125,1089,upper,flexible,completed,10.601
D021,U-0132,1138,upper,standard,completed,17.925
D021,U-0128,1144,full_body,standard,completed,20.381
D021,U-0142,1154,push,standard,completed,21.116
D021,U-0146,1173,push,standard,completed,21.708
D021,U-0147,1212,legs,standard,completed,20.292
D021,U-0148,1221,push,intense,completed,9.249
D021,U-0152,1241,upper,standard,completed,15.396
D021,U-0154,1270,full_body,flexible,completed,19.11
D021,U-0160,1292,legs,flexible,completed,22.26
D021,U-0161,1303,push,flexible,completed,10.84
D021,U-0162,1333,legs,flexible,completed,13.885
D021,U-0211,1771,push,intense,completed,39.421
D021,U-0196,1775,push,intense,completed,23.518
D021,U-0202,1776,legs,intense,completed,31.447
D021,U-0206,1841,pull,intense,completed,38.176
D021,U-0236,1880,pull,standard,completed,8.89
D021,U-0232,1915,upper,standard,completed,19.136
D021,U-0238,1943,full_body,standard,completed_failed,12.325
D021,U-0255,2033,full_body,flexible,completed,25.089
D021,U-0257,2083,pull,standard,completed_failed,16.457
D021,U-0275,2101,push,express,completed,8.832
D021,U-0273,2122,legs,standard,completed,17.074
D021,U-0261,2140,upper,flexible,completed,25.325
D021,U-0267,2157,upper,standard,completed,22.753
D021,U-0269,2188,push,standard,completed,17.337
D021,U-0270,2200,push,standard,completed,20.62
D021,U-0287,2252,push,standard,completed,21.042
D021,U-0288,2264,full_body,flexible,completed,16.259
D021,U-0297,2339,push,flexible,completed,9.818
D021,U-0283,2367,pull,intense,completed,32.152
D021,U-0296,2408,upper,standard,completed,18.208
D021,U-0312,2458,push,standard,completed,12.156
D021,U-0306,2459,legs,standard,completed,23.249
D021,U-0332,2523,pull,flexible,completed,14.766
D021,U-0309,2583,full_body,intense,completed,39.292
D021,U-0331,2634,legs,standard,completed,12.723
D021,U-0368,2746,legs,flexible,completed,18.623
D021,U-0383,2788,upper,express,completed,8.388
D021,U-0363,2799,pull,intense,completed,28.41
D021,U-0377,2824,upper,standard,completed_failed,23.988
D021,U-0384,2835,upper,standard,completed,28.0
D021,U-0388,2836,push,intense,completed,21.879
D022,U-0004,112,push,standard,completed,11.066
D022,U-0002,125,upper,intense,completed,18.419
D022,U-0007,126,full_body,standard,completed,21.552
D022,U-0015,151,upper,express,completed,8.144
D022,U-0017,175,pull,standard,completed,21.265
D022,U-0009,176,push,intense,completed,26.457
D022,U-0021,177,legs,flexible,completed,16.653
D022,U-0026,191,pull,express,completed,8.936
D022,U-0019,226,push,standard,completed,14.175
D022,U-0014,239,push,standard,completed,22.258
D022,U-0027,256,upper,express,completed,9.373
D022,U-0031,289,legs,flexible,completed,18.661
D022,U-0034,309,pull,flexible,completed,10.498
D022,U-0049,412,push,express,completed,8.877
D022,U-0046,415,push,standard,completed,21.597
D022,U-0032,427,pull,intense,completed,20.654
D022,U-0033,433,full_body,standard,completed,15.914
D022,U-0035,439,upper,intense,completed,35.667
D022,U-0045,478,upper,standard,completed,10.762
D022,U-0064,532,pull,express,completed,9.65
D022,U-0073,615,legs,standard,completed,28.0
D022,U-0077,661,legs,standard,completed,10.594
D022,U-0071,692,push,intense,completed,22.634
D022,U-0084,757,upper,standard,completed,28.0
D022,U-0091,762,push,standard,completed,26.201
D022,U-0089,778,pull,standard,completed,21.995
D022,U-0093,820,push,intense,completed,13.37
D022,U-0097,827,push,standard,completed,19.759
D022,U-0103,866,legs,standard,completed,15.371
D022,U-0098,899,legs,intense,completed,30.053
D022,U-0104,913,upper,flexible,completed,15.28
D022,U-0099,948,full_body,standard,completed,20.713
D022,U-0111,974,legs,flexible,completed,13.962
D022,U-0112,994,upper,flexible,completed,15.049
D022,U-0143,1212,legs,express,completed,10.258
D022,U-0147,1286,push,standard,completed,16.333
D022,U-0150,1349,legs,standard,completed,22.431
D022,U-0164,1369,legs,standard,completed,12.322
D022,U-0167,1392,pull,standard,completed,14.887
D022,U-0189,1463,push,express,completed,8.672
D022,U-0204,1610,upper,express,completed,8.854
D022,U-0185,1618,full_body,standard,completed,14.278
D022,U-0203,1625,pull,standard,completed,17.408
D022,U-0205,1668,push,standard,completed,28.0
D022,U-0200,1671,full_body,standard,completed,22.624
D022,U-0210,1691,legs,intense,completed,20.711
D022,U-0211,1697,full_body,flexible,completed,11.473
D022,U-0213,1706,push,standard,completed,23.582
D022,U-0212,1742,pull,intense,completed,32.589
D022,U-0216,1763,push,standard,completed,17.603
D022,U-0208,1774,upper,standard,completed,9.921
D022,U-0217,1811,upper,flexible,completed,26.627
D022,U-0214,1856,upper,standard,completed,23.653
D022,U-0226,1871,pull,intense,completed,30.491
D022,U-0230,1874,legs,standard,completed,15.198
D022,U-0242,1979,full_body,flexible,completed,14.276
D022,U-0234,1985,push,intense,completed,37.724
D022,U-0237,2026,legs,intense,completed,27.307
D022,U-0240,2033,full_body,flexible,completed,16.153
D022,U-0265,2071,pull,flexible,completed,12.903
D022,U-0271,2180,legs,intense,completed,20.673
D022,U-0294,2316,legs,intense,completed,33.683
D022,U-0298,2332,full_body,flexible,completed,22.319
D022,U-0309,2344,upper,express,completed,8.133
D022,U-0295,2364,legs,intense,completed,33.062
D022,U-0305,2386,legs,flexible,completed,18.602
D022,U-0315,2443,pull,flexible,completed,16.652
D022,U-0324,2451,legs,express,completed,6.68
D022,U-0313,2469,full_body,flexible,completed,20.828
D022,U-0316,2501,push,standard,completed,13.064
D022,U-0334,2581,legs,flexible,completed,16.146
D022,U-0331,2617,pull,flexible,completed,12.543
D022,U-0327,2661,upper,standard,completed,13.047
D022,U-0344,2747,push,standard,completed,14.772
D022,U-0357,2767,push,standard,completed,14.605
D022,U-0373,2786,pull,flexible,completed,15.179
D022,U-0363,2840,pull,intense,completed,33.839
D022,U-0375,2882,full_body,flexible,completed,10.831
D022,U-0384,2889,pull,standard,completed,6.133
D022,U-0389,2919,pull,standard,completed,16.189
D022,U-0399,3048,full_body,standard,completed,25.325
D022,U-0401,3057,push,intense,completed,14.183
D022,U-0407,3077,push,intense,completed,26.835
D022,U-0416,3088,pull,intense,completed,40.673
D022,U-0409,3089,full_body,intense,completed,35.572
D023,U-0002,49,push,flexible,completed,12.01
D023,U-0006,78,legs,standard,completed,19.916
D023,U-0008,93,push,standard,completed,16.448
D023,U-0011,111,legs,intense,completed,34.513
D023,U-0015,147,upper,standard,completed,10.442
D023,U-0013,174,legs,intense,completed,14.559
D023,U-0022,196,pull,flexible,completed,16.908
D023,U-0021,222,push,standard,completed,16.248
D023,U-0018,254,full_body,flexible,completed,12.526
D023,U-0051,476,legs,standard,completed,10.947
D023,U-0052,485,upper,flexible,completed,11.307
D023,U-0049,523,legs,intense,completed,30.224
D023,U-0057,542,push,intense,completed,14.445
D023,U-0061,548,pull,flexible,completed,11.243
D023,U-0077,636,pull,flexible,completed,33.493
D023,U-0066,674,full_body,intense,completed,46.946
D023,U-0074,692,push,intense,completed,23.576
D023,U-0086,790,full_body,standard,completed,13.726
D023,U-0099,818,legs,flexible,completed,8.024
D023,U-0097,839,legs,standard,completed,17.991
D023,U-0083,864,full_body,intense,completed,26.762
D023,U-0108,900,legs,standard,completed,7.605
D023,U-0102,922,upper,flexible,completed,11.15
D023,U-0114,924,pull,standard,completed,18.627
D023,U-0115,958,pull,standard,completed,28.0
D023,U-0120,1034,upper,standard,completed,22.846
D023,U-0134,1125,full_body,flexible,completed,14.892
D023,U-0140,1171,push,standard,completed,12.33
D023,U-0141,1177,full_body,flexible,completed,9.878
D023,U-0138,1185,legs,standard,completed,16.384
D023,U-0142,1198,upper,flexible,completed,16.216
D023,U-0148,1266,push,standard,completed,12.124
D023,U-0150,1341,full_body,intense,completed,41.95
D023,U-0183,1496,full_body,standard,completed,12.437
D023,U-0178,1525,full_body,standard,completed,10.953
D023,U-0188,1561,push,intense,completed,32.677
D023,U-0195,1578,push,standard,completed,11.508
D023,U-0196,1597,push,flexible,completed,7.864
D023,U-0203,1660,pull,intense,completed,31.926
D023,U-0211,1724,push,flexible,completed,8.91
D023,U-0216,1725,pull,flexible,completed,13.012
D023,U-0208,1732,push,intense,completed,16.333
D023,U-0219,1815,upper,intense,completed,18.296
D023,U-0225,1830,pull,standard,completed,28.0
D023,U-0231,1870,upper,express,completed,10.994
D023,U-0235,1911,push,express,completed,6.732
D023,U-0238,1935,pull,express,completed,7.853
D023,U-0248,1961,pull,express,completed,10.068
D023,U-0234,1975,push,flexible,completed,19.48
D023,U-0239,1981,legs,flexible,completed,12.893
D023,U-0241,2002,push,flexible,completed,16.467
D023,U-0237,2014,legs,flexible,completed,13.232
D023,U-0240,2032,legs,intense,completed,27.693
D023,U-0258,2047,legs,express,completed,8.26
D023,U-0259,2107,upper,express,completed,9.419
D023,U-0257,2114,pull,standard,completed,10.372
D023,U-0256,2117,full_body,flexible,completed,18.219
D023,U-0263,2141,legs,flexible,completed,11.065
D023,U-0268,2224,push,flexible,completed,15.174
D023,U-0278,2285,legs,standard,completed,14.836
D023,U-0291,2330,pull,standard,completed,10.473
D023,U-0301,2427,legs,flexible,completed,12.315
D023,U-0292,2455,full_body,standard,completed,22.554
D023,U-0310,2489,legs,intense,completed,20.904
D023,U-0306,2518,upper,standard,completed,24.466
D023,U-0309,2534,pull,intense,completed,43.99
D023,U-0313,2576,full_body,standard,completed,13.763
D023,U-0326,2630,push,intense,completed,21.072
D023,U-0354,2658,pull,express,completed,8.43
D023,U-0323,2661,pull,intense,completed,23.53
D023,U-0321,2672,pull,intense,completed,15.492
D023,U-0338,2717,pull,standard,completed,20.175
D023,U-0337,2777,upper,standard,completed,11.683
D023,U-0367,2780,full_body,standard,completed,9.669
D023,U-0368,2837,push,intense,completed,22.868
D023,U-0389,2891,legs,standard,completed,26.839
D023,U-0377,2916,push,intense,completed,15.336
D023,U-0400,2968,full_body,flexible,completed,17.773
D024,U-0005,100,pull,standard,completed,10.121
D024,U-0011,131,push,flexible,completed,11.799
D024,U-0007,146,upper,standard,completed,13.017
D024,U-0016,174,legs,standard,completed,16.153
D024,U-0021,193,legs,standard,completed,9.62
D024,U-0015,206,upper,flexible,completed,10.749
D024,U-0023,246,full_body,flexible,completed,19.103
D024,U-0024,282,push,intense,completed,39.665
D024,U-0030,306,legs,flexible,completed,18.529
D024,U-0035,333,pull,flexible,completed,15.571
D024,U-0037,379,push,intense,completed,29.719
D024,U-0038,397,pull,intense,completed,20.912
D024,U-0049,418,legs,express,completed,8.633
D024,U-0046,466,upper,standard,completed,13.409
D024,U-0044,467,pull,intense,completed,51.184
D024,U-0042,470,upper,intense,completed,31.206
D024,U-0045,515,legs,intense,completed,31.157
D024,U-0051,538,upper,flexible,completed,11.899
D024,U-0054,556,full_body,standard,completed,12.982
D024,U-0063,593,push,flexible,completed,11.182
D024,U-0056,624,upper,intense,completed,46.446
D024,U-0074,634,legs,standard,completed,17.075
D024,U-0073,644,upper,standard,completed,14.518
D024,U-0072,673,upper,flexible,completed,12.992
D024,U-0080,682,legs,standard,completed,12.825
D024,U-0085,790,full_body,standard,completed,22.288
D024,U-0090,805,push,standard,completed,10.765
D024,U-0091,839,push,intense,completed,27.883
D024,U-0098,841,legs,standard,completed,9.329
D024,U-0121,975,legs,express,completed_failed,10.485
D024,U-0113,1098,pull,intense,completed,13.535
D024,U-0132,1115,full_body,flexible,completed,29.456
D024,U-0133,1122,upper,standard,completed,15.926
D024,U-0134,1195,push,intense,completed,25.471
D024,U-0138,1217,pull,standard,completed,21.358
D024,U-0139,1264,full_body,standard,completed,13.287
D024,U-0148,1272,legs,intense,completed,26.869
D024,U-0141,1286,push,intense,completed,46.044
D024,U-0154,1427,pull,intense,completed,31.142
D024,U-0168,1477,push,intense,completed,16.328
D024,U-0166,1479,pull,standard,completed,9.119
D024,U-0172,1515,push,standard,completed,17.063
D024,U-0180,1554,legs,intense,completed,41.361
D024,U-0185,1598,full_body,flexible,completed,11.483
D024,U-0191,1602,legs,standard,completed,20.929
D024,U-0194,1651,legs,standard,completed,22.985
D024,U-0190,1681,push,flexible,completed,11.16
D024,U-0224,1768,legs,express,completed,8.735
D024,U-0229,1869,upper,express,completed,8.556
D024,U-0241,1974,legs,flexible,completed,17.188
D024,U-0262,2150,push,flexible,completed,15.01
D024,U-0261,2255,full_body,standard,completed,20.837
D024,U-0272,2263,legs,flexible,completed,25.969
D024,U-0277,2304,legs,standard,completed,15.315
D024,U-0285,2350,push,standard,completed,22.085
D024,U-0287,2387,legs,standard,completed,15.64
D024,U-0299,2450,full_body,flexible,completed,15.412
D024,U-0312,2453,legs,standard,completed,24.583
D024,U-0303,2564,pull,standard,completed,26.344
D024,U-0327,2609,pull,flexible,completed,15.709
D024,U-0316,2617,legs,intense,completed,18.337
D024,U-0328,2665,upper,standard,completed,15.651
D024,U-0344,2669,legs,standard,completed,23.188
D024,U-0354,2677,pull,express,completed,9.15
D024,U-0357,2788,push,intense,completed,29.507
D024,U-0365,2801,legs,flexible,completed,11.512
D024,U-0359,2809,pull,intense,completed,34.248
D024,U-0369,2811,push,intense,completed,24.434
D025,U-0007,71,push,standard,completed,8.298
D025,U-0009,107,pull,flexible,completed,19.022
D025,U-0013,118,pull,standard,completed,18.309
D025,U-0015,132,legs,standard,completed,24.472
D025,U-0019,165,pull,standard,completed,18.557
D025,U-0026,214,legs,standard,completed,20.884
D025,U-0025,229,pull,flexible,completed,18.37
D025,U-0030,242,pull,flexible,completed,17.492
D025,U-0034,290,push,flexible,completed,10.253
D025,U-0041,359,pull,standard,completed,17.645
D025,U-0046,460,pull,intense,completed,41.021
D025,U-0067,536,legs,standard,completed,19.118
D025,U-0071,572,pull,flexible,completed,16.53
D025,U-0069,574,legs,intense,completed,15.355
D025,U-0070,591,full_body,standard,completed,19.914
D025,U-0075,661,full_body,flexible,completed,25.716
D025,U-0079,667,legs,intense,completed,20.087
D025,U-0082,686,legs,standard,completed,16.419
D025,U-0077,735,upper,standard,completed,10.587
D025,U-0089,764,full_body,flexible,completed,29.632
D025,U-0095,816,upper,standard,completed,18.45
D025,U-0126,963,push,express,completed,8.166
D025,U-0108,1006,full_body,standard,completed,24.389
D025,U-0119,1045,pull,flexible,completed,14.947
D025,U-0135,1046,pull,express,completed,7.763
D025,U-0137,1055,legs,express,completed,8.505
D025,U-0128,1082,push,intense,completed,23.342
D025,U-0134,1145,pull,intense,completed,18.463
D025,U-0143,1167,push,standard,completed,19.651
D025,U-0153,1253,upper,flexible,completed,23.915
D025,U-0161,1327,pull,flexible,completed,20.284
D025,U-0164,1374,push,intense,completed,33.622
D025,U-0160,1384,upper,standard,completed,18.186
D025,U-0171,1427,upper,flexible,completed,14.727
D025,U-0178,1443,pull,flexible,completed,15.133
D025,U-0173,1444,legs,intense,completed,20.85
D025,U-0180,1453,full_body,flexible,completed,15.308
D025,U-0182,1512,full_body,standard,completed,23.103
D025,U-0175,1526,push,intense,completed,17.855
D025,U-0184,1542,legs,intense,completed,31.399
D025,U-0203,1581,pull,express,completed,8.448
D025,U-0199,1605,legs,standard,completed,17.772
D025,U-0202,1629,legs,intense,completed,33.858
D025,U-0208,1663,legs,standard,completed,14.632
D025,U-0212,1694,legs,standard,completed,20.24
D025,U-0213,1713,legs,standard,completed,21.912
D025,U-0211,1718,legs,intense,completed,16.655
D025,U-0214,1725,push,standard,completed,27.577
D025,U-0221,1794,full_body,standard,completed,26.453
D025,U-0224,1853,legs,flexible,completed,19.674
D025,U-0229,1928,push,intense,completed,23.322
D025,U-0257,2077,full_body,standard,completed,28.0
D025,U-0258,2136,push,standard,completed,16.075
D025,U-0273,2154,legs,standard,completed,28.0
D025,U-0264,2157,full_body,flexible,completed,22.976
D025,U-0272,2191,legs,flexible,completed,15.445
D025,U-0290,2210,legs,express,completed,9.048
D025,U-0278,2334,legs,intense,completed,20.358
D025,U-0303,2386,legs,standard,completed,11.734
D025,U-0289,2393,upper,standard,completed,20.609
D025,U-0309,2534,push,standard,completed,11.946
D025,U-0311,2560,push,intense,completed,28.1
D025,U-0320,2627,legs,intense,completed,16.522
D025,U-0332,2707,pull,standard,completed,7.401
D025,U-0338,2745,push,intense,completed,42.779
D025,U-0342,2776,push,intense,completed,28.463
D025,U-0379,2832,full_body,standard,completed,12.358
D025,U-0374,2834,full_body,standard,completed,12.954
D026,U-0002,33,legs,standard,completed,12.668
D026,U-0003,75,legs,intense,completed,27.924
D026,U-0004,108,pull,flexible,completed,10.174
D026,U-0012,168,push,flexible,completed,36.056
D026,U-0013,183,full_body,standard,completed,9.617
D026,U-0020,198,full_body,flexible,completed,15.629
D026,U-0025,211,pull,standard,completed,9.265
D026,U-0024,217,legs,flexible,completed,20.33
D026,U-0027,220,pull,standard,completed,16.944
D026,U-0032,294,legs,flexible,completed,13.378
D026,U-0029,296,pull,standard,completed,11.363
D026,U-0038,362,upper,flexible,completed,15.129
D026,U-0034,371,legs,intense,completed,23.022
D026,U-0040,397,pull,flexible,completed,14.505
D026,U-0054,414,legs,express,completed,8.972
D026,U-0043,449,legs,standard,completed,18.898
D026,U-0044,453,pull,intense,completed,43.756
D026,U-0050,458,upper,flexible,completed,19.941
D026,U-0052,478,push,intense,completed,25.27
D026,U-0053,496,upper,standard,completed,15.856
D026,U-0057,519,pull,flexible,completed,25.205
D026,U-0059,537,full_body,flexible,completed,30.468
D026,U-0080,630,legs,express,completed,10.299
D026,U-0068,649,pull,standard,completed,12.716
D026,U-0073,672,pull,standard,completed,19.994
D026,U-0071,697,full_body,standard,completed,25.041
D026,U-0072,702,upper,flexible,completed,8.838
D026,U-0076,710,upper,flexible,completed,13.652
D026,U-0077,725,upper,standard,completed,22.825
D026,U-0074,741,full_body,standard,completed,9.329
D026,U-0081,746,upper,standard,completed,9.84
D026,U-0075,779,full_body,standard,completed,18.605
D026,U-0091,812,full_body,flexible,completed,7.796
D026,U-0089,826,legs,standard,completed,7.678
D026,U-0104,869,upper,express,completed,8.475
D026,U-0099,909,full_body,standard,completed,28.0
D026,U-0092,923,pull,intense,completed,37.606
D026,U-0110,940,legs,standard,completed,26.956
D026,U-0114,961,pull,flexible,completed,13.773
D026,U-0103,996,pull,intense,completed,23.956
D026,U-0115,1028,upper,intense,completed,27.647
D026,U-0117,1033,upper,flexible,completed,21.055
D026,U-0118,1071,upper,standard,completed,22.827
D026,U-0136,1138,push,express,completed,9.149
D026,U-0132,1162,pull,standard,completed,28.0
D026,U-0129,1164,full_body,standard,completed,16.373
D026,U-0139,1169,push,express,completed,8.316
D026,U-0142,1209,push,flexible,completed,23.184
D026,U-0141,1225,push,intense,completed,20.896
D026,U-0140,1229,legs,intense,completed,36.051
D026,U-0138,1254,upper,flexible,completed,15.389
D026,U-0148,1277,pull,flexible,completed,15.09
D026,U-0144,1294,upper,flexible,completed,18.152
D026,U-0149,1348,push,intense,completed,21.067
D026,U-0157,1366,full_body,flexible,completed,7.484
D026,U-0174,1463,legs,flexible,completed,17.511
D026,U-0167,1491,pull,intense,completed,17.492
D026,U-0188,1567,pull,flexible,completed,28.58
D026,U-0184,1611,legs,standard,completed,14.73
D026,U-0189,1626,legs,standard,completed,15.586
D026,U-0187,1692,pull,intense,completed,16.012
D026,U-0193,1714,legs,intense,completed,28.229
D026,U-0190,1727,full_body,standard,completed,16.569
D026,U-0196,1756,pull,intense,completed,27.135
D026,U-0200,1807,upper,standard,completed,10.605
D026,U-0216,1811,pull,express,completed,9.87
D026,U-0210,1847,push,intense,completed,35.853
D026,U-0217,1870,push,intense,completed,26.76
D026,U-0244,2031,pull,intense,completed,35.317
D026,U-0251,2053,pull,flexible,completed,17.636
D026,U-0238,2064,full_body,standard,completed,26.13
D026,U-0255,2095,upper,flexible,completed,20.355
D026,U-0246,2112,upper,standard,completed,17.016
D026,U-0265,2203,upper,flexible,completed,20.673
D026,U-0273,2242,legs,standard,completed,17.036
D026,U-0276,2269,pull,flexible,completed,16.547
D026,U-0285,2315,full_body,express,completed,6.38
D026,U-0281,2386,pull,intense,completed,18.691
D026,U-0286,2412,pull,flexible,completed,14.209
D026,U-0291,2416,pull,standard,completed,27.114
D026,U-0290,2420,legs,standard,completed,20.789
D026,U-0287,2476,full_body,standard,completed,10.54
D026,U-0318,2517,pull,standard,completed,20.71
D026,U-0315,2536,legs,flexible,completed,16.254
D026,U-0308,2551,push,standard,completed,13.876
D026,U-0340,2683,full_body,standard,completed,18.25
D026,U-0356,2737,push,express,completed,7.445
D026,U-0349,2756,upper,flexible,completed,14.361
D026,U-0359,2765,pull,flexible,completed,17.858
D026,U-0339,2783,pull,intense,completed,16.096
D026,U-0355,2785,pull,flexible,completed,13.276
D026,U-0368,2803,pull,express,completed,7.721
D026,U-0344,2810,upper,standard,completed,28.0
D026,U-0366,2815,pull,flexible,completed,11.152
D026,U-0364,2826,push,standard,completed,10.619
D027,U-0001,44,upper,standard,completed,13.555
D027,U-0006,92,full_body,flexible,completed,13.505
D027,U-0011,97,push,express,completed,7.501
D027,U-0004,107,upper,intense,completed,39.27
D027,U-0017,194,upper,flexible,completed,14.368
D027,U-0014,204,full_body,flexible,completed,16.609
D027,U-0021,227,pull,standard,completed,17.091
D027,U-0032,334,push,intense,completed,18.318
D027,U-0027,335,legs,intense,completed,25.316
D027,U-0045,347,upper,express,completed,9.87
D027,U-0049,370,pull,express,completed,9.034
D027,U-0036,409,push,standard,completed,11.161
D027,U-0030,419,upper,standard,completed,13.016
D027,U-0052,426,pull,flexible,completed,17.738
D027,U-0055,443,legs,standard,completed,8.017
D027,U-0048,457,pull,standard,completed,12.781
D027,U-0059,502,push,intense,completed,34.215
D027,U-0063,567,upper,standard,completed,11.042
D027,U-0062,577,full_body,flexible,completed,18.452
D027,U-0085,791,legs,standard,completed,17.707
D027,U-0079,801,full_body,standard,completed,21.675
D027,U-0092,870,full_body,standard,completed,14.793
D027,U-0105,916,push,flexible,completed,17.301
D027,U-0104,932,push,standard,completed,18.999
D027,U-0123,968,upper,express,completed,8.115
D027,U-0113,1004,upper,standard,completed,6.02
D027,U-0115,1032,upper,standard,completed,10.023
D027,U-0122,1035,full_body,flexible,completed,25.248
D027,U-0130,1090,pull,standard,completed,13.938
D027,U-0135,1093,legs,flexible,completed,12.1
D027,U-0125,1115,full_body,standard,completed,21.592
D027,U-0140,1162,full_body,flexible,completed,9.533
D027,U-0126,1186,full_body,standard,completed,28.0
D027,U-0128,1191,push,intense,completed,25.826
D027,U-0152,1250,pull,standard,completed,14.035
D027,U-0162,1310,full_body,standard,completed,16.028
D027,U-0163,1384,pull,intense,completed,27.715
D027,U-0178,1413,push,express,completed,10.001
D027,U-0164,1420,push,intense,completed,29.214
D027,U-0186,1479,legs,flexible,completed,18.049
D027,U-0182,1501,legs,intense,completed,12.319
D027,U-0190,1584,upper,standard,completed,28.0
D027,U-0196,1591,pull,flexible,completed,19.259
D027,U-0199,1614,legs,flexible,completed,14.289
D027,U-0204,1699,pull,intense,completed,29.505
D027,U-0210,1812,pull,standard,completed,15.776
D027,U-0241,1921,push,express,completed,9.735
D027,U-0229,1925,pull,standard,completed,28.0
D027,U-0239,1940,legs,standard,completed,13.14
D027,U-0221,1981,upper,standard,completed,13.322
D027,U-0248,2015,upper,flexible,completed,18.284
D027,U-0247,2036,pull,standard,completed,19.381
D027,U-0260,2103,push,standard,completed,28.0
D027,U-0256,2109,upper,standard,completed,20.717
D027,U-0251,2114,upper,standard,completed,13.04
D027,U-0259,2168,push,flexible,completed,19.293
D027,U-0262,2209,full_body,intense,completed,25.475
D027,U-0272,2242,legs,flexible,completed,17.053
D027,U-0274,2261,pull,intense,completed,36.194
D027,U-0289,2289,legs,flexible,completed,17.208
D027,U-0296,2367,legs,standard,completed,17.309
D027,U-0290,2394,pull,intense,completed,19.637
D027,U-0301,2437,legs,flexible,completed,9.848
D027,U-0313,2478,pull,express,completed,10.249
D027,U-0309,2527,full_body,standard,completed,28.0
D027,U-0321,2565,push,intense,completed,41.083
D027,U-0333,2629,full_body,standard,completed,12.662
D027,U-0337,2654,upper,flexible,completed,15.614
D027,U-0320,2660,full_body,intense,completed,18.744
D027,U-0350,2706,push,express,completed,9.143
D027,U-0362,2863,push,standard,completed,13.262
D027,U-0368,2876,push,flexible,completed,21.466
D027,U-0354,2882,legs,intense,completed,27.27
D027,U-0363,2890,push,standard,completed,17.963
D027,U-0373,2925,upper,standard,completed,14.646
D028,U-0012,124,upper,standard,completed,16.458
D028,U-0005,143,upper,intense,completed,34.416
D028,U-0014,164,upper,standard,completed,28.0
D028,U-0025,240,pull,standard,completed,10.812
D028,U-0028,296,legs,intense,completed,6.737
D028,U-0037,323,legs,express,completed,7.486
D028,U-0032,345,push,intense,completed,19.836
D028,U-0047,390,upper,express,completed,9.428
D028,U-0035,399,legs,intense,completed,32.95
D028,U-0036,409,legs,standard,completed,17.315
D028,U-0042,460,push,intense,completed,29.527
D028,U-0046,470,full_body,standard,completed,15.06
D028,U-0052,476,full_body,flexible,completed,12.571
D028,U-0053,509,pull,standard,completed,18.193
D028,U-0050,536,push,intense,completed,16.2
D028,U-0066,552,push,express,completed,9.29
D028,U-0065,561,full_body,express,completed,6.843
D028,U-0058,597,legs,intense,completed,43.234
D028,U-0054,611,push,intense,completed,30.153
D028,U-0072,648,full_body,standard,completed,22.556
D028,U-0080,733,pull,flexible,completed,16.934
D028,U-0094,807,legs,standard,completed,25.036
D028,U-0079,822,full_body,standard,completed,15.657
D028,U-0097,868,full_body,standard,completed,12.695
D028,U-0105,886,pull,flexible,completed,14.605
D028,U-0098,902,pull,intense,completed,25.737
D028,U-0121,997,legs,standard,completed,21.288
D028,U-0108,1010,push,intense,completed,13.211
D028,U-0118,1036,full_body,flexible,completed,7.149
D028,U-0120,1053,full_body,flexible,completed,15.544
D028,U-0127,1078,full_body,flexible,completed,14.467
D028,U-0135,1105,pull,flexible,completed,11.324
D028,U-0130,1126,pull,intense,completed,12.849
D028,U-0147,1197,pull,express,completed,7.443
D028,U-0139,1202,upper,flexible,completed,19.366
D028,U-0143,1225,push,standard,completed,24.021
D028,U-0154,1316,full_body,flexible,completed,12.74
D028,U-0153,1369,pull,intense,completed,23.914
D028,U-0158,1386,upper,flexible,completed,9.907
D028,U-0174,1420,upper,express,completed,11.246
D028,U-0173,1461,upper,express,completed,9.616
D028,U-0176,1488,upper,flexible,completed,14.288
D028,U-0171,1505,upper,standard,completed,21.313
D028,U-0178,1522,full_body,standard,completed,22.937
D028,U-0190,1584,legs,standard,completed,18.077
D028,U-0192,1586,legs,flexible,completed,14.932
D028,U-0198,1635,legs,express,completed,10.998
D028,U-0200,1681,pull,standard,completed,13.51
D028,U-0210,1724,legs,express,completed,11.403
D028,U-0202,1782,upper,standard,completed,16.796
D028,U-0199,1844,full_body,standard,completed,18.27
D028,U-0214,1919,push,intense,completed,34.423
D028,U-0216,1968,full_body,standard,completed,27.035
D028,U-0240,1991,pull,standard,completed,12.391
D028,U-0224,2013,push,standard,completed,17.767
D028,U-0243,2023,upper,flexible,completed,14.464
D028,U-0245,2058,upper,flexible,completed,13.643
D028,U-0257,2062,pull,express,completed,9.297
D028,U-0234,2081,push,standard,completed,22.632
D028,U-0255,2107,legs,flexible,completed,19.269
D028,U-0250,2151,legs,intense,completed,30.752
D028,U-0280,2247,pull,express,completed,10.224
D028,U-0288,2309,pull,flexible,completed,18.159
D028,U-0276,2354,full_body,flexible,completed,12.22
D028,U-0283,2369,full_body,standard,completed,16.967
D028,U-0296,2374,push,express,completed,8.575
D028,U-0291,2404,legs,standard,completed,7.992
D028,U-0281,2453,upper,standard,completed,12.057
D028,U-0299,2515,pull,flexible,completed,17.129
D028,U-0312,2604,pull,intense,completed,33.89
D028,U-0313,2626,push,standard,completed,5.666
D028,U-0347,2700,push,standard,completed,17.304
D028,U-0331,2765,legs,intense,completed,9.211
D028,U-0328,2775,upper,standard,completed,12.947
D028,U-0375,2850,push,express,completed,8.105
D028,U-0360,2858,push,standard,completed,14.09
D028,U-0357,2883,upper,standard,completed,17.684
D028,U-0383,2900,push,express,completed,10.037
D028,U-0367,2915,push,standard,completed,11.392
D028,U-0384,2931,push,standard,completed,18.213
D028,U-0377,2932,legs,intense,completed,45.587
D029,U-0009,87,legs,express,completed,9.406
D029,U-0005,90,upper,flexible,completed,20.29
D029,U-0006,101,upper,flexible,completed,11.589
D029,U-0015,143,legs,standard,completed,28.0
D029,U-0008,156,upper,standard,completed,20.806
D029,U-0017,184,full_body,flexible,completed,8.023
D029,U-0020,220,full_body,standard,completed,24.178
D029,U-0023,255,full_body,standard,completed,26.697
D029,U-0027,274,full_body,flexible,completed,16.818
D029,U-0039,338,upper,express,completed,9.048
D029,U-0025,345,upper,intense,completed,22.429
D029,U-0041,407,upper,standard,completed,15.285
D029,U-0043,408,legs,standard,completed,9.791
D029,U-0037,418,push,intense,completed,9.555
D029,U-0046,444,pull,standard,completed,19.135
D029,U-0049,462,pull,standard,completed,12.632
D029,U-0071,574,full_body,express,completed,9.012
D029,U-0063,592,legs,flexible,completed,15.659
D029,U-0072,626,full_body,flexible,completed,16.445
D029,U-0066,672,upper,intense,completed,39.732
D029,U-0085,698,full_body,express,completed,10.355
D029,U-0086,740,pull,flexible,completed,19.449
D029,U-0090,774,push,flexible,completed,8.068
D029,U-0089,780,legs,standard,completed,13.404
D029,U-0078,789,push,intense,completed,17.525
D029,U-0088,822,full_body,flexible,completed,7.051
D029,U-0082,823,pull,intense,completed,24.017
D029,U-0114,961,pull,standard,completed,22.626
D029,U-0107,975,upper,flexible,completed,18.852
D029,U-0119,1052,legs,flexible,completed,20.239
D029,U-0124,1079,full_body,standard,completed,23.058
D029,U-0136,1098,legs,express,completed,9.977
D029,U-0131,1188,legs,intense,completed,34.0
D029,U-0139,1228,push,intense,completed,22.573
D029,U-0149,1249,pull,standard,completed,11.392
D029,U-0151,1254,push,express,completed,8.251
D029,U-0160,1312,push,express,completed,10.967
D029,U-0164,1350,upper,express,completed,8.303
D029,U-0168,1393,legs,flexible,completed,14.365
D029,U-0169,1461,pull,flexible,completed,24.737
D029,U-0167,1470,push,standard,completed,19.083
D029,U-0170,1495,upper,flexible,completed,9.533
D029,U-0182,1514,legs,standard,completed,21.112
D029,U-0189,1611,legs,intense,completed,27.814
D029,U-0183,1615,push,intense,completed,46.97
D029,U-0195,1632,push,flexible,completed,16.9
D029,U-0200,1666,pull,standard,completed,19.695
D029,U-0193,1716,legs,intense,completed,15.599
D029,U-0202,1740,upper,standard,completed,15.369
D029,U-0212,1766,legs,standard,completed,21.555
D029,U-0203,1820,pull,standard,completed,12.636
D029,U-0226,1864,full_body,express,completed,8.842
D029,U-0222,1874,legs,flexible,completed,25.953
D029,U-0219,1909,legs,intense,completed,16.857
D029,U-0236,1944,upper,express,completed,10.277
D029,U-0232,2001,legs,flexible,completed,18.369
D029,U-0234,2006,push,standard,completed,8.836
D029,U-0251,2020,legs,express,completed,8.875
D029,U-0223,2033,upper,standard,completed,19.163
D029,U-0248,2068,legs,standard,completed,10.15
D029,U-0230,2094,pull,intense,completed,22.012
D029,U-0233,2118,upper,standard,completed,18.303
D029,U-0257,2131,legs,standard,completed,17.147
D029,U-0245,2143,pull,intense,completed,27.093
D029,U-0260,2204,pull,standard,completed,8.67
D029,U-0262,2219,push,intense,completed,16.129
D029,U-0259,2230,pull,standard,completed,24.675
D029,U-0279,2245,legs,flexible,completed,17.121
D029,U-0278,2362,push,standard,completed,16.155
D029,U-0296,2406,full_body,express,completed,9.004
D029,U-0297,2467,pull,standard,completed,10.536
D029,U-0298,2489,upper,standard,completed,22.993
D029,U-0315,2503,push,flexible,completed,21.315
D029,U-0301,2512,full_body,standard,completed,15.109
D029,U-0316,2616,legs,intense,completed,12.864
D029,U-0328,2628,pull,intense,completed,47.048
D029,U-0324,2643,legs,standard,completed,25.505
D029,U-0319,2671,push,intense,completed,14.641
D029,U-0354,2774,legs,flexible,completed,18.306
D029,U-0367,2908,pull,standard,completed,12.051
D029,U-0363,2947,upper,standard,completed,28.0
D029,U-0370,2953,pull,standard,completed,19.004
D029,U-0380,2958,full_body,flexible,completed,21.191
D029,U-0382,2976,push,intense,completed,23.607
D030,U-0002,66,full_body,standard,completed,22.66
D030,U-0010,109,upper,standard,completed,22.076
D030,U-0021,206,legs,standard,completed,13.041
D030,U-0025,287,upper,flexible,completed,13.828
D030,U-0033,297,pull,standard,completed,17.213
D030,U-0030,298,upper,standard,completed,19.086
D030,U-0039,338,push,standard,completed,8.724
D030,U-0038,369,upper,standard,completed,14.635
D030,U-0041,378,pull,intense,completed,19.248
D030,U-0043,410,full_body,intense,completed,30.093
D030,U-0046,429,push,standard,completed,12.485
D030,U-0050,478,push,standard,completed,21.198
D030,U-0048,485,full_body,standard,completed,16.05
D030,U-0054,538,pull,intense,completed,26.478
D030,U-0057,547,legs,standard,completed,11.895
D030,U-0062,551,push,flexible,completed,15.253
D030,U-0060,559,legs,intense,completed,13.122
D030,U-0056,592,upper,intense,completed,34.832
D030,U-0072,600,full_body,flexible,completed,11.463
D030,U-0071,631,legs,standard,completed,20.91
D030,U-0079,688,full_body,standard,completed,17.654
D030,U-0076,710,upper,standard,completed,16.994
D030,U-0088,761,push,standard,completed,15.55
D030,U-0091,826,pull,intense,completed,24.097
D030,U-0100,951,upper,intense,completed,19.453
D030,U-0110,1017,push,intense,completed,27.339
D030,U-0108,1036,pull,intense,completed,30.793
D030,U-0131,1057,push,flexible,completed,29.244
D030,U-0114,1084,pull,intense,completed,26.036
D030,U-0117,1109,full_body,standard,completed,17.982
D030,U-0129,1143,full_body,standard,completed,17.131
D030,U-0135,1159,upper,standard,completed,9.277
D030,U-0134,1190,full_body,standard,completed,11.921
D030,U-0142,1213,upper,standard,completed,15.653
D030,U-0148,1237,legs,standard,completed,14.993
D030,U-0155,1240,push,express,completed,10.636
D030,U-0147,1261,push,intense,completed,26.623
D030,U-0172,1400,push,standard,completed,12.377
D030,U-0164,1438,upper,intense,completed,30.484
D030,U-0175,1459,upper,flexible,completed,25.637
D030,U-0180,1569,legs,intense,completed,43.568
D030,U-0192,1590,push,flexible,completed,13.525
D030,U-0191,1591,full_body,flexible,completed,14.391
D030,U-0193,1651,full_body,standard,completed,17.615
D030,U-0213,1697,pull,express,completed,8.917
D030,U-0199,1701,pull,flexible,completed,24.662
D030,U-0205,1728,push,standard,completed,19.593
D030,U-0204,1752,full_body,flexible,completed,18.944
D030,U-0198,1776,push,standard,completed,20.718
D030,U-0221,1895,pull,intense,completed,18.669
D030,U-0215,1897,full_body,intense,completed,17.196
D030,U-0244,1958,legs,standard,completed,12.372
D030,U-0249,1967,legs,flexible,completed,7.067
D030,U-0247,2002,upper,flexible,completed,10.077
D030,U-0250,2121,push,intense,completed,20.717
D030,U-0264,2135,full_body,standard,completed,13.196
D030,U-0256,2149,upper,intense,completed,23.252
D030,U-0265,2178,pull,standard,completed,19.89
D030,U-0270,2217,legs,standard,completed,22.229
D030,U-0293,2268,legs,flexible,completed,13.384
D030,U-0285,2305,push,standard,completed,21.986
D030,U-0297,2338,pull,standard,completed,15.462
D030,U-0303,2391,legs,flexible,completed,8.103
D030,U-0296,2404,push,standard,completed,16.662
D030,U-0294,2443,upper,intense,completed,23.396
D030,U-0308,2479,push,standard,completed,13.712
D030,U-0309,2480,pull,standard,completed,14.841
D030,U-0305,2485,full_body,standard,completed,21.481
D030,U-0312,2528,pull,standard,completed,15.289
D030,U-0321,2546,legs,flexible,completed,23.334
D030,U-0323,2573,push,flexible,completed,14.019
D030,U-0330,2605,push,standard,completed,27.141
D030,U-0339,2695,pull,flexible,completed,10.88
D030,U-0353,2701,legs,express,completed_failed,9.665
D030,U-0338,2735,legs,intense,completed,47.096
D030,U-0368,2813,legs,flexible,completed,15.141
D030,U-0352,2835,pull,intense,completed,38.544
D030,U-0366,2844,full_body,flexible,completed,16.438
D030,U-0364,2845,legs,intense,completed,46.352
D030,U-0363,2847,push,intense,completed,26.207
D031,U-0002,66,push,standard,completed,19.2
D031,U-0005,84,legs,standard,completed,21.647
D031,U-0003,141,upper,flexible,completed,20.207
D031,U-0012,179,push,standard,completed,15.575
D031,U-0024,210,pull,standard,completed,18.398
D031,U-0025,218,legs,standard,completed,10.566
D031,U-0015,223,push,standard,completed,14.068
D031,U-0026,236,upper,standard,completed,12.797
D031,U-0038,341,push,standard,completed,21.475
D031,U-0039,356,push,flexible,completed,16.259
D031,U-0037,360,pull,flexible,completed,21.422
D031,U-0041,372,pull,standard,completed,15.273
D031,U-0036,411,push,standard,completed,23.312
D031,U-0044,426,legs,flexible,completed,24.921
D031,U-0047,450,push,intense,completed,32.152
D031,U-0073,608,legs,flexible,completed,22.931
D031,U-0066,646,pull,intense,completed,31.611
D031,U-0079,664,upper,express,completed,10.475
D031,U-0071,668,pull,intense,completed,28.436
D031,U-0062,682,upper,standard,completed,22.364
D031,U-0091,788,legs,standard,completed,23.407
D031,U-0104,857,legs,flexible,completed,21.975
D031,U-0100,894,pull,standard,completed,21.622
D031,U-0103,916,legs,standard,completed,22.102
D031,U-0112,956,push,flexible,completed,12.212
D031,U-0102,974,upper,intense,completed,29.191
D031,U-0117,986,push,standard,completed,7.1
D031,U-0118,1015,upper,flexible,completed,17.913
D031,U-0114,1052,upper,standard,completed,28.0
D031,U-0129,1087,push,intense,completed,32.507
D031,U-0126,1097,push,standard,completed,16.429
D031,U-0132,1105,full_body,standard,completed,20.122
D031,U-0137,1184,pull,flexible,completed,18.958
D031,U-0140,1198,full_body,flexible,completed,11.527
D031,U-0144,1214,push,standard,completed,17.129
D031,U-0146,1250,full_body,flexible,completed,13.411
D031,U-0154,1294,push,standard,completed,6.45
D031,U-0152,1332,upper,standard,completed,16.516
D031,U-0161,1392,full_body,flexible,completed,13.426
D031,U-0164,1441,push,intense,completed,28.736
D031,U-0166,1467,full_body,standard,completed,18.831
D031,U-0169,1479,upper,intense,completed,9.74
D031,U-0175,1508,pull,intense,completed,16.976
D031,U-0194,1693,push,standard,completed,17.402
D031,U-0209,1848,pull,intense,completed,30.807
D031,U-0205,1873,upper,standard,completed,10.881
D031,U-0215,1888,legs,flexible,completed,10.453
D031,U-0218,1901,legs,intense,completed,26.981
D031,U-0228,1937,pull,flexible,completed,17.677
D031,U-0219,1980,full_body,standard,completed,14.669
D031,U-0236,2036,full_body,standard,completed,17.759
D031,U-0241,2117,legs,flexible,completed,11.199
D031,U-0253,2169,upper,flexible,completed,7.248
D031,U-0272,2175,legs,express,completed,9.548
D031,U-0246,2190,legs,intense,completed,29.373
D031,U-0276,2192,pull,express,completed,9.611
D031,U-0284,2271,legs,standard,completed,18.915
D031,U-0266,2292,pull,intense,completed,36.355
D031,U-0268,2309,push,standard,completed,19.286
D031,U-0291,2406,upper,flexible,completed,5.953
D031,U-0303,2435,pull,flexible,completed,13.231
D031,U-0294,2450,full_body,standard,completed,14.335
D031,U-0298,2489,pull,intense,completed,12.044
D031,U-0312,2490,legs,standard,completed,25.645
D031,U-0330,2569,pull,express,completed,9.45
D031,U-0311,2586,pull,intense,completed,23.746
D031,U-0326,2703,push,intense,completed,38.736
D031,U-0369,2825,pull,flexible,completed,18.584
D031,U-0367,2873,full_body,flexible,completed,13.992
D031,U-0348,2900,push,standard,completed,18.81
D031,U-0384,2930,upper,standard,completed,13.639
D031,U-0391,2936,full_body,flexible,completed,26.639
D031,U-0393,2937,upper,standard,completed,14.289
D031,U-0382,2938,legs,intense,completed,19.149
D032,U-0002,43,pull,express,completed,10.587
D032,U-0001,55,push,standard,completed,17.025
D032,U-0006,71,full_body,standard,completed,26.544
D032,U-0004,72,pull,standard,completed,11.253
D032,U-0007,103,full_body,flexible,completed,11.906
D032,U-0009,109,push,standard,completed,13.333
D032,U-0017,194,full_body,flexible,completed,20.466
D032,U-0022,224,pull,intense,completed,46.838
D032,U-0046,409,upper,flexible,completed,15.699
D032,U-0044,428,pull,standard,completed,13.639
D032,U-0041,472,push,intense,completed,33.819
D032,U-0053,488,push,intense,completed,15.169
D032,U-0069,577,pull,flexible,completed,14.933
D032,U-0063,581,push,standard,completed,14.457
D032,U-0064,648,upper,standard,completed,22.119
D032,U-0077,783,upper,standard,completed,21.881
D032,U-0087,810,full_body,flexible,completed,7.98
D032,U-0083,811,pull,standard,completed,8.821
D032,U-0089,814,full_body,flexible,completed,8.966
D032,U-0094,869,full_body,flexible,completed,11.068
D032,U-0102,887,pull,flexible,completed,17.141
D032,U-0101,896,upper,flexible,completed,19.102
D032,U-0107,966,upper,flexible,completed,10.331
D032,U-0122,1041,legs,standard,completed,16.049
D032,U-0117,1111,full_body,standard,completed,18.19
D032,U-0148,1198,push,express,completed,7.821
D032,U-0139,1233,upper,flexible,completed,12.926
D032,U-0153,1335,pull,standard,completed,13.361
D032,U-0162,1374,push,flexible,completed,28.86
D032,U-0157,1382,upper,flexible,completed,11.057
D032,U-0171,1429,pull,standard,completed,13.553
D032,U-0176,1513,pull,standard,completed,18.813
D032,U-0187,1591,upper,standard,completed,17.137
D032,U-0204,1658,push,express,completed,9.53
D032,U-0199,1680,push,flexible,completed,21.14
D032,U-0200,1728,pull,flexible,completed,25.476
D032,U-0224,1848,pull,flexible,completed,9.23
D032,U-0246,1980,full_body,flexible,completed,23.121
D032,U-0258,2010,full_body,express,completed,8.434
D032,U-0249,2042,upper,standard,completed,23.384
D032,U-0269,2056,legs,express,completed,10.052
D032,U-0261,2070,upper,flexible,completed,20.407
D032,U-0272,2160,legs,standard,completed,17.233
D032,U-0273,2215,upper,flexible,completed,20.966
D032,U-0292,2284,full_body,express,completed,9.807
D032,U-0298,2314,pull,express,completed,6.826
D032,U-0301,2425,push,flexible,completed,13.209
D032,U-0307,2473,upper,flexible,completed,9.976
D032,U-0323,2482,upper,express,completed,8.654
D032,U-0312,2487,upper,flexible,completed,17.509
D032,U-0302,2498,full_body,intense,completed,27.807
D032,U-0304,2521,legs,intense,completed,20.126
D032,U-0350,2736,legs,standard,completed,16.116
D032,U-0359,2754,full_body,flexible,completed,13.23
D032,U-0360,2792,push,standard,completed,18.426
D032,U-0347,2802,push,intense,completed,32.461
D032,U-0377,2858,pull,standard,completed,14.819
D032,U-0389,2943,legs,intense,completed,34.888
D033,U-0018,162,pull,standard,completed,10.965
D033,U-0009,179,legs,flexible,completed,13.491
D033,U-0013,212,pull,intense,completed,40.535
D033,U-0022,221,legs,standard,completed,27.035
D033,U-0024,226,upper,standard,completed,9.05
D033,U-0016,243,upper,standard,completed,21.958
D033,U-0035,315,pull,standard,completed,12.102
D033,U-0034,319,legs,standard,completed,28.0
D033,U-0043,384,legs,standard,completed,24.543
D033,U-0058,474,legs,express,completed,8.983
D033,U-0056,478,push,standard,completed,14.869
D033,U-0055,546,legs,intense,completed,36.239
D033,U-0061,623,full_body,standard,completed,11.426
D033,U-0071,645,pull,flexible,completed,18.663
D033,U-0069,649,full_body,flexible,completed,19.829
D033,U-0082,731,push,intense,completed,29.78
D033,U-0086,759,pull,flexible,completed,26.98
D033,U-0076,766,legs,intense,completed,34.608
D033,U-0092,818,legs,flexible,completed,10.07
D033,U-0093,848,legs,standard,completed,16.095
D033,U-0094,861,pull,intense,completed,20.446
D033,U-0106,885,full_body,express,completed,10.0
D033,U-0105,936,push,intense,completed,33.263
D033,U-0108,987,push,intense,completed,24.313
D033,U-0102,989,legs,intense,completed,19.602
D033,U-0120,1021,legs,standard,completed,15.714
D033,U-0117,1051,legs,flexible,completed,14.138
D033,U-0112,1052,legs,intense,completed,31.736
D033,U-0131,1133,push,standard,completed,25.819
D033,U-0140,1139,full_body,express,completed,9.703
D033,U-0127,1140,pull,intense,completed,12.312
D033,U-0136,1146,push,standard,completed,20.955
D033,U-0139,1176,pull,flexible,completed,17.091
D033,U-0146,1205,upper,express,completed,8.918
D033,U-0130,1217,full_body,standard,completed,19.078
D033,U-0141,1255,full_body,flexible,completed,21.986
D033,U-0150,1258,push,flexible,completed,11.443
D033,U-0151,1289,push,standard,completed,9.585
D033,U-0142,1307,upper,standard,completed,16.708
D033,U-0152,1361,push,intense,completed,21.001
D033,U-0163,1374,push,standard,completed,16.89
D033,U-0175,1432,pull,flexible,completed,17.1
D033,U-0177,1447,pull,express,completed,9.528
D033,U-0168,1478,full_body,flexible,completed,21.384
D033,U-0179,1506,pull,standard,completed,21.108
D033,U-0180,1560,upper,standard,completed,16.306
D033,U-0187,1634,upper,intense,completed,30.574
D033,U-0198,1669,push,standard,completed,18.517
D033,U-0196,1746,legs,intense,completed,20.091
D033,U-0205,1752,upper,standard,completed,21.602
D033,U-0208,1762,pull,standard,completed,9.275
D033,U-0217,1781,pull,standard,completed,22.804
D033,U-0226,1831,pull,standard,completed,8.557
D033,U-0204,1877,upper,standard,completed,15.284
D033,U-0222,1910,push,intense,completed,15.291
D033,U-0232,1953,legs,intense,completed,30.724
D033,U-0225,1966,upper,standard,completed,14.398
D033,U-0242,2053,pull,flexible,completed,21.162
D033,U-0243,2067,pull,standard,completed,16.277
D033,U-0244,2076,legs,standard,completed,17.607
D033,U-0271,2228,full_body,standard,completed,19.712
D033,U-0300,2320,legs,express,completed,9.836
D033,U-0306,2438,pull,flexible,completed,18.577
D033,U-0307,2445,legs,flexible,completed,19.847
D033,U-0337,2567,pull,flexible,completed,10.063
D033,U-0322,2617,push,standard,completed,25.826
D033,U-0341,2628,legs,standard,completed,11.585
D033,U-0333,2648,full_body,standard,completed,28.0
D033,U-0359,2749,pull,standard,completed,25.7
D033,U-0365,2843,pull,standard,completed,13.102
D033,U-0366,2864,push,standard,completed,20.308
D033,U-0387,2877,push,flexible,completed,16.252
D034,U-0004,68,legs,standard,completed,13.0
D034,U-0002,76,push,standard,completed,26.535
D034,U-0006,96,legs,flexible,completed,21.276
D034,U-0025,205,upper,express,completed,8.804
D034,U-0024,294,full_body,flexible,completed,15.521
D034,U-0036,327,push,standard,completed,19.008
D034,U-0026,344,pull,intense,completed,20.942
D034,U-0038,366,pull,intense,completed,21.208
D034,U-0034,411,upper,intense,completed,35.82
D034,U-0048,432,upper,standard,completed,15.808
D034,U-0051,435,push,flexible,completed,18.04
D034,U-0053,453,legs,standard,completed,23.842
D034,U-0055,460,full_body,standard,completed,18.534
D034,U-0054,494,upper,standard,completed,21.161
D034,U-0065,536,pull,flexible,completed,15.916
D034,U-0068,562,push,flexible,completed,21.404
D034,U-0063,610,legs,intense,completed,24.479
D034,U-0081,664,pull,standard,completed,19.081
D034,U-0073,675,full_body,standard,completed,15.839
D034,U-0085,746,legs,intense,completed,29.924
D034,U-0092,765,legs,flexible,completed,24.562
D034,U-0095,835,legs,intense,completed,21.85
D034,U-0103,860,push,flexible,completed,19.923
D034,U-0102,867,legs,flexible,completed,25.328
D034,U-0111,969,legs,intense,completed,20.642
D034,U-0106,978,full_body,standard,completed,17.482
D034,U-0114,990,pull,express,completed,9.384
D034,U-0118,1004,pull,standard,completed,18.288
D034,U-0122,1028,pull,standard,completed,19.555
D034,U-0130,1137,full_body,standard,completed,10.428
D034,U-0140,1171,full_body,flexible,completed,10.506
D034,U-0145,1197,push,standard,completed,14.09
D034,U-0150,1247,upper,express,completed,11.436
D034,U-0151,1298,full_body,standard,completed,22.62
D034,U-0156,1318,full_body,standard,completed,23.525
D034,U-0164,1323,full_body,express,completed,9.5
D034,U-0157,1324,push,standard,completed,17.975
D034,U-0155,1330,push,intense,completed,31.643
D034,U-0165,1372,full_body,flexible,completed,26.558
D034,U-0166,1398,upper,flexible,completed,13.447
D034,U-0178,1451,legs,standard,completed,28.0
D034,U-0182,1522,legs,standard,completed,13.378
D034,U-0190,1592,pull,intense,completed,40.441
D034,U-0183,1598,upper,standard,completed,17.905
D034,U-0193,1621,legs,flexible,completed,9.128
D034,U-0188,1630,push,intense,completed,14.073
D034,U-0202,1738,upper,flexible,completed,19.32
D034,U-0210,1746,legs,flexible,completed,8.943
D034,U-0218,1860,legs,intense,completed,17.038
D034,U-0258,2024,push,flexible,completed,15.071
D034,U-0244,2072,full_body,standard,completed,9.711
D034,U-0260,2158,push,intense,completed,24.415
D034,U-0265,2180,push,standard,completed,21.393
D034,U-0276,2195,upper,express,completed,7.772
D034,U-0256,2220,pull,intense,completed,12.557
D034,U-0273,2275,legs,intense,completed,20.428
D034,U-0282,2302,upper,express,completed,9.164
D034,U-0301,2327,legs,flexible,completed,22.108
D034,U-0274,2365,legs,intense,completed,21.027
D034,U-0284,2382,push,intense,completed,20.312
D034,U-0312,2446,upper,express,completed,8.968
D034,U-0327,2520,upper,express,completed,9.985
D034,U-0361,2680,legs,flexible,completed,15.944
D034,U-0359,2718,full_body,flexible,completed,20.396
D034,U-0347,2734,pull,standard,completed,15.783
D034,U-0363,2739,pull,standard,completed,19.873
D035,U-0001,56,upper,intense,completed,37.634
D035,U-0005,75,pull,flexible,completed,18.425
D035,U-0010,183,push,intense,completed,17.277
D035,U-0018,216,pull,flexible,completed,21.486
D035,U-0026,230,pull,standard,completed,10.749
D035,U-0019,232,upper,standard,completed,14.006
D035,U-0023,245,pull,standard,completed,19.363
D035,U-0024,263,pull,standard,completed,16.062
D035,U-0030,271,legs,standard,completed,19.269
D035,U-0045,377,upper,express,completed,7.357
D035,U-0050,426,pull,standard,completed_failed,21.517
D035,U-0055,476,pull,standard,completed,14.125
D035,U-0051,478,legs,flexible,completed,20.212
D035,U-0047,498,legs,intense,completed,34.622
D035,U-0062,515,push,express,completed,7.417
D035,U-0059,546,pull,standard,completed,10.861
D035,U-0064,590,full_body,flexible,completed,17.354
D035,U-0088,828,push,intense,completed,24.484
D035,U-0102,866,full_body,flexible,completed,18.01
D035,U-0109,911,push,standard,completed,16.402
D035,U-0116,970,pull,flexible,completed,12.028
D035,U-0106,976,push,intense,completed,19.602
D035,U-0122,994,legs,standard,completed,7.097
D035,U-0121,1008,push,flexible,completed,9.388
D035,U-0123,1026,push,standard,completed,12.201
D035,U-0125,1030,pull,intense,completed,19.011
D035,U-0113,1036,push,intense,completed,28.906
D035,U-0131,1094,full_body,flexible,completed,13.548
D035,U-0146,1174,push,intense,completed,21.137
D035,U-0142,1183,full_body,flexible,completed,19.349
D035,U-0147,1191,upper,flexible,completed,18.701
D035,U-0134,1192,upper,standard,completed,22.557
D035,U-0160,1281,upper,flexible,completed,16.177
D035,U-0154,1302,upper,standard,completed,27.449
D035,U-0165,1363,full_body,flexible,completed,21.935
D035,U-0172,1391,legs,standard,completed,16.38
D035,U-0175,1435,pull,standard,completed,10.615
D035,U-0179,1482,push,intense,completed,31.416
D035,U-0191,1573,push,standard,completed,22.142
D035,U-0195,1597,push,intense,completed,30.808
D035,U-0194,1610,legs,standard,completed,11.362
D035,U-0201,1624,pull,standard,completed,15.979
D035,U-0196,1662,upper,standard,completed,19.801
D035,U-0207,1682,upper,standard,completed,19.091
D035,U-0203,1695,legs,standard,completed,14.205
D035,U-0210,1723,upper,intense,completed,28.094
D035,U-0211,1734,push,intense,completed,45.931
D035,U-0209,1750,push,intense,completed,19.136
D035,U-0228,1855,full_body,express,completed,9.098
D035,U-0227,1858,full_body,express,completed,9.219
D035,U-0221,1860,upper,flexible,completed,20.337
D035,U-0245,1931,push,express,completed,6.973
D035,U-0240,1954,full_body,express,completed,7.77
D035,U-0248,2002,legs,flexible,completed,11.727
D035,U-0243,2009,pull,standard,completed,13.442
D035,U-0246,2057,full_body,flexible,completed,23.319
D035,U-0253,2068,upper,standard,completed,18.787
D035,U-0247,2078,upper,standard,completed,23.197
D035,U-0252,2091,upper,standard,completed,14.975
D035,U-0259,2123,upper,flexible,completed,15.838
D035,U-0262,2167,upper,standard,completed,18.149
D035,U-0261,2177,upper,standard,completed,12.301
D035,U-0268,2189,pull,flexible,completed,17.21
D035,U-0269,2207,legs,standard,completed,21.269
D035,U-0280,2228,full_body,express,completed,8.53
D035,U-0273,2235,legs,flexible,completed,22.442
D035,U-0271,2255,upper,flexible,completed,10.486
D035,U-0266,2280,upper,intense,completed,20.442
D035,U-0288,2286,legs,flexible,completed,17.64
D035,U-0276,2366,full_body,intense,completed,41.059
D035,U-0336,2568,push,express,completed,9.433
D035,U-0329,2600,pull,standard,completed,19.515
D035,U-0339,2687,pull,intense,completed,28.837
D035,U-0347,2691,full_body,flexible,completed,15.053
D035,U-0343,2696,upper,standard,completed,14.06
D036,U-0004,84,upper,standard,completed,13.804
D036,U-0013,139,legs,flexible,completed,12.943
D036,U-0009,146,legs,intense,completed,15.115
D036,U-0021,225,upper,standard,completed,25.311
D036,U-0032,286,legs,standard,completed,9.04
D036,U-0037,333,full_body,standard,completed,13.887
D036,U-0039,346,pull,flexible,completed,13.067
D036,U-0038,369,full_body,standard,completed,22.702
D036,U-0048,420,push,flexible,completed,14.526
D036,U-0041,436,full_body,intense,completed,36.937
D036,U-0053,466,pull,flexible,completed,13.704
D036,U-0052,494,upper,standard,completed,28.0
D036,U-0061,516,full_body,standard,completed,17.931
D036,U-0066,579,pull,standard,completed,18.655
D036,U-0078,650,legs,standard,completed,11.454
D036,U-0072,668,upper,standard,completed,13.525
D036,U-0089,753,legs,flexible,completed,12.632
D036,U-0076,758,push,intense,completed,13.906
D036,U-0088,780,push,standard,completed,21.535
D036,U-0096,830,pull,intense,completed,33.635
D036,U-0094,841,pull,flexible,completed,9.949
D036,U-0102,891,legs,standard,completed,12.734
D036,U-0098,907,pull,intense,completed,29.142
D036,U-0117,949,pull,standard,completed,14.791
D036,U-0120,1003,pull,intense,completed,18.284
D036,U-0122,1062,upper,standard,completed,15.161
D036,U-0127,1092,upper,standard,completed,15.213
D036,U-0140,1138,push,express,completed,10.235
D036,U-0142,1158,legs,standard,completed,14.874
D036,U-0155,1217,pull,express,completed,8.133
D036,U-0152,1243,full_body,flexible,completed,15.187
D036,U-0150,1249,full_body,standard,completed,13.959
D036,U-0157,1282,full_body,standard,completed,19.256
D036,U-0176,1404,pull,express,completed,10.57
D036,U-0167,1452,legs,intense,completed,20.053
D036,U-0175,1471,upper,standard,completed,21.536
D036,U-0187,1506,push,standard,completed,23.735
D036,U-0191,1603,upper,standard,completed,18.739
D036,U-0199,1661,upper,flexible,completed,15.686
D036,U-0222,1760,legs,flexible,completed,20.515
D036,U-0202,1764,full_body,intense,completed,46.452
D036,U-0211,1784,pull,standard,completed,11.988
D036,U-0228,1955,upper,intense,completed,23.546
D036,U-0237,1958,push,standard,completed,12.171
D036,U-0245,1976,push,standard,completed,12.875
D036,U-0238,2049,pull,intense,completed,25.98
D036,U-0283,2178,pull,express,completed,6.934
D036,U-0265,2193,legs,intense,completed,33.349
D036,U-0289,2239,upper,express,completed,9.435
D036,U-0271,2268,push,intense,completed,21.458
D036,U-0287,2274,pull,standard,completed,9.552
D036,U-0300,2292,pull,express,completed,8.546
D036,U-0305,2385,pull,flexible,completed,10.325
D036,U-0303,2463,upper,standard,completed,14.225
D036,U-0311,2477,pull,standard,completed,20.71
D036,U-0310,2501,legs,standard,completed,20.457
D036,U-0312,2519,pull,standard,completed,28.0
D036,U-0316,2556,legs,intense,completed,24.031
D036,U-0309,2608,full_body,standard,completed,23.928
D036,U-0325,2655,full_body,flexible,completed,14.137
D036,U-0359,2791,legs,intense,completed,31.288
D036,U-0383,2869,pull,standard,completed,10.401
D036,U-0378,2874,upper,standard,completed,14.761
D036,U-0368,2878,legs,intense,completed,28.494
D036,U-0381,2885,push,intense,completed,19.247
D036,U-0376,2889,pull,intense,completed,19.457
D037,U-0006,113,push,standard,completed,11.555
D037,U-0008,116,push,flexible,completed,16.022
D037,U-0016,178,push,standard,completed,17.681
D037,U-0025,179,legs,express,completed,7.2
D037,U-0012,194,legs,intense,completed,14.942
D037,U-0002,204,upper,standard,completed,23.225
D037,U-0013,214,full_body,standard,completed,28.0
D037,U-0011,225,upper,standard,completed,16.762
D037,U-0024,244,upper,flexible,completed,17.558
D037,U-0019,251,upper,intense,completed,19.412
D037,U-0018,260,legs,intense,completed,19.979
D037,U-0017,275,pull,intense,completed,21.907
D037,U-0036,305,push,express,completed,8.251
D037,U-0040,354,pull,flexible,completed,22.758
D037,U-0043,383,push,standard,completed,25.544
D037,U-0044,427,pull,standard,completed,11.137
D037,U-0060,614,full_body,flexible,completed,12.838
D037,U-0071,666,full_body,flexible,completed,16.115
D037,U-0080,677,pull,standard,completed,15.425
D037,U-0067,683,legs,intense,completed,25.081
D037,U-0075,685,legs,standard,completed,17.723
D037,U-0074,713,push,intense,completed,35.401
D037,U-0086,820,push,intense,completed,33.501
D037,U-0089,851,full_body,intense,completed,11.692
D037,U-0100,863,push,standard,completed,23.314
D037,U-0110,963,upper,flexible,completed,19.675
D037,U-0105,965,pull,intense,completed,17.803
D037,U-0131,1033,legs,express,completed,11.49
D037,U-0126,1064,pull,standard,completed,19.942
D037,U-0118,1103,upper,standard,completed,19.885
D037,U-0124,1123,legs,intense,completed,39.528
D037,U-0123,1127,pull,intense,completed,23.013
D037,U-0127,1214,full_body,intense,completed,29.798
D037,U-0163,1261,upper,express,completed,11.168
D037,U-0149,1276,push,flexible,completed,11.84
D037,U-0175,1384,full_body,express,completed,9.661
D037,U-0173,1389,push,standard,completed,13.839
D037,U-0174,1414,full_body,flexible,completed,17.855
D037,U-0171,1442,upper,standard,completed,11.416
D037,U-0184,1505,push,flexible,completed,20.372
D037,U-0185,1515,full_body,flexible,completed,24.431
D037,U-0187,1592,full_body,flexible,completed,13.114
D037,U-0197,1609,upper,standard,completed,8.403
D037,U-0201,1619,legs,intense,completed,24.584
D037,U-0229,1913,full_body,standard,completed,8.953
D037,U-0233,1924,full_body,intense,completed,30.852
D037,U-0239,1930,legs,flexible,completed,12.638
D037,U-0231,1966,upper,standard,completed,28.0
D037,U-0248,2069,legs,flexible,completed,17.385
D037,U-0267,2074,upper,express,completed,10.433
D037,U-0263,2152,upper,flexible,completed,16.163
D037,U-0261,2185,legs,intense,completed,37.356
D037,U-0280,2191,pull,flexible,completed,22.074
D037,U-0271,2248,legs,intense,completed,33.119
D037,U-0293,2312,push,flexible,completed,8.794
D037,U-0297,2342,full_body,express,completed,8.458
D037,U-0290,2409,push,intense,completed,41.81
D037,U-0286,2450,full_body,standard,completed,22.459
D037,U-0312,2518,legs,flexible,completed,17.404
D037,U-0318,2620,legs,intense,completed,20.154
D037,U-0341,2677,pull,flexible,completed,17.992
D037,U-0340,2725,legs,standard,completed,28.0
D037,U-0361,2732,legs,flexible,completed,16.802
D037,U-0357,2748,upper,flexible,completed,11.207
D037,U-0354,2830,full_body,standard,completed,11.588
D037,U-0375,2894,legs,flexible,completed,13.641
D037,U-0371,2906,push,standard,completed,11.562
D037,U-0390,3033,legs,standard,completed,13.568
D037,U-0406,3051,upper,flexible,completed,20.761
D037,U-0402,3055,full_body,flexible,completed,16.955
D037,U-0404,3061,legs,standard,completed,17.193
D037,U-0403,3067,pull,standard,completed,22.001
D037,U-0414,3079,upper,standard,completed,14.149
D038,U-0011,130,legs,flexible,completed,6.699
D038,U-0010,131,upper,flexible,completed,13.632
D038,U-0016,147,pull,flexible,completed,15.332
D038,U-0012,165,push,intense,completed,19.144
D038,U-0024,254,upper,flexible,completed,15.473
D038,U-0028,265,legs,standard,completed,22.811
D038,U-0027,279,legs,intense,completed,27.455
D038,U-0029,294,push,flexible,completed,8.861
D038,U-0036,357,upper,flexible,completed,18.956
D038,U-0044,375,pull,express,completed,7.031
D038,U-0042,406,pull,standard,completed,16.433
D038,U-0050,450,legs,flexible,completed,27.073
D038,U-0054,509,full_body,flexible,completed,12.137
D038,U-0057,522,legs,flexible,completed,20.27
D038,U-0056,566,full_body,intense,completed,29.514
D038,U-0064,623,full_body,standard,completed,28.0
D038,U-0070,631,upper,express,completed,8.373
D038,U-0071,653,legs,standard,completed,20.481
D038,U-0076,682,upper,standard,completed,12.711
D038,U-0075,738,legs,intense,completed,33.097
D038,U-0097,898,full_body,standard,completed,20.675
D038,U-0087,905,legs,intense,completed,32.47
D038,U-0111,919,push,express,completed,8.767
D038,U-0105,932,legs,flexible,completed,23.237
D038,U-0106,948,upper,flexible,completed,20.22
D038,U-0099,971,full_body,standard,completed,14.901
D038,U-0110,997,pull,flexible,completed,18.748
D038,U-0121,1076,pull,intense,completed,20.91
D038,U-0127,1110,pull,standard,completed,20.953
D038,U-0124,1120,pull,intense,completed,30.482
D038,U-0133,1148,full_body,flexible,completed,13.373
D038,U-0135,1185,full_body,standard,completed,18.174
D038,U-0146,1279,legs,standard,completed,20.022
D038,U-0154,1374,upper,standard,completed,12.387
D038,U-0155,1408,upper,standard,completed,12.002
D038,U-0177,1453,pull,flexible,completed,12.73
D038,U-0156,1454,legs,intense,completed,28.781
D038,U-0170,1463,push,intense,completed,26.101
D038,U-0183,1532,full_body,standard,completed,10.526
D038,U-0184,1580,pull,intense,completed,27.333
D038,U-0188,1652,legs,intense,completed,29.164
D038,U-0196,1672,upper,flexible,completed,15.524
D038,U-0187,1689,pull,intense,completed,13.932
D038,U-0193,1715,upper,intense,completed,27.303
D038,U-0263,2128,full_body,flexible,completed,9.551
D038,U-0279,2216,full_body,flexible,completed,14.41
D038,U-0303,2305,upper,express,completed,8.277
D038,U-0280,2336,push,intense,completed,37.524
D038,U-0286,2340,upper,standard,completed,11.368
D038,U-0293,2408,push,standard,completed,20.236
D038,U-0325,2448,upper,express,completed,9.154
D038,U-0345,2510,pull,express,completed,10.186
D038,U-0337,2555,legs,flexible,completed,22.858
D038,U-0321,2601,push,standard,completed,12.7
D038,U-0351,2665,full_body,standard,completed,17.101
D038,U-0354,2725,upper,standard,completed,19.352
D038,U-0357,2740,full_body,flexible,completed,10.178
D038,U-0368,2769,pull,standard,completed,28.0
D038,U-0365,2771,pull,standard,completed,11.092
D038,U-0381,2786,legs,flexible,completed,19.821
D039,U-0004,127,full_body,intense,completed,13.912
D039,U-0016,230,full_body,standard,completed,15.093
D039,U-0024,294,legs,standard,completed,21.645
D039,U-0044,348,push,express,completed,9.643
D039,U-0030,351,pull,flexible,completed,17.602
D039,U-0042,358,upper,express,completed,10.843
D039,U-0041,425,upper,standard,completed,20.337
D039,U-0057,490,push,standard,completed,15.905
D039,U-0051,494,pull,intense,completed,24.905
D039,U-0058,504,legs,flexible,completed,15.491
D039,U-0062,606,push,intense,completed,33.499
D039,U-0072,661,upper,standard,completed,11.974
D039,U-0075,671,legs,intense,completed,18.939
D039,U-0079,713,pull,intense,completed,18.982
D039,U-0098,791,legs,express,completed,8.421
D039,U-0097,814,legs,standard,completed,12.503
D039,U-0091,836,push,intense,completed,20.978
D039,U-0112,997,push,intense,completed,11.21
D039,U-0114,1006,legs,intense,completed,41.867
D039,U-0124,1069,legs,intense,completed,17.274
D039,U-0140,1162,legs,flexible,completed,14.746
D039,U-0143,1168,push,intense,completed,17.781
D039,U-0133,1192,pull,intense,completed,48.605
D039,U-0136,1212,legs,intense,completed,22.281
D039,U-0154,1281,push,standard,completed,28.0
D039,U-0156,1321,pull,standard,completed,7.072
D039,U-0173,1370,full_body,express,completed,9.903
D039,U-0161,1391,legs,intense,completed,40.69
D039,U-0170,1450,legs,intense,completed,30.147
D039,U-0181,1454,pull,standard,completed,20.044
D039,U-0198,1540,pull,express,completed,7.272
D039,U-0189,1561,legs,flexible,completed,17.953
D039,U-0194,1566,full_body,standard,completed,23.396
D039,U-0196,1591,push,standard,completed,14.057
D039,U-0209,1655,pull,flexible,completed,9.831
D039,U-0200,1657,push,intense,completed,26.156
D039,U-0203,1660,push,standard,completed,19.733
D039,U-0202,1690,pull,standard,completed,24.226
D039,U-0205,1707,push,intense,completed,20.731
D039,U-0218,1721,push,express,completed,7.538
D039,U-0211,1781,push,standard,completed,24.469
D039,U-0221,1799,full_body,flexible,completed,13.436
D039,U-0224,1812,legs,intense,completed,13.791
D039,U-0222,1817,full_body,flexible,completed,25.015
D039,U-0216,1827,upper,standard,completed,6.924
D039,U-0219,1867,pull,intense,completed,28.026
D039,U-0233,1891,pull,standard,completed,22.213
D039,U-0238,1985,push,flexible,completed,8.636
D039,U-0239,1994,legs,flexible,completed,12.97
D039,U-0260,2044,pull,express,completed,8.693
D039,U-0241,2059,upper,standard,completed,15.432
D039,U-0251,2065,legs,flexible,completed,10.843
D039,U-0254,2080,pull,standard,completed,14.055
D039,U-0253,2093,push,flexible,completed,11.781
D039,U-0261,2145,pull,standard,completed,14.06
D039,U-0259,2167,full_body,standard,completed,21.367
D039,U-0282,2209,full_body,express,completed,10.438
D039,U-0275,2226,upper,flexible,completed,8.625
D039,U-0273,2244,legs,intense,completed,12.662
D039,U-0290,2265,legs,express,completed,10.16
D039,U-0287,2287,pull,standard,completed,23.161
D039,U-0299,2496,pull,intense,completed,25.831
D039,U-0307,2526,pull,standard,completed,24.085
D039,U-0318,2551,legs,flexible,completed,24.764
D039,U-0302,2572,push,intense,completed,29.618
D039,U-0319,2630,pull,intense,completed,22.87
D039,U-0328,2689,full_body,standard,completed,16.57
D039,U-0352,2780,full_body,standard,completed,14.231
D039,U-0344,2805,pull,intense,completed,31.076
D039,U-0359,2818,upper,flexible,completed,15.471
D039,U-0360,2849,pull,standard,completed,23.827
D039,U-0374,2864,pull,express,completed,9.438
D039,U-0373,2968,pull,intense,completed,27.569
D039,U-0369,2982,legs,intense,completed,9.827
D039,U-0392,3000,pull,standard,completed,18.3
D039,U-0377,3023,full_body,standard,completed,16.697
D040,U-0003,97,upper,standard,completed,20.803
D040,U-0005,119,full_body,flexible,completed,18.493
D040,U-0011,162,full_body,flexible,completed,14.421
D040,U-0012,173,upper,flexible,completed,26.886
D040,U-0025,220,pull,express,completed,8.394
D040,U-0013,221,upper,standard,completed,24.473
D040,U-0027,242,upper,express,completed,8.293
D040,U-0026,255,push,standard,completed,22.203
D040,U-0030,269,pull,standard,completed,22.267
D040,U-0037,306,legs,flexible,completed,15.525
D040,U-0024,353,push,intense,completed,21.669
D040,U-0041,393,pull,standard,completed,12.645
D040,U-0039,437,full_body,intense,completed,21.693
D040,U-0050,483,upper,standard,completed,28.0
D040,U-0057,521,legs,intense,completed,28.829
D040,U-0055,526,legs,standard,completed,18.198
D040,U-0071,618,full_body,express,completed,9.787
D040,U-0072,647,pull,standard,completed,18.323
D040,U-0076,702,push,intense,completed,28.941
D040,U-0105,897,push,standard,completed,20.772
D040,U-0097,903,pull,standard,completed,13.282
D040,U-0090,930,upper,intense,completed,21.011
D040,U-0123,1021,legs,flexible,completed,14.415
D040,U-0116,1050,legs,standard,completed,19.004
D040,U-0125,1074,full_body,standard,completed,26.664
D040,U-0130,1109,upper,intense,completed,20.192
D040,U-0136,1120,full_body,flexible,completed,10.189
D040,U-0126,1123,full_body,standard,completed,13.796
D040,U-0124,1132,push,intense,completed,27.641
D040,U-0140,1218,upper,standard,completed,24.685
D040,U-0158,1246,pull,express,completed,7.557
D040,U-0148,1266,pull,intense,completed,36.705
D040,U-0151,1282,push,flexible,completed,11.314
D040,U-0154,1290,legs,flexible,completed,15.576
D040,U-0149,1302,upper,standard,completed,28.0
D040,U-0146,1328,upper,intense,completed,25.308
D040,U-0161,1340,full_body,flexible,completed,17.322
D040,U-0174,1402,push,express,completed,8.099
D040,U-0170,1446,pull,intense,completed_failed,18.744
D040,U-0173,1458,pull,flexible,completed,12.592
D040,U-0176,1471,legs,intense,completed,25.159
D040,U-0179,1503,pull,standard,completed,12.458
D040,U-0183,1507,legs,standard,completed,14.183
D040,U-0193,1568,pull,express,completed,9.142
D040,U-0190,1599,pull,standard,completed,9.951
D040,U-0194,1628,legs,flexible,completed,9.758
D040,U-0184,1643,push,intense,completed,23.616
D040,U-0198,1697,upper,flexible,completed,13.855
D040,U-0199,1754,legs,intense,completed,25.464
D040,U-0209,1780,legs,flexible,completed,23.482
D040,U-0210,1786,pull,flexible,completed,14.117
D040,U-0211,1851,legs,intense,completed,14.204
D040,U-0237,1917,pull,flexible,completed,10.499
D040,U-0223,1961,pull,intense,completed,34.248
D040,U-0230,1985,pull,flexible,completed,16.46
D040,U-0235,1986,legs,standard,completed,20.081
D040,U-0270,2139,upper,flexible,completed,24.958
D040,U-0272,2151,pull,standard,completed,15.635
D040,U-0284,2265,push,intense,completed,13.473
D040,U-0289,2297,push,flexible,completed,19.773
D040,U-0293,2393,full_body,intense,completed,10.065
D040,U-0297,2440,push,standard,completed,19.097
D040,U-0317,2451,legs,flexible,completed,20.953
D040,U-0309,2478,legs,intense,completed,33.595
D040,U-0313,2492,legs,flexible,completed,20.928
D040,U-0325,2546,push,flexible,completed,15.795
D040,U-0335,2660,pull,standard,completed,28.0
D040,U-0337,2735,upper,flexible,completed,14.795
D040,U-0328,2742,legs,intense,completed,50.544
D040,U-0354,2802,legs,standard,completed,21.662
D040,U-0352,2812,upper,flexible,completed,25.461
D040,U-0386,3002,pull,intense,completed,16.364
